country_iso3,year,pillar_code,region_code,trajectory_class,trajectory_signal,intervention_family_label,intervention_priority_class,pillar_direction,nb_indicators_observed
AGO,2020,PECO,AFC,PROGRESSING,PROGRESSION_SIGNAL,Diversification économique,PRIORITY_STANDARD,IMPROVEMENT,151
AGO,2020,PENV,AFC,CRITICAL,DECLINE_SIGNAL,Résilience environnementale,PRIORITY_CRITICAL,STRONG_DETERIORATION,106
AGO,2020,PGEO,AFC,STABLE,STABILITY_SIGNAL,Gouvernance géopolitique et stabilité,PRIORITY_STANDARD,STABLE,121
AGO,2020,PHUM,AFC,STABLE,STABILITY_SIGNAL,Capital humain,PRIORITY_STANDARD,STABLE,119
AGO,2020,PMIL,AFC,PROGRESSING,PROGRESSION_SIGNAL,Résilience sécuritaire,PRIORITY_STANDARD,IMPROVEMENT,117
AGO,2020,PMIN,AFC,PROGRESSING,PROGRESSION_SIGNAL,Chaîne de valeur minière,PRIORITY_STANDARD,IMPROVEMENT,406
AGO,2020,PMON,AFC,ACCELERATING,PROGRESSION_SIGNAL,Résilience monétaire et financière,PRIORITY_STANDARD,STRONG_IMPROVEMENT,99
AGO,2020,PNUM,AFC,PROGRESSING,PROGRESSION_SIGNAL,Souveraineté numérique,PRIORITY_STANDARD,IMPROVEMENT,111
AGO,2020,PRES,AFC,PROGRESSING,PROGRESSION_SIGNAL,Certification énergie-eau,PRIORITY_STANDARD,IMPROVEMENT,98
AGO,2020,PTRA,AFC,CRITICAL,DETERIORATION_ALERT,Transport et logistique,PRIORITY_CRITICAL,STRONG_DETERIORATION,149
AGO,2021,PECO,AFC,PROGRESSING,PROGRESSION_SIGNAL,Diversification économique,PRIORITY_STANDARD,IMPROVEMENT,151
AGO,2021,PENV,AFC,CRITICAL,DECLINE_SIGNAL,Résilience environnementale,PRIORITY_CRITICAL,STRONG_DETERIORATION,108
AGO,2021,PGEO,AFC,STABLE,STABILITY_SIGNAL,Gouvernance géopolitique et stabilité,PRIORITY_STANDARD,STABLE,123
AGO,2021,PHUM,AFC,STABLE,STABILITY_SIGNAL,Capital humain,PRIORITY_STANDARD,STABLE,119
AGO,2021,PMIL,AFC,PROGRESSING,PROGRESSION_SIGNAL,Résilience sécuritaire,PRIORITY_STANDARD,IMPROVEMENT,148
AGO,2021,PMIN,AFC,PROGRESSING,PROGRESSION_SIGNAL,Chaîne de valeur minière,PRIORITY_STANDARD,IMPROVEMENT,249
AGO,2021,PMON,AFC,ACCELERATING,ACCELERATION_SIGNAL,Résilience monétaire et financière,PRIORITY_STANDARD,STRONG_IMPROVEMENT,99
AGO,2021,PNUM,AFC,PROGRESSING,PROGRESSION_SIGNAL,Souveraineté numérique,PRIORITY_STANDARD,IMPROVEMENT,114
AGO,2021,PRES,AFC,PROGRESSING,PROGRESSION_SIGNAL,Certification énergie-eau,PRIORITY_STANDARD,IMPROVEMENT,98
AGO,2021,PTRA,AFC,CRITICAL,DETERIORATION_ALERT,Transport et logistique,PRIORITY_CRITICAL,STRONG_DETERIORATION,149
AGO,2022,PECO,AFC,PROGRESSING,PROGRESSION_SIGNAL,Diversification économique,PRIORITY_STANDARD,IMPROVEMENT,151
AGO,2022,PENV,AFC,CRITICAL,DETERIORATION_ALERT,Résilience environnementale,PRIORITY_CRITICAL,STRONG_DETERIORATION,154
AGO,2022,PGEO,AFC,STABLE,STABILITY_SIGNAL,Gouvernance géopolitique et stabilité,PRIORITY_STANDARD,STABLE,121
AGO,2022,PHUM,AFC,STABLE,STABILITY_SIGNAL,Capital humain,PRIORITY_STANDARD,STABLE,119
AGO,2022,PMIL,AFC,PROGRESSING,PROGRESSION_SIGNAL,Résilience sécuritaire,PRIORITY_STANDARD,IMPROVEMENT,148
AGO,2022,PMIN,AFC,PROGRESSING,PROGRESSION_SIGNAL,Chaîne de valeur minière,PRIORITY_STANDARD,IMPROVEMENT,375
AGO,2022,PMON,AFC,ACCELERATING,ACCELERATION_SIGNAL,Résilience monétaire et financière,PRIORITY_STANDARD,STRONG_IMPROVEMENT,130
AGO,2022,PNUM,AFC,PROGRESSING,PROGRESSION_SIGNAL,Souveraineté numérique,PRIORITY_STANDARD,IMPROVEMENT,111
AGO,2022,PRES,AFC,PROGRESSING,PROGRESSION_SIGNAL,Certification énergie-eau,PRIORITY_STANDARD,IMPROVEMENT,253
AGO,2022,PTRA,AFC,CRITICAL,DETERIORATION_ALERT,Transport et logistique,PRIORITY_CRITICAL,STRONG_DETERIORATION,180
AGO,2023,PECO,AFC,PROGRESSING,PROGRESSION_SIGNAL,Diversification économique,PRIORITY_STANDARD,IMPROVEMENT,151
AGO,2023,PENV,AFC,CRITICAL,DETERIORATION_ALERT,Résilience environnementale,PRIORITY_CRITICAL,STRONG_DETERIORATION,158
AGO,2023,PGEO,AFC,STABLE,STABILITY_SIGNAL,Gouvernance géopolitique et stabilité,PRIORITY_STANDARD,STABLE,122
AGO,2023,PHUM,AFC,STABLE,STABILITY_SIGNAL,Capital humain,PRIORITY_STANDARD,STABLE,143
AGO,2023,PMIL,AFC,PROGRESSING,PROGRESSION_SIGNAL,Résilience sécuritaire,PRIORITY_STANDARD,IMPROVEMENT,149
AGO,2023,PMIN,AFC,PROGRESSING,PROGRESSION_SIGNAL,Chaîne de valeur minière,PRIORITY_STANDARD,IMPROVEMENT,373
AGO,2023,PMON,AFC,ACCELERATING,PROGRESSION_SIGNAL,Résilience monétaire et financière,PRIORITY_STANDARD,STRONG_IMPROVEMENT,130
AGO,2023,PNUM,AFC,PROGRESSING,PROGRESSION_SIGNAL,Souveraineté numérique,PRIORITY_STANDARD,IMPROVEMENT,84
AGO,2023,PRES,AFC,PROGRESSING,PROGRESSION_SIGNAL,Certification énergie-eau,PRIORITY_STANDARD,IMPROVEMENT,315
AGO,2023,PTRA,AFC,CRITICAL,DETERIORATION_ALERT,Transport et logistique,PRIORITY_CRITICAL,STRONG_DETERIORATION,219
AGO,2024,PECO,AFC,PROGRESSING,PROGRESSION_SIGNAL,Diversification économique,PRIORITY_STANDARD,IMPROVEMENT,151
AGO,2024,PENV,AFC,CRITICAL,DECLINE_SIGNAL,Résilience environnementale,PRIORITY_CRITICAL,STRONG_DETERIORATION,166
AGO,2024,PGEO,AFC,STABLE,STABILITY_SIGNAL,Gouvernance géopolitique et stabilité,PRIORITY_STANDARD,STABLE,121
AGO,2024,PHUM,AFC,STABLE,STABILITY_SIGNAL,Capital humain,PRIORITY_STANDARD,STABLE,148
AGO,2024,PMIL,AFC,PROGRESSING,PROGRESSION_SIGNAL,Résilience sécuritaire,PRIORITY_STANDARD,IMPROVEMENT,149
AGO,2024,PMIN,AFC,PROGRESSING,PROGRESSION_SIGNAL,Chaîne de valeur minière,PRIORITY_STANDARD,IMPROVEMENT,375
AGO,2024,PMON,AFC,ACCELERATING,ACCELERATION_SIGNAL,Résilience monétaire et financière,PRIORITY_STANDARD,STRONG_IMPROVEMENT,130
AGO,2024,PNUM,AFC,PROGRESSING,PROGRESSION_SIGNAL,Souveraineté numérique,PRIORITY_STANDARD,IMPROVEMENT,81
AGO,2024,PRES,AFC,PROGRESSING,PROGRESSION_SIGNAL,Certification énergie-eau,PRIORITY_STANDARD,IMPROVEMENT,346
AGO,2024,PTRA,AFC,CRITICAL,DETERIORATION_ALERT,Transport et logistique,PRIORITY_CRITICAL,STRONG_DETERIORATION,336
BDI,2020,PECO,AFE,CRITICAL,DECLINE_SIGNAL,Diversification économique,PRIORITY_CRITICAL,STRONG_DETERIORATION,210
BDI,2020,PENV,AFE,DECLINING,DECLINE_SIGNAL,Résilience environnementale,PRIORITY_HIGH,DETERIORATION,106
BDI,2020,PGEO,AFE,STABLE,STABILITY_SIGNAL,Gouvernance géopolitique et stabilité,PRIORITY_STANDARD,STABLE,119
BDI,2020,PHUM,AFE,STABLE,STABILITY_SIGNAL,Capital humain,PRIORITY_STANDARD,STABLE,97
BDI,2020,PMIL,AFE,ACCELERATING,PROGRESSION_SIGNAL,Résilience sécuritaire,PRIORITY_STANDARD,STRONG_IMPROVEMENT,117
BDI,2020,PMIN,AFE,STABLE,STABILITY_SIGNAL,Chaîne de valeur minière,PRIORITY_STANDARD,STABLE,361
BDI,2020,PMON,AFE,PROGRESSING,PROGRESSION_SIGNAL,Résilience monétaire et financière,PRIORITY_STANDARD,IMPROVEMENT,130
BDI,2020,PNUM,AFE,STABLE,STABILITY_SIGNAL,Souveraineté numérique,PRIORITY_STANDARD,STABLE,111
BDI,2020,PRES,AFE,CRITICAL,DETERIORATION_ALERT,Certification énergie-eau,PRIORITY_CRITICAL,STRONG_DETERIORATION,97
BDI,2020,PTRA,AFE,PROGRESSING,PROGRESSION_SIGNAL,Transport et logistique,PRIORITY_STANDARD,IMPROVEMENT,105
BDI,2021,PECO,AFE,CRITICAL,DECLINE_SIGNAL,Diversification économique,PRIORITY_CRITICAL,STRONG_DETERIORATION,210
BDI,2021,PENV,AFE,DECLINING,DETERIORATION_ALERT,Résilience environnementale,PRIORITY_HIGH,DETERIORATION,108
BDI,2021,PGEO,AFE,STABLE,STABILITY_SIGNAL,Gouvernance géopolitique et stabilité,PRIORITY_STANDARD,STABLE,119
BDI,2021,PHUM,AFE,STABLE,STABILITY_SIGNAL,Capital humain,PRIORITY_STANDARD,STABLE,120
BDI,2021,PMIL,AFE,ACCELERATING,PROGRESSION_SIGNAL,Résilience sécuritaire,PRIORITY_STANDARD,STRONG_IMPROVEMENT,148
BDI,2021,PMIN,AFE,STABLE,STABILITY_SIGNAL,Chaîne de valeur minière,PRIORITY_STANDARD,STABLE,283
BDI,2021,PMON,AFE,PROGRESSING,PROGRESSION_SIGNAL,Résilience monétaire et financière,PRIORITY_STANDARD,IMPROVEMENT,130
BDI,2021,PNUM,AFE,STABLE,STABILITY_SIGNAL,Souveraineté numérique,PRIORITY_STANDARD,STABLE,114
BDI,2021,PRES,AFE,CRITICAL,DETERIORATION_ALERT,Certification énergie-eau,PRIORITY_CRITICAL,STRONG_DETERIORATION,97
BDI,2021,PTRA,AFE,PROGRESSING,PROGRESSION_SIGNAL,Transport et logistique,PRIORITY_STANDARD,IMPROVEMENT,105
BDI,2022,PECO,AFE,CRITICAL,DECLINE_SIGNAL,Diversification économique,PRIORITY_CRITICAL,STRONG_DETERIORATION,309
BDI,2022,PENV,AFE,DECLINING,DETERIORATION_ALERT,Résilience environnementale,PRIORITY_HIGH,DETERIORATION,131
BDI,2022,PGEO,AFE,STABLE,STABILITY_SIGNAL,Gouvernance géopolitique et stabilité,PRIORITY_STANDARD,STABLE,149
BDI,2022,PHUM,AFE,STABLE,STABILITY_SIGNAL,Capital humain,PRIORITY_STANDARD,STABLE,120
BDI,2022,PMIL,AFE,ACCELERATING,PROGRESSION_SIGNAL,Résilience sécuritaire,PRIORITY_STANDARD,STRONG_IMPROVEMENT,148
BDI,2022,PMIN,AFE,STABLE,STABILITY_SIGNAL,Chaîne de valeur minière,PRIORITY_STANDARD,STABLE,369
BDI,2022,PMON,AFE,PROGRESSING,PROGRESSION_SIGNAL,Résilience monétaire et financière,PRIORITY_STANDARD,IMPROVEMENT,130
BDI,2022,PNUM,AFE,STABLE,STABILITY_SIGNAL,Souveraineté numérique,PRIORITY_STANDARD,STABLE,111
BDI,2022,PRES,AFE,CRITICAL,DETERIORATION_ALERT,Certification énergie-eau,PRIORITY_CRITICAL,STRONG_DETERIORATION,159
BDI,2022,PTRA,AFE,PROGRESSING,PROGRESSION_SIGNAL,Transport et logistique,PRIORITY_STANDARD,IMPROVEMENT,105
BDI,2023,PECO,AFE,CRITICAL,DECLINE_SIGNAL,Diversification économique,PRIORITY_CRITICAL,STRONG_DETERIORATION,309
BDI,2023,PENV,AFE,DECLINING,DETERIORATION_ALERT,Résilience environnementale,PRIORITY_HIGH,DETERIORATION,158
BDI,2023,PGEO,AFE,STABLE,STABILITY_SIGNAL,Gouvernance géopolitique et stabilité,PRIORITY_STANDARD,STABLE,149
BDI,2023,PHUM,AFE,STABLE,STABILITY_SIGNAL,Capital humain,PRIORITY_STANDARD,STABLE,120
BDI,2023,PMIL,AFE,ACCELERATING,PROGRESSION_SIGNAL,Résilience sécuritaire,PRIORITY_STANDARD,STRONG_IMPROVEMENT,149
BDI,2023,PMIN,AFE,STABLE,STABILITY_SIGNAL,Chaîne de valeur minière,PRIORITY_STANDARD,STABLE,367
BDI,2023,PMON,AFE,PROGRESSING,PROGRESSION_SIGNAL,Résilience monétaire et financière,PRIORITY_STANDARD,IMPROVEMENT,130
BDI,2023,PNUM,AFE,STABLE,STABILITY_SIGNAL,Souveraineté numérique,PRIORITY_STANDARD,STABLE,84
BDI,2023,PRES,AFE,CRITICAL,DETERIORATION_ALERT,Certification énergie-eau,PRIORITY_CRITICAL,STRONG_DETERIORATION,252
BDI,2023,PTRA,AFE,PROGRESSING,PROGRESSION_SIGNAL,Transport et logistique,PRIORITY_STANDARD,IMPROVEMENT,105
BDI,2024,PECO,AFE,CRITICAL,DECLINE_SIGNAL,Diversification économique,PRIORITY_CRITICAL,STRONG_DETERIORATION,309
BDI,2024,PENV,AFE,DECLINING,DETERIORATION_ALERT,Résilience environnementale,PRIORITY_HIGH,DETERIORATION,166
BDI,2024,PGEO,AFE,STABLE,STABILITY_SIGNAL,Gouvernance géopolitique et stabilité,PRIORITY_STANDARD,STABLE,149
BDI,2024,PHUM,AFE,STABLE,STABILITY_SIGNAL,Capital humain,PRIORITY_STANDARD,STABLE,139
BDI,2024,PMIL,AFE,ACCELERATING,PROGRESSION_SIGNAL,Résilience sécuritaire,PRIORITY_STANDARD,STRONG_IMPROVEMENT,149
BDI,2024,PMIN,AFE,STABLE,STABILITY_SIGNAL,Chaîne de valeur minière,PRIORITY_STANDARD,STABLE,488
BDI,2024,PMON,AFE,PROGRESSING,PROGRESSION_SIGNAL,Résilience monétaire et financière,PRIORITY_STANDARD,IMPROVEMENT,223
BDI,2024,PNUM,AFE,STABLE,STABILITY_SIGNAL,Souveraineté numérique,PRIORITY_STANDARD,STABLE,174
BDI,2024,PRES,AFE,CRITICAL,DETERIORATION_ALERT,Certification énergie-eau,PRIORITY_CRITICAL,STRONG_DETERIORATION,252
BDI,2024,PTRA,AFE,PROGRESSING,PROGRESSION_SIGNAL,Transport et logistique,PRIORITY_STANDARD,IMPROVEMENT,105
BEN,2020,PECO,AFW,STABLE,STABILITY_SIGNAL,Diversification économique,PRIORITY_STANDARD,STABLE,163
BEN,2020,PENV,AFW,CRITICAL,DETERIORATION_ALERT,Résilience environnementale,PRIORITY_HIGH,STRONG_DETERIORATION,107
BEN,2020,PGEO,AFW,DECLINING,DECLINE_SIGNAL,Gouvernance géopolitique et stabilité,PRIORITY_STANDARD,DETERIORATION,123
BEN,2020,PHUM,AFW,DECLINING,DECLINE_SIGNAL,Capital humain,PRIORITY_HIGH,DETERIORATION,121
BEN,2020,PMIL,AFW,PROGRESSING,PROGRESSION_SIGNAL,Résilience sécuritaire,PRIORITY_STANDARD,IMPROVEMENT,117
BEN,2020,PMIN,AFW,PROGRESSING,PROGRESSION_SIGNAL,Chaîne de valeur minière,PRIORITY_STANDARD,IMPROVEMENT,284
BEN,2020,PMON,AFW,DECLINING,DETERIORATION_ALERT,Résilience monétaire et financière,PRIORITY_HIGH,DETERIORATION,129
BEN,2020,PNUM,AFW,PROGRESSING,PROGRESSION_SIGNAL,Souveraineté numérique,PRIORITY_STANDARD,IMPROVEMENT,80
BEN,2020,PRES,AFW,STABLE,STABILITY_SIGNAL,Certification énergie-eau,PRIORITY_STANDARD,STABLE,130
BEN,2020,PTRA,AFW,CRITICAL,DETERIORATION_ALERT,Transport et logistique,PRIORITY_CRITICAL,STRONG_DETERIORATION,266
BEN,2021,PECO,AFW,STABLE,STABILITY_SIGNAL,Diversification économique,PRIORITY_STANDARD,STABLE,163
BEN,2021,PENV,AFW,CRITICAL,DETERIORATION_ALERT,Résilience environnementale,PRIORITY_HIGH,STRONG_DETERIORATION,109
BEN,2021,PGEO,AFW,DECLINING,DECLINE_SIGNAL,Gouvernance géopolitique et stabilité,PRIORITY_STANDARD,DETERIORATION,123
BEN,2021,PHUM,AFW,DECLINING,DECLINE_SIGNAL,Capital humain,PRIORITY_HIGH,DETERIORATION,98
BEN,2021,PMIL,AFW,PROGRESSING,PROGRESSION_SIGNAL,Résilience sécuritaire,PRIORITY_STANDARD,IMPROVEMENT,148
BEN,2021,PMIN,AFW,PROGRESSING,PROGRESSION_SIGNAL,Chaîne de valeur minière,PRIORITY_STANDARD,IMPROVEMENT,284
BEN,2021,PMON,AFW,DECLINING,DETERIORATION_ALERT,Résilience monétaire et financière,PRIORITY_HIGH,DETERIORATION,129
BEN,2021,PNUM,AFW,PROGRESSING,PROGRESSION_SIGNAL,Souveraineté numérique,PRIORITY_STANDARD,IMPROVEMENT,83
BEN,2021,PRES,AFW,STABLE,STABILITY_SIGNAL,Certification énergie-eau,PRIORITY_STANDARD,STABLE,130
BEN,2021,PTRA,AFW,CRITICAL,DETERIORATION_ALERT,Transport et logistique,PRIORITY_CRITICAL,STRONG_DETERIORATION,266
BEN,2022,PECO,AFW,STABLE,STABILITY_SIGNAL,Diversification économique,PRIORITY_STANDARD,STABLE,160
BEN,2022,PENV,AFW,CRITICAL,DETERIORATION_ALERT,Résilience environnementale,PRIORITY_CRITICAL,STRONG_DETERIORATION,155
BEN,2022,PGEO,AFW,DECLINING,DECLINE_SIGNAL,Gouvernance géopolitique et stabilité,PRIORITY_STANDARD,DETERIORATION,123
BEN,2022,PHUM,AFW,DECLINING,DECLINE_SIGNAL,Capital humain,PRIORITY_HIGH,DETERIORATION,121
BEN,2022,PMIL,AFW,PROGRESSING,PROGRESSION_SIGNAL,Résilience sécuritaire,PRIORITY_STANDARD,IMPROVEMENT,148
BEN,2022,PMIN,AFW,PROGRESSING,PROGRESSION_SIGNAL,Chaîne de valeur minière,PRIORITY_STANDARD,IMPROVEMENT,292
BEN,2022,PMON,AFW,DECLINING,DETERIORATION_ALERT,Résilience monétaire et financière,PRIORITY_HIGH,DETERIORATION,160
BEN,2022,PNUM,AFW,PROGRESSING,PROGRESSION_SIGNAL,Souveraineté numérique,PRIORITY_STANDARD,IMPROVEMENT,80
BEN,2022,PRES,AFW,STABLE,STABILITY_SIGNAL,Certification énergie-eau,PRIORITY_STANDARD,STABLE,223
BEN,2022,PTRA,AFW,CRITICAL,DETERIORATION_ALERT,Transport et logistique,PRIORITY_CRITICAL,STRONG_DETERIORATION,297
BEN,2023,PECO,AFW,STABLE,STABILITY_SIGNAL,Diversification économique,PRIORITY_STANDARD,STABLE,163
BEN,2023,PENV,AFW,CRITICAL,DETERIORATION_ALERT,Résilience environnementale,PRIORITY_CRITICAL,STRONG_DETERIORATION,159
BEN,2023,PGEO,AFW,DECLINING,DECLINE_SIGNAL,Gouvernance géopolitique et stabilité,PRIORITY_STANDARD,DETERIORATION,123
BEN,2023,PHUM,AFW,DECLINING,DECLINE_SIGNAL,Capital humain,PRIORITY_HIGH,DETERIORATION,121
BEN,2023,PMIL,AFW,PROGRESSING,PROGRESSION_SIGNAL,Résilience sécuritaire,PRIORITY_STANDARD,IMPROVEMENT,149
BEN,2023,PMIN,AFW,PROGRESSING,PROGRESSION_SIGNAL,Chaîne de valeur minière,PRIORITY_STANDARD,IMPROVEMENT,292
BEN,2023,PMON,AFW,DECLINING,DETERIORATION_ALERT,Résilience monétaire et financière,PRIORITY_HIGH,DETERIORATION,160
BEN,2023,PNUM,AFW,PROGRESSING,PROGRESSION_SIGNAL,Souveraineté numérique,PRIORITY_STANDARD,IMPROVEMENT,115
BEN,2023,PRES,AFW,STABLE,STABILITY_SIGNAL,Certification énergie-eau,PRIORITY_STANDARD,STABLE,285
BEN,2023,PTRA,AFW,CRITICAL,DETERIORATION_ALERT,Transport et logistique,PRIORITY_CRITICAL,STRONG_DETERIORATION,297
BEN,2024,PECO,AFW,STABLE,STABILITY_SIGNAL,Diversification économique,PRIORITY_STANDARD,STABLE,163
BEN,2024,PENV,AFW,CRITICAL,DETERIORATION_ALERT,Résilience environnementale,PRIORITY_HIGH,STRONG_DETERIORATION,190
BEN,2024,PGEO,AFW,DECLINING,DECLINE_SIGNAL,Gouvernance géopolitique et stabilité,PRIORITY_STANDARD,DETERIORATION,123
BEN,2024,PHUM,AFW,DECLINING,DECLINE_SIGNAL,Capital humain,PRIORITY_HIGH,DETERIORATION,138
BEN,2024,PMIL,AFW,PROGRESSING,PROGRESSION_SIGNAL,Résilience sécuritaire,PRIORITY_STANDARD,IMPROVEMENT,149
BEN,2024,PMIN,AFW,PROGRESSING,PROGRESSION_SIGNAL,Chaîne de valeur minière,PRIORITY_STANDARD,IMPROVEMENT,292
BEN,2024,PMON,AFW,DECLINING,DETERIORATION_ALERT,Résilience monétaire et financière,PRIORITY_HIGH,DETERIORATION,183
BEN,2024,PNUM,AFW,PROGRESSING,PROGRESSION_SIGNAL,Souveraineté numérique,PRIORITY_STANDARD,IMPROVEMENT,112
BEN,2024,PRES,AFW,STABLE,STABILITY_SIGNAL,Certification énergie-eau,PRIORITY_STANDARD,STABLE,316
BEN,2024,PTRA,AFW,CRITICAL,DETERIORATION_ALERT,Transport et logistique,PRIORITY_CRITICAL,STRONG_DETERIORATION,297
BFA,2020,PECO,AFW,DECLINING,DECLINE_SIGNAL,Diversification économique,PRIORITY_HIGH,DETERIORATION,210
BFA,2020,PENV,AFW,CRITICAL,DETERIORATION_ALERT,Résilience environnementale,PRIORITY_CRITICAL,STRONG_DETERIORATION,129
BFA,2020,PGEO,AFW,DECLINING,DECLINE_SIGNAL,Gouvernance géopolitique et stabilité,PRIORITY_HIGH,DETERIORATION,121
BFA,2020,PHUM,AFW,STABLE,STABILITY_SIGNAL,Capital humain,PRIORITY_STANDARD,STABLE,121
BFA,2020,PMIL,AFW,CRITICAL,DETERIORATION_ALERT,Résilience sécuritaire,PRIORITY_CRITICAL,STRONG_DETERIORATION,117
BFA,2020,PMIN,AFW,ACCELERATING,PROGRESSION_SIGNAL,Chaîne de valeur minière,PRIORITY_STANDARD,STRONG_IMPROVEMENT,404
BFA,2020,PMON,AFW,STABLE,STABILITY_SIGNAL,Résilience monétaire et financière,PRIORITY_STANDARD,STABLE,98
BFA,2020,PNUM,AFW,ACCELERATING,PROGRESSION_SIGNAL,Souveraineté numérique,PRIORITY_STANDARD,STRONG_IMPROVEMENT,80
BFA,2020,PRES,AFW,STABLE,STABILITY_SIGNAL,Certification énergie-eau,PRIORITY_STANDARD,STABLE,98
BFA,2020,PTRA,AFW,CRITICAL,DETERIORATION_ALERT,Transport et logistique,PRIORITY_HIGH,STRONG_DETERIORATION,187
BFA,2021,PECO,AFW,DECLINING,DECLINE_SIGNAL,Diversification économique,PRIORITY_HIGH,DETERIORATION,155
BFA,2021,PENV,AFW,CRITICAL,DETERIORATION_ALERT,Résilience environnementale,PRIORITY_CRITICAL,STRONG_DETERIORATION,131
BFA,2021,PGEO,AFW,DECLINING,DECLINE_SIGNAL,Gouvernance géopolitique et stabilité,PRIORITY_HIGH,DETERIORATION,121
BFA,2021,PHUM,AFW,STABLE,STABILITY_SIGNAL,Capital humain,PRIORITY_STANDARD,STABLE,98
BFA,2021,PMIL,AFW,CRITICAL,DETERIORATION_ALERT,Résilience sécuritaire,PRIORITY_CRITICAL,STRONG_DETERIORATION,148
BFA,2021,PMIN,AFW,ACCELERATING,PROGRESSION_SIGNAL,Chaîne de valeur minière,PRIORITY_STANDARD,STRONG_IMPROVEMENT,249
BFA,2021,PMON,AFW,STABLE,STABILITY_SIGNAL,Résilience monétaire et financière,PRIORITY_STANDARD,STABLE,98
BFA,2021,PNUM,AFW,ACCELERATING,PROGRESSION_SIGNAL,Souveraineté numérique,PRIORITY_STANDARD,STRONG_IMPROVEMENT,83
BFA,2021,PRES,AFW,STABLE,STABILITY_SIGNAL,Certification énergie-eau,PRIORITY_STANDARD,STABLE,98
BFA,2021,PTRA,AFW,CRITICAL,DETERIORATION_ALERT,Transport et logistique,PRIORITY_HIGH,STRONG_DETERIORATION,148
BFA,2022,PECO,AFW,DECLINING,DETERIORATION_ALERT,Diversification économique,PRIORITY_HIGH,DETERIORATION,152
BFA,2022,PENV,AFW,CRITICAL,DETERIORATION_ALERT,Résilience environnementale,PRIORITY_CRITICAL,STRONG_DETERIORATION,154
BFA,2022,PGEO,AFW,DECLINING,DECLINE_SIGNAL,Gouvernance géopolitique et stabilité,PRIORITY_HIGH,DETERIORATION,121
BFA,2022,PHUM,AFW,STABLE,STABILITY_SIGNAL,Capital humain,PRIORITY_STANDARD,STABLE,121
BFA,2022,PMIL,AFW,CRITICAL,DETERIORATION_ALERT,Résilience sécuritaire,PRIORITY_CRITICAL,STRONG_DETERIORATION,148
BFA,2022,PMIN,AFW,ACCELERATING,PROGRESSION_SIGNAL,Chaîne de valeur minière,PRIORITY_STANDARD,STRONG_IMPROVEMENT,413
BFA,2022,PMON,AFW,STABLE,STABILITY_SIGNAL,Résilience monétaire et financière,PRIORITY_STANDARD,STABLE,129
BFA,2022,PNUM,AFW,ACCELERATING,PROGRESSION_SIGNAL,Souveraineté numérique,PRIORITY_STANDARD,STRONG_IMPROVEMENT,80
BFA,2022,PRES,AFW,STABLE,STABILITY_SIGNAL,Certification énergie-eau,PRIORITY_STANDARD,STABLE,160
BFA,2022,PTRA,AFW,CRITICAL,DETERIORATION_ALERT,Transport et logistique,PRIORITY_HIGH,STRONG_DETERIORATION,148
BFA,2023,PECO,AFW,DECLINING,DECLINE_SIGNAL,Diversification économique,PRIORITY_HIGH,DETERIORATION,206
BFA,2023,PENV,AFW,CRITICAL,DETERIORATION_ALERT,Résilience environnementale,PRIORITY_CRITICAL,STRONG_DETERIORATION,181
BFA,2023,PGEO,AFW,DECLINING,DECLINE_SIGNAL,Gouvernance géopolitique et stabilité,PRIORITY_HIGH,DETERIORATION,121
BFA,2023,PHUM,AFW,STABLE,STABILITY_SIGNAL,Capital humain,PRIORITY_STANDARD,STABLE,122
BFA,2023,PMIL,AFW,CRITICAL,DETERIORATION_ALERT,Résilience sécuritaire,PRIORITY_CRITICAL,STRONG_DETERIORATION,149
BFA,2023,PMIN,AFW,ACCELERATING,PROGRESSION_SIGNAL,Chaîne de valeur minière,PRIORITY_STANDARD,STRONG_IMPROVEMENT,411
BFA,2023,PMON,AFW,STABLE,STABILITY_SIGNAL,Résilience monétaire et financière,PRIORITY_STANDARD,STABLE,129
BFA,2023,PNUM,AFW,ACCELERATING,PROGRESSION_SIGNAL,Souveraineté numérique,PRIORITY_STANDARD,STRONG_IMPROVEMENT,84
BFA,2023,PRES,AFW,STABLE,STABILITY_SIGNAL,Certification énergie-eau,PRIORITY_STANDARD,STABLE,253
BFA,2023,PTRA,AFW,CRITICAL,DETERIORATION_ALERT,Transport et logistique,PRIORITY_HIGH,STRONG_DETERIORATION,148
BFA,2024,PECO,AFW,DECLINING,DECLINE_SIGNAL,Diversification économique,PRIORITY_HIGH,DETERIORATION,309
BFA,2024,PENV,AFW,CRITICAL,DETERIORATION_ALERT,Résilience environnementale,PRIORITY_CRITICAL,STRONG_DETERIORATION,189
BFA,2024,PGEO,AFW,DECLINING,DECLINE_SIGNAL,Gouvernance géopolitique et stabilité,PRIORITY_HIGH,DETERIORATION,151
BFA,2024,PHUM,AFW,STABLE,STABILITY_SIGNAL,Capital humain,PRIORITY_STANDARD,STABLE,140
BFA,2024,PMIL,AFW,CRITICAL,DETERIORATION_ALERT,Résilience sécuritaire,PRIORITY_CRITICAL,STRONG_DETERIORATION,149
BFA,2024,PMIN,AFW,ACCELERATING,PROGRESSION_SIGNAL,Chaîne de valeur minière,PRIORITY_STANDARD,STRONG_IMPROVEMENT,413
BFA,2024,PMON,AFW,STABLE,STABILITY_SIGNAL,Résilience monétaire et financière,PRIORITY_STANDARD,STABLE,152
BFA,2024,PNUM,AFW,ACCELERATING,PROGRESSION_SIGNAL,Souveraineté numérique,PRIORITY_STANDARD,STRONG_IMPROVEMENT,81
BFA,2024,PRES,AFW,STABLE,STABILITY_SIGNAL,Certification énergie-eau,PRIORITY_STANDARD,STABLE,284
BFA,2024,PTRA,AFW,CRITICAL,DETERIORATION_ALERT,Transport et logistique,PRIORITY_HIGH,STRONG_DETERIORATION,265
BWA,2020,PECO,AFS,ACCELERATING,PROGRESSION_SIGNAL,Diversification économique,PRIORITY_STANDARD,STRONG_IMPROVEMENT,150
BWA,2020,PENV,AFS,CRITICAL,DETERIORATION_ALERT,Résilience environnementale,PRIORITY_CRITICAL,STRONG_DETERIORATION,106
BWA,2020,PGEO,AFS,STABLE,STABILITY_SIGNAL,Gouvernance géopolitique et stabilité,PRIORITY_STANDARD,STABLE,123
BWA,2020,PHUM,AFS,DECLINING,DECLINE_SIGNAL,Capital humain,PRIORITY_HIGH,DETERIORATION,117
BWA,2020,PMIL,AFS,STABLE,STABILITY_SIGNAL,Résilience sécuritaire,PRIORITY_STANDARD,STABLE,86
BWA,2020,PMIN,AFS,STABLE,STABILITY_SIGNAL,Chaîne de valeur minière,PRIORITY_STANDARD,STABLE,447
BWA,2020,PMON,AFS,STABLE,STABILITY_SIGNAL,Résilience monétaire et financière,PRIORITY_STANDARD,STABLE,99
BWA,2020,PNUM,AFS,PROGRESSING,PROGRESSION_SIGNAL,Souveraineté numérique,PRIORITY_STANDARD,IMPROVEMENT,80
BWA,2020,PRES,AFS,CRITICAL,DETERIORATION_ALERT,Certification énergie-eau,PRIORITY_CRITICAL,STRONG_DETERIORATION,130
BWA,2020,PTRA,AFS,CRITICAL,DETERIORATION_ALERT,Transport et logistique,PRIORITY_CRITICAL,STRONG_DETERIORATION,224
BWA,2021,PECO,AFS,ACCELERATING,PROGRESSION_SIGNAL,Diversification économique,PRIORITY_STANDARD,STRONG_IMPROVEMENT,150
BWA,2021,PENV,AFS,CRITICAL,DETERIORATION_ALERT,Résilience environnementale,PRIORITY_CRITICAL,STRONG_DETERIORATION,108
BWA,2021,PGEO,AFS,STABLE,STABILITY_SIGNAL,Gouvernance géopolitique et stabilité,PRIORITY_STANDARD,STABLE,123
BWA,2021,PHUM,AFS,DECLINING,DECLINE_SIGNAL,Capital humain,PRIORITY_HIGH,DETERIORATION,117
BWA,2021,PMIL,AFS,STABLE,STABILITY_SIGNAL,Résilience sécuritaire,PRIORITY_STANDARD,STABLE,117
BWA,2021,PMIN,AFS,STABLE,STABILITY_SIGNAL,Chaîne de valeur minière,PRIORITY_STANDARD,STABLE,329
BWA,2021,PMON,AFS,STABLE,STABILITY_SIGNAL,Résilience monétaire et financière,PRIORITY_STANDARD,STABLE,99
BWA,2021,PNUM,AFS,PROGRESSING,PROGRESSION_SIGNAL,Souveraineté numérique,PRIORITY_STANDARD,IMPROVEMENT,83
BWA,2021,PRES,AFS,CRITICAL,DETERIORATION_ALERT,Certification énergie-eau,PRIORITY_CRITICAL,STRONG_DETERIORATION,130
BWA,2021,PTRA,AFS,CRITICAL,DETERIORATION_ALERT,Transport et logistique,PRIORITY_HIGH,STRONG_DETERIORATION,107
BWA,2022,PECO,AFS,ACCELERATING,PROGRESSION_SIGNAL,Diversification économique,PRIORITY_STANDARD,STRONG_IMPROVEMENT,150
BWA,2022,PENV,AFS,CRITICAL,DETERIORATION_ALERT,Résilience environnementale,PRIORITY_CRITICAL,STRONG_DETERIORATION,154
BWA,2022,PGEO,AFS,STABLE,STABILITY_SIGNAL,Gouvernance géopolitique et stabilité,PRIORITY_STANDARD,STABLE,123
BWA,2022,PHUM,AFS,DECLINING,DECLINE_SIGNAL,Capital humain,PRIORITY_HIGH,DETERIORATION,117
BWA,2022,PMIL,AFS,STABLE,STABILITY_SIGNAL,Résilience sécuritaire,PRIORITY_STANDARD,STABLE,148
BWA,2022,PMIN,AFS,STABLE,STABILITY_SIGNAL,Chaîne de valeur minière,PRIORITY_STANDARD,STABLE,455
BWA,2022,PMON,AFS,STABLE,STABILITY_SIGNAL,Résilience monétaire et financière,PRIORITY_STANDARD,STABLE,99
BWA,2022,PNUM,AFS,PROGRESSING,PROGRESSION_SIGNAL,Souveraineté numérique,PRIORITY_STANDARD,IMPROVEMENT,80
BWA,2022,PRES,AFS,CRITICAL,DETERIORATION_ALERT,Certification énergie-eau,PRIORITY_CRITICAL,STRONG_DETERIORATION,223
BWA,2022,PTRA,AFS,CRITICAL,DETERIORATION_ALERT,Transport et logistique,PRIORITY_HIGH,STRONG_DETERIORATION,107
BWA,2023,PECO,AFS,ACCELERATING,PROGRESSION_SIGNAL,Diversification économique,PRIORITY_STANDARD,STRONG_IMPROVEMENT,150
BWA,2023,PENV,AFS,CRITICAL,DETERIORATION_ALERT,Résilience environnementale,PRIORITY_CRITICAL,STRONG_DETERIORATION,158
BWA,2023,PGEO,AFS,STABLE,STABILITY_SIGNAL,Gouvernance géopolitique et stabilité,PRIORITY_STANDARD,STABLE,123
BWA,2023,PHUM,AFS,DECLINING,DECLINE_SIGNAL,Capital humain,PRIORITY_HIGH,DETERIORATION,118
BWA,2023,PMIL,AFS,STABLE,STABILITY_SIGNAL,Résilience sécuritaire,PRIORITY_STANDARD,STABLE,149
BWA,2023,PMIN,AFS,STABLE,STABILITY_SIGNAL,Chaîne de valeur minière,PRIORITY_STANDARD,STABLE,492
BWA,2023,PMON,AFS,STABLE,STABILITY_SIGNAL,Résilience monétaire et financière,PRIORITY_STANDARD,STABLE,99
BWA,2023,PNUM,AFS,PROGRESSING,PROGRESSION_SIGNAL,Souveraineté numérique,PRIORITY_STANDARD,IMPROVEMENT,115
BWA,2023,PRES,AFS,CRITICAL,DETERIORATION_ALERT,Certification énergie-eau,PRIORITY_CRITICAL,STRONG_DETERIORATION,285
BWA,2023,PTRA,AFS,CRITICAL,DETERIORATION_ALERT,Transport et logistique,PRIORITY_HIGH,STRONG_DETERIORATION,107
BWA,2024,PECO,AFS,ACCELERATING,PROGRESSION_SIGNAL,Diversification économique,PRIORITY_STANDARD,STRONG_IMPROVEMENT,150
BWA,2024,PENV,AFS,CRITICAL,DETERIORATION_ALERT,Résilience environnementale,PRIORITY_CRITICAL,STRONG_DETERIORATION,166
BWA,2024,PGEO,AFS,STABLE,STABILITY_SIGNAL,Gouvernance géopolitique et stabilité,PRIORITY_STANDARD,STABLE,123
BWA,2024,PHUM,AFS,DECLINING,DECLINE_SIGNAL,Capital humain,PRIORITY_HIGH,DETERIORATION,123
BWA,2024,PMIL,AFS,STABLE,STABILITY_SIGNAL,Résilience sécuritaire,PRIORITY_STANDARD,STABLE,149
BWA,2024,PMIN,AFS,STABLE,STABILITY_SIGNAL,Chaîne de valeur minière,PRIORITY_STANDARD,STABLE,613
BWA,2024,PMON,AFS,STABLE,STABILITY_SIGNAL,Résilience monétaire et financière,PRIORITY_STANDARD,STABLE,130
BWA,2024,PNUM,AFS,PROGRESSING,PROGRESSION_SIGNAL,Souveraineté numérique,PRIORITY_STANDARD,IMPROVEMENT,81
BWA,2024,PRES,AFS,CRITICAL,DETERIORATION_ALERT,Certification énergie-eau,PRIORITY_CRITICAL,STRONG_DETERIORATION,316
BWA,2024,PTRA,AFS,CRITICAL,DETERIORATION_ALERT,Transport et logistique,PRIORITY_CRITICAL,STRONG_DETERIORATION,224
CAF,2020,PECO,AFC,DECLINING,DECLINE_SIGNAL,Diversification économique,PRIORITY_HIGH,DETERIORATION,155
CAF,2020,PENV,AFC,CRITICAL,DECLINE_SIGNAL,Résilience environnementale,PRIORITY_HIGH,STRONG_DETERIORATION,106
CAF,2020,PGEO,AFC,STABLE,STABILITY_SIGNAL,Gouvernance géopolitique et stabilité,PRIORITY_STANDARD,STABLE,119
CAF,2020,PHUM,AFC,STABLE,STABILITY_SIGNAL,Capital humain,PRIORITY_HIGH,STABLE,119
CAF,2020,PMIL,AFC,STABLE,STABILITY_SIGNAL,Résilience sécuritaire,PRIORITY_STANDARD,STABLE,117
CAF,2020,PMIN,AFC,STABLE,STABILITY_SIGNAL,Chaîne de valeur minière,PRIORITY_STANDARD,STABLE,361
CAF,2020,PMON,AFC,DECLINING,DETERIORATION_ALERT,Résilience monétaire et financière,PRIORITY_HIGH,DETERIORATION,97
CAF,2020,PNUM,AFC,STABLE,STABILITY_SIGNAL,Souveraineté numérique,PRIORITY_STANDARD,STABLE,173
CAF,2020,PRES,AFC,DECLINING,DETERIORATION_ALERT,Certification énergie-eau,PRIORITY_STANDARD,DETERIORATION,97
CAF,2020,PTRA,AFC,DECLINING,DETERIORATION_ALERT,Transport et logistique,PRIORITY_HIGH,DETERIORATION,185
CAF,2021,PECO,AFC,DECLINING,DECLINE_SIGNAL,Diversification économique,PRIORITY_HIGH,DETERIORATION,155
CAF,2021,PENV,AFC,CRITICAL,DECLINE_SIGNAL,Résilience environnementale,PRIORITY_HIGH,STRONG_DETERIORATION,108
CAF,2021,PGEO,AFC,STABLE,STABILITY_SIGNAL,Gouvernance géopolitique et stabilité,PRIORITY_STANDARD,STABLE,119
CAF,2021,PHUM,AFC,STABLE,STABILITY_SIGNAL,Capital humain,PRIORITY_STANDARD,STABLE,96
CAF,2021,PMIL,AFC,STABLE,STABILITY_SIGNAL,Résilience sécuritaire,PRIORITY_STANDARD,STABLE,148
CAF,2021,PMIN,AFC,STABLE,STABILITY_SIGNAL,Chaîne de valeur minière,PRIORITY_STANDARD,STABLE,244
CAF,2021,PMON,AFC,DECLINING,DECLINE_SIGNAL,Résilience monétaire et financière,PRIORITY_HIGH,DETERIORATION,97
CAF,2021,PNUM,AFC,STABLE,STABILITY_SIGNAL,Souveraineté numérique,PRIORITY_STANDARD,STABLE,145
CAF,2021,PRES,AFC,DECLINING,DETERIORATION_ALERT,Certification énergie-eau,PRIORITY_STANDARD,DETERIORATION,97
CAF,2021,PTRA,AFC,DECLINING,DETERIORATION_ALERT,Transport et logistique,PRIORITY_HIGH,DETERIORATION,185
CAF,2022,PECO,AFC,DECLINING,DECLINE_SIGNAL,Diversification économique,PRIORITY_HIGH,DETERIORATION,254
CAF,2022,PENV,AFC,CRITICAL,DETERIORATION_ALERT,Résilience environnementale,PRIORITY_HIGH,STRONG_DETERIORATION,131
CAF,2022,PGEO,AFC,STABLE,STABILITY_SIGNAL,Gouvernance géopolitique et stabilité,PRIORITY_STANDARD,STABLE,149
CAF,2022,PHUM,AFC,STABLE,STABILITY_SIGNAL,Capital humain,PRIORITY_HIGH,STABLE,119
CAF,2022,PMIL,AFC,STABLE,STABILITY_SIGNAL,Résilience sécuritaire,PRIORITY_STANDARD,STABLE,148
CAF,2022,PMIN,AFC,STABLE,STABILITY_SIGNAL,Chaîne de valeur minière,PRIORITY_STANDARD,STABLE,369
CAF,2022,PMON,AFC,DECLINING,DECLINE_SIGNAL,Résilience monétaire et financière,PRIORITY_HIGH,DETERIORATION,97
CAF,2022,PNUM,AFC,STABLE,STABILITY_SIGNAL,Souveraineté numérique,PRIORITY_STANDARD,STABLE,111
CAF,2022,PRES,AFC,DECLINING,DETERIORATION_ALERT,Certification énergie-eau,PRIORITY_STANDARD,DETERIORATION,190
CAF,2022,PTRA,AFC,DECLINING,DETERIORATION_ALERT,Transport et logistique,PRIORITY_HIGH,DETERIORATION,185
CAF,2023,PECO,AFC,DECLINING,DECLINE_SIGNAL,Diversification économique,PRIORITY_HIGH,DETERIORATION,254
CAF,2023,PENV,AFC,CRITICAL,DETERIORATION_ALERT,Résilience environnementale,PRIORITY_CRITICAL,STRONG_DETERIORATION,158
CAF,2023,PGEO,AFC,STABLE,STABILITY_SIGNAL,Gouvernance géopolitique et stabilité,PRIORITY_STANDARD,STABLE,149
CAF,2023,PHUM,AFC,STABLE,STABILITY_SIGNAL,Capital humain,PRIORITY_HIGH,STABLE,120
CAF,2023,PMIL,AFC,STABLE,STABILITY_SIGNAL,Résilience sécuritaire,PRIORITY_STANDARD,STABLE,149
CAF,2023,PMIN,AFC,STABLE,STABILITY_SIGNAL,Chaîne de valeur minière,PRIORITY_STANDARD,STABLE,369
CAF,2023,PMON,AFC,DECLINING,DECLINE_SIGNAL,Résilience monétaire et financière,PRIORITY_HIGH,DETERIORATION,159
CAF,2023,PNUM,AFC,STABLE,STABILITY_SIGNAL,Souveraineté numérique,PRIORITY_STANDARD,STABLE,177
CAF,2023,PRES,AFC,DECLINING,DETERIORATION_ALERT,Certification énergie-eau,PRIORITY_STANDARD,DETERIORATION,283
CAF,2023,PTRA,AFC,DECLINING,DETERIORATION_ALERT,Transport et logistique,PRIORITY_HIGH,DETERIORATION,185
CAF,2024,PECO,AFC,DECLINING,DECLINE_SIGNAL,Diversification économique,PRIORITY_HIGH,DETERIORATION,254
CAF,2024,PENV,AFC,CRITICAL,DETERIORATION_ALERT,Résilience environnementale,PRIORITY_CRITICAL,STRONG_DETERIORATION,166
CAF,2024,PGEO,AFC,STABLE,STABILITY_SIGNAL,Gouvernance géopolitique et stabilité,PRIORITY_STANDARD,STABLE,149
CAF,2024,PHUM,AFC,STABLE,STABILITY_SIGNAL,Capital humain,PRIORITY_HIGH,STABLE,123
CAF,2024,PMIL,AFC,STABLE,STABILITY_SIGNAL,Résilience sécuritaire,PRIORITY_STANDARD,STABLE,149
CAF,2024,PMIN,AFC,STABLE,STABILITY_SIGNAL,Chaîne de valeur minière,PRIORITY_STANDARD,STABLE,369
CAF,2024,PMON,AFC,DECLINING,DETERIORATION_ALERT,Résilience monétaire et financière,PRIORITY_HIGH,DETERIORATION,190
CAF,2024,PNUM,AFC,STABLE,STABILITY_SIGNAL,Souveraineté numérique,PRIORITY_STANDARD,STABLE,174
CAF,2024,PRES,AFC,DECLINING,DETERIORATION_ALERT,Certification énergie-eau,PRIORITY_STANDARD,DETERIORATION,283
CAF,2024,PTRA,AFC,DECLINING,DETERIORATION_ALERT,Transport et logistique,PRIORITY_HIGH,DETERIORATION,185
CIV,2020,PECO,AFW,DECLINING,DECLINE_SIGNAL,Diversification économique,PRIORITY_HIGH,DETERIORATION,145
CIV,2020,PENV,AFW,CRITICAL,DETERIORATION_ALERT,Résilience environnementale,PRIORITY_CRITICAL,STRONG_DETERIORATION,106
CIV,2020,PGEO,AFW,STABLE,STABILITY_SIGNAL,Gouvernance géopolitique et stabilité,PRIORITY_STANDARD,STABLE,122
CIV,2020,PHUM,AFW,PROGRESSING,PROGRESSION_SIGNAL,Capital humain,PRIORITY_STANDARD,IMPROVEMENT,121
CIV,2020,PMIL,AFW,DECLINING,DETERIORATION_ALERT,Résilience sécuritaire,PRIORITY_HIGH,DETERIORATION,85
CIV,2020,PMIN,AFW,PROGRESSING,PROGRESSION_SIGNAL,Chaîne de valeur minière,PRIORITY_STANDARD,IMPROVEMENT,245
CIV,2020,PMON,AFW,DECLINING,DETERIORATION_ALERT,Résilience monétaire et financière,PRIORITY_HIGH,DETERIORATION,157
CIV,2020,PNUM,AFW,ACCELERATING,ACCELERATION_SIGNAL,Souveraineté numérique,PRIORITY_STANDARD,STRONG_IMPROVEMENT,80
CIV,2020,PRES,AFW,CRITICAL,DETERIORATION_ALERT,Certification énergie-eau,PRIORITY_CRITICAL,STRONG_DETERIORATION,96
CIV,2020,PTRA,AFW,DECLINING,DETERIORATION_ALERT,Transport et logistique,PRIORITY_HIGH,DETERIORATION,110
CIV,2021,PECO,AFW,DECLINING,DECLINE_SIGNAL,Diversification économique,PRIORITY_HIGH,DETERIORATION,145
CIV,2021,PENV,AFW,CRITICAL,DETERIORATION_ALERT,Résilience environnementale,PRIORITY_CRITICAL,STRONG_DETERIORATION,108
CIV,2021,PGEO,AFW,STABLE,STABILITY_SIGNAL,Gouvernance géopolitique et stabilité,PRIORITY_STANDARD,STABLE,122
CIV,2021,PHUM,AFW,PROGRESSING,PROGRESSION_SIGNAL,Capital humain,PRIORITY_STANDARD,IMPROVEMENT,98
CIV,2021,PMIL,AFW,DECLINING,DETERIORATION_ALERT,Résilience sécuritaire,PRIORITY_HIGH,DETERIORATION,116
CIV,2021,PMIN,AFW,PROGRESSING,PROGRESSION_SIGNAL,Chaîne de valeur minière,PRIORITY_STANDARD,IMPROVEMENT,245
CIV,2021,PMON,AFW,DECLINING,DETERIORATION_ALERT,Résilience monétaire et financière,PRIORITY_HIGH,DETERIORATION,157
CIV,2021,PNUM,AFW,ACCELERATING,ACCELERATION_SIGNAL,Souveraineté numérique,PRIORITY_STANDARD,STRONG_IMPROVEMENT,83
CIV,2021,PRES,AFW,CRITICAL,DETERIORATION_ALERT,Certification énergie-eau,PRIORITY_CRITICAL,STRONG_DETERIORATION,96
CIV,2021,PTRA,AFW,DECLINING,DETERIORATION_ALERT,Transport et logistique,PRIORITY_HIGH,DETERIORATION,110
CIV,2022,PECO,AFW,DECLINING,DECLINE_SIGNAL,Diversification économique,PRIORITY_HIGH,DETERIORATION,142
CIV,2022,PENV,AFW,CRITICAL,DETERIORATION_ALERT,Résilience environnementale,PRIORITY_CRITICAL,STRONG_DETERIORATION,154
CIV,2022,PGEO,AFW,STABLE,STABILITY_SIGNAL,Gouvernance géopolitique et stabilité,PRIORITY_STANDARD,STABLE,122
CIV,2022,PHUM,AFW,PROGRESSING,PROGRESSION_SIGNAL,Capital humain,PRIORITY_STANDARD,IMPROVEMENT,121
CIV,2022,PMIL,AFW,DECLINING,DETERIORATION_ALERT,Résilience sécuritaire,PRIORITY_HIGH,DETERIORATION,116
CIV,2022,PMIN,AFW,PROGRESSING,PROGRESSION_SIGNAL,Chaîne de valeur minière,PRIORITY_STANDARD,IMPROVEMENT,253
CIV,2022,PMON,AFW,DECLINING,DETERIORATION_ALERT,Résilience monétaire et financière,PRIORITY_HIGH,DETERIORATION,157
CIV,2022,PNUM,AFW,ACCELERATING,ACCELERATION_SIGNAL,Souveraineté numérique,PRIORITY_STANDARD,STRONG_IMPROVEMENT,80
CIV,2022,PRES,AFW,CRITICAL,DETERIORATION_ALERT,Certification énergie-eau,PRIORITY_CRITICAL,STRONG_DETERIORATION,189
CIV,2022,PTRA,AFW,DECLINING,DETERIORATION_ALERT,Transport et logistique,PRIORITY_HIGH,DETERIORATION,180
CIV,2023,PECO,AFW,DECLINING,DECLINE_SIGNAL,Diversification économique,PRIORITY_HIGH,DETERIORATION,145
CIV,2023,PENV,AFW,CRITICAL,DETERIORATION_ALERT,Résilience environnementale,PRIORITY_CRITICAL,STRONG_DETERIORATION,158
CIV,2023,PGEO,AFW,STABLE,STABILITY_SIGNAL,Gouvernance géopolitique et stabilité,PRIORITY_STANDARD,STABLE,122
CIV,2023,PHUM,AFW,PROGRESSING,PROGRESSION_SIGNAL,Capital humain,PRIORITY_STANDARD,IMPROVEMENT,122
CIV,2023,PMIL,AFW,DECLINING,DETERIORATION_ALERT,Résilience sécuritaire,PRIORITY_HIGH,DETERIORATION,117
CIV,2023,PMIN,AFW,PROGRESSING,PROGRESSION_SIGNAL,Chaîne de valeur minière,PRIORITY_STANDARD,IMPROVEMENT,253
CIV,2023,PMON,AFW,DECLINING,DETERIORATION_ALERT,Résilience monétaire et financière,PRIORITY_HIGH,DETERIORATION,157
CIV,2023,PNUM,AFW,ACCELERATING,ACCELERATION_SIGNAL,Souveraineté numérique,PRIORITY_STANDARD,STRONG_IMPROVEMENT,84
CIV,2023,PRES,AFW,CRITICAL,DETERIORATION_ALERT,Certification énergie-eau,PRIORITY_CRITICAL,STRONG_DETERIORATION,251
CIV,2023,PTRA,AFW,DECLINING,DETERIORATION_ALERT,Transport et logistique,PRIORITY_HIGH,DETERIORATION,180
CIV,2024,PECO,AFW,DECLINING,DECLINE_SIGNAL,Diversification économique,PRIORITY_HIGH,DETERIORATION,941
CIV,2024,PENV,AFW,CRITICAL,DETERIORATION_ALERT,Résilience environnementale,PRIORITY_CRITICAL,STRONG_DETERIORATION,166
CIV,2024,PGEO,AFW,STABLE,STABILITY_SIGNAL,Gouvernance géopolitique et stabilité,PRIORITY_STANDARD,STABLE,473
CIV,2024,PHUM,AFW,PROGRESSING,PROGRESSION_SIGNAL,Capital humain,PRIORITY_STANDARD,IMPROVEMENT,138
CIV,2024,PMIL,AFW,DECLINING,DETERIORATION_ALERT,Résilience sécuritaire,PRIORITY_HIGH,DETERIORATION,117
CIV,2024,PMIN,AFW,PROGRESSING,PROGRESSION_SIGNAL,Chaîne de valeur minière,PRIORITY_STANDARD,IMPROVEMENT,292
CIV,2024,PMON,AFW,DECLINING,DETERIORATION_ALERT,Résilience monétaire et financière,PRIORITY_HIGH,DETERIORATION,188
CIV,2024,PNUM,AFW,ACCELERATING,ACCELERATION_SIGNAL,Souveraineté numérique,PRIORITY_STANDARD,STRONG_IMPROVEMENT,81
CIV,2024,PRES,AFW,CRITICAL,DETERIORATION_ALERT,Certification énergie-eau,PRIORITY_CRITICAL,STRONG_DETERIORATION,282
CIV,2024,PTRA,AFW,DECLINING,DETERIORATION_ALERT,Transport et logistique,PRIORITY_HIGH,DETERIORATION,297
CMR,2020,PECO,AFC,DECLINING,DECLINE_SIGNAL,Diversification économique,PRIORITY_HIGH,DETERIORATION,155
CMR,2020,PENV,AFC,CRITICAL,DETERIORATION_ALERT,Résilience environnementale,PRIORITY_CRITICAL,STRONG_DETERIORATION,106
CMR,2020,PGEO,AFC,DECLINING,DECLINE_SIGNAL,Gouvernance géopolitique et stabilité,PRIORITY_HIGH,DETERIORATION,121
CMR,2020,PHUM,AFC,DECLINING,DECLINE_SIGNAL,Capital humain,PRIORITY_HIGH,DETERIORATION,119
CMR,2020,PMIL,AFC,PROGRESSING,PROGRESSION_SIGNAL,Résilience sécuritaire,PRIORITY_STANDARD,IMPROVEMENT,86
CMR,2020,PMIN,AFC,PROGRESSING,PROGRESSION_SIGNAL,Chaîne de valeur minière,PRIORITY_STANDARD,IMPROVEMENT,446
CMR,2020,PMON,AFC,CRITICAL,DECLINE_SIGNAL,Résilience monétaire et financière,PRIORITY_CRITICAL,STRONG_DETERIORATION,160
CMR,2020,PNUM,AFC,STABLE,STABILITY_SIGNAL,Souveraineté numérique,PRIORITY_STANDARD,STABLE,80
CMR,2020,PRES,AFC,DECLINING,DETERIORATION_ALERT,Certification énergie-eau,PRIORITY_STANDARD,DETERIORATION,98
CMR,2020,PTRA,AFC,DECLINING,DETERIORATION_ALERT,Transport et logistique,PRIORITY_HIGH,DETERIORATION,110
CMR,2021,PECO,AFC,DECLINING,DECLINE_SIGNAL,Diversification économique,PRIORITY_HIGH,DETERIORATION,155
CMR,2021,PENV,AFC,CRITICAL,DETERIORATION_ALERT,Résilience environnementale,PRIORITY_CRITICAL,STRONG_DETERIORATION,108
CMR,2021,PGEO,AFC,DECLINING,DECLINE_SIGNAL,Gouvernance géopolitique et stabilité,PRIORITY_HIGH,DETERIORATION,121
CMR,2021,PHUM,AFC,DECLINING,DECLINE_SIGNAL,Capital humain,PRIORITY_STANDARD,DETERIORATION,96
CMR,2021,PMIL,AFC,PROGRESSING,PROGRESSION_SIGNAL,Résilience sécuritaire,PRIORITY_STANDARD,IMPROVEMENT,148
CMR,2021,PMIN,AFC,PROGRESSING,PROGRESSION_SIGNAL,Chaîne de valeur minière,PRIORITY_STANDARD,IMPROVEMENT,251
CMR,2021,PMON,AFC,CRITICAL,DECLINE_SIGNAL,Résilience monétaire et financière,PRIORITY_CRITICAL,STRONG_DETERIORATION,160
CMR,2021,PNUM,AFC,STABLE,STABILITY_SIGNAL,Souveraineté numérique,PRIORITY_STANDARD,STABLE,83
CMR,2021,PRES,AFC,DECLINING,DETERIORATION_ALERT,Certification énergie-eau,PRIORITY_STANDARD,DETERIORATION,98
CMR,2021,PTRA,AFC,DECLINING,DETERIORATION_ALERT,Transport et logistique,PRIORITY_HIGH,DETERIORATION,149
CMR,2022,PECO,AFC,DECLINING,DECLINE_SIGNAL,Diversification économique,PRIORITY_HIGH,DETERIORATION,254
CMR,2022,PENV,AFC,CRITICAL,DETERIORATION_ALERT,Résilience environnementale,PRIORITY_CRITICAL,STRONG_DETERIORATION,154
CMR,2022,PGEO,AFC,DECLINING,DECLINE_SIGNAL,Gouvernance géopolitique et stabilité,PRIORITY_HIGH,DETERIORATION,151
CMR,2022,PHUM,AFC,DECLINING,DECLINE_SIGNAL,Capital humain,PRIORITY_HIGH,DETERIORATION,119
CMR,2022,PMIL,AFC,PROGRESSING,PROGRESSION_SIGNAL,Résilience sécuritaire,PRIORITY_STANDARD,IMPROVEMENT,117
CMR,2022,PMIN,AFC,PROGRESSING,PROGRESSION_SIGNAL,Chaîne de valeur minière,PRIORITY_STANDARD,IMPROVEMENT,454
CMR,2022,PMON,AFC,CRITICAL,DECLINE_SIGNAL,Résilience monétaire et financière,PRIORITY_CRITICAL,STRONG_DETERIORATION,160
CMR,2022,PNUM,AFC,STABLE,STABILITY_SIGNAL,Souveraineté numérique,PRIORITY_STANDARD,STABLE,80
CMR,2022,PRES,AFC,DECLINING,DETERIORATION_ALERT,Certification énergie-eau,PRIORITY_HIGH,DETERIORATION,253
CMR,2022,PTRA,AFC,DECLINING,DETERIORATION_ALERT,Transport et logistique,PRIORITY_HIGH,DETERIORATION,180
CMR,2023,PECO,AFC,DECLINING,DECLINE_SIGNAL,Diversification économique,PRIORITY_HIGH,DETERIORATION,254
CMR,2023,PENV,AFC,CRITICAL,DETERIORATION_ALERT,Résilience environnementale,PRIORITY_CRITICAL,STRONG_DETERIORATION,158
CMR,2023,PGEO,AFC,DECLINING,DECLINE_SIGNAL,Gouvernance géopolitique et stabilité,PRIORITY_HIGH,DETERIORATION,151
CMR,2023,PHUM,AFC,DECLINING,DECLINE_SIGNAL,Capital humain,PRIORITY_HIGH,DETERIORATION,120
CMR,2023,PMIL,AFC,PROGRESSING,PROGRESSION_SIGNAL,Résilience sécuritaire,PRIORITY_STANDARD,IMPROVEMENT,149
CMR,2023,PMIN,AFC,PROGRESSING,PROGRESSION_SIGNAL,Chaîne de valeur minière,PRIORITY_STANDARD,IMPROVEMENT,452
CMR,2023,PMON,AFC,CRITICAL,DECLINE_SIGNAL,Résilience monétaire et financière,PRIORITY_CRITICAL,STRONG_DETERIORATION,160
CMR,2023,PNUM,AFC,STABLE,STABILITY_SIGNAL,Souveraineté numérique,PRIORITY_STANDARD,STABLE,115
CMR,2023,PRES,AFC,DECLINING,DETERIORATION_ALERT,Certification énergie-eau,PRIORITY_HIGH,DETERIORATION,315
CMR,2023,PTRA,AFC,DECLINING,DETERIORATION_ALERT,Transport et logistique,PRIORITY_HIGH,DETERIORATION,180
CMR,2024,PECO,AFC,DECLINING,DECLINE_SIGNAL,Diversification économique,PRIORITY_HIGH,DETERIORATION,254
CMR,2024,PENV,AFC,CRITICAL,DETERIORATION_ALERT,Résilience environnementale,PRIORITY_CRITICAL,STRONG_DETERIORATION,166
CMR,2024,PGEO,AFC,DECLINING,DECLINE_SIGNAL,Gouvernance géopolitique et stabilité,PRIORITY_HIGH,DETERIORATION,151
CMR,2024,PHUM,AFC,DECLINING,DECLINE_SIGNAL,Capital humain,PRIORITY_HIGH,DETERIORATION,139
CMR,2024,PMIL,AFC,PROGRESSING,PROGRESSION_SIGNAL,Résilience sécuritaire,PRIORITY_STANDARD,IMPROVEMENT,149
CMR,2024,PMIN,AFC,PROGRESSING,PROGRESSION_SIGNAL,Chaîne de valeur minière,PRIORITY_STANDARD,IMPROVEMENT,612
CMR,2024,PMON,AFC,CRITICAL,DETERIORATION_ALERT,Résilience monétaire et financière,PRIORITY_CRITICAL,STRONG_DETERIORATION,191
CMR,2024,PNUM,AFC,STABLE,STABILITY_SIGNAL,Souveraineté numérique,PRIORITY_STANDARD,STABLE,112
CMR,2024,PRES,AFC,DECLINING,DETERIORATION_ALERT,Certification énergie-eau,PRIORITY_HIGH,DETERIORATION,346
CMR,2024,PTRA,AFC,DECLINING,DETERIORATION_ALERT,Transport et logistique,PRIORITY_HIGH,DETERIORATION,297
COD,2020,PECO,AFC,CRITICAL,DECLINE_SIGNAL,Diversification économique,PRIORITY_CRITICAL,STRONG_DETERIORATION,145
COD,2020,PENV,AFC,CRITICAL,DECLINE_SIGNAL,Résilience environnementale,PRIORITY_CRITICAL,STRONG_DETERIORATION,106
COD,2020,PGEO,AFC,STABLE,STABILITY_SIGNAL,Gouvernance géopolitique et stabilité,PRIORITY_STANDARD,STABLE,132
COD,2020,PHUM,AFC,DECLINING,DECLINE_SIGNAL,Capital humain,PRIORITY_HIGH,DETERIORATION,96
COD,2020,PMIL,AFC,ACCELERATING,PROGRESSION_SIGNAL,Résilience sécuritaire,PRIORITY_STANDARD,STRONG_IMPROVEMENT,89
COD,2020,PMIN,AFC,STABLE,STABILITY_SIGNAL,Chaîne de valeur minière,PRIORITY_STANDARD,STABLE,609
COD,2020,PMON,AFC,DECLINING,DETERIORATION_ALERT,Résilience monétaire et financière,PRIORITY_HIGH,DETERIORATION,128
COD,2020,PNUM,AFC,PROGRESSING,PROGRESSION_SIGNAL,Souveraineté numérique,PRIORITY_STANDARD,IMPROVEMENT,80
COD,2020,PRES,AFC,STABLE,STABILITY_SIGNAL,Certification énergie-eau,PRIORITY_STANDARD,STABLE,96
COD,2020,PTRA,AFC,CRITICAL,DETERIORATION_ALERT,Transport et logistique,PRIORITY_CRITICAL,STRONG_DETERIORATION,149
COD,2021,PECO,AFC,CRITICAL,DECLINE_SIGNAL,Diversification économique,PRIORITY_CRITICAL,STRONG_DETERIORATION,145
COD,2021,PENV,AFC,CRITICAL,DECLINE_SIGNAL,Résilience environnementale,PRIORITY_CRITICAL,STRONG_DETERIORATION,108
COD,2021,PGEO,AFC,STABLE,STABILITY_SIGNAL,Gouvernance géopolitique et stabilité,PRIORITY_STANDARD,STABLE,132
COD,2021,PHUM,AFC,DECLINING,DECLINE_SIGNAL,Capital humain,PRIORITY_HIGH,DETERIORATION,119
COD,2021,PMIL,AFC,ACCELERATING,ACCELERATION_SIGNAL,Résilience sécuritaire,PRIORITY_STANDARD,STRONG_IMPROVEMENT,120
COD,2021,PMIN,AFC,STABLE,STABILITY_SIGNAL,Chaîne de valeur minière,PRIORITY_STANDARD,STABLE,257
COD,2021,PMON,AFC,DECLINING,DETERIORATION_ALERT,Résilience monétaire et financière,PRIORITY_HIGH,DETERIORATION,128
COD,2021,PNUM,AFC,PROGRESSING,PROGRESSION_SIGNAL,Souveraineté numérique,PRIORITY_STANDARD,IMPROVEMENT,114
COD,2021,PRES,AFC,STABLE,STABILITY_SIGNAL,Certification énergie-eau,PRIORITY_STANDARD,STABLE,96
COD,2021,PTRA,AFC,CRITICAL,DETERIORATION_ALERT,Transport et logistique,PRIORITY_CRITICAL,STRONG_DETERIORATION,149
COD,2022,PECO,AFC,CRITICAL,DECLINE_SIGNAL,Diversification économique,PRIORITY_CRITICAL,STRONG_DETERIORATION,145
COD,2022,PENV,AFC,CRITICAL,DETERIORATION_ALERT,Résilience environnementale,PRIORITY_CRITICAL,STRONG_DETERIORATION,154
COD,2022,PGEO,AFC,STABLE,STABILITY_SIGNAL,Gouvernance géopolitique et stabilité,PRIORITY_STANDARD,STABLE,132
COD,2022,PHUM,AFC,DECLINING,DETERIORATION_ALERT,Capital humain,PRIORITY_HIGH,DETERIORATION,119
COD,2022,PMIL,AFC,ACCELERATING,ACCELERATION_SIGNAL,Résilience sécuritaire,PRIORITY_STANDARD,STRONG_IMPROVEMENT,120
COD,2022,PMIN,AFC,STABLE,STABILITY_SIGNAL,Chaîne de valeur minière,PRIORITY_STANDARD,STABLE,656
COD,2022,PMON,AFC,DECLINING,DETERIORATION_ALERT,Résilience monétaire et financière,PRIORITY_HIGH,DETERIORATION,190
COD,2022,PNUM,AFC,PROGRESSING,PROGRESSION_SIGNAL,Souveraineté numérique,PRIORITY_STANDARD,IMPROVEMENT,111
COD,2022,PRES,AFC,STABLE,STABILITY_SIGNAL,Certification énergie-eau,PRIORITY_STANDARD,STABLE,220
COD,2022,PTRA,AFC,CRITICAL,DETERIORATION_ALERT,Transport et logistique,PRIORITY_CRITICAL,STRONG_DETERIORATION,180
COD,2023,PECO,AFC,CRITICAL,DECLINE_SIGNAL,Diversification économique,PRIORITY_CRITICAL,STRONG_DETERIORATION,941
COD,2023,PENV,AFC,CRITICAL,DECLINE_SIGNAL,Résilience environnementale,PRIORITY_CRITICAL,STRONG_DETERIORATION,158
COD,2023,PGEO,AFC,STABLE,STABILITY_SIGNAL,Gouvernance géopolitique et stabilité,PRIORITY_STANDARD,STABLE,483
COD,2023,PHUM,AFC,DECLINING,DECLINE_SIGNAL,Capital humain,PRIORITY_HIGH,DETERIORATION,120
COD,2023,PMIL,AFC,ACCELERATING,PROGRESSION_SIGNAL,Résilience sécuritaire,PRIORITY_STANDARD,STRONG_IMPROVEMENT,121
COD,2023,PMIN,AFC,STABLE,STABILITY_SIGNAL,Chaîne de valeur minière,PRIORITY_STANDARD,STABLE,654
COD,2023,PMON,AFC,DECLINING,DETERIORATION_ALERT,Résilience monétaire et financière,PRIORITY_HIGH,DETERIORATION,221
COD,2023,PNUM,AFC,PROGRESSING,PROGRESSION_SIGNAL,Souveraineté numérique,PRIORITY_STANDARD,IMPROVEMENT,115
COD,2023,PRES,AFC,STABLE,STABILITY_SIGNAL,Certification énergie-eau,PRIORITY_STANDARD,STABLE,282
COD,2023,PTRA,AFC,CRITICAL,DETERIORATION_ALERT,Transport et logistique,PRIORITY_CRITICAL,STRONG_DETERIORATION,180
COD,2024,PECO,AFC,CRITICAL,DECLINE_SIGNAL,Diversification économique,PRIORITY_CRITICAL,STRONG_DETERIORATION,941
COD,2024,PENV,AFC,CRITICAL,DECLINE_SIGNAL,Résilience environnementale,PRIORITY_CRITICAL,STRONG_DETERIORATION,166
COD,2024,PGEO,AFC,STABLE,STABILITY_SIGNAL,Gouvernance géopolitique et stabilité,PRIORITY_STANDARD,STABLE,483
COD,2024,PHUM,AFC,DECLINING,DETERIORATION_ALERT,Capital humain,PRIORITY_HIGH,DETERIORATION,125
COD,2024,PMIL,AFC,ACCELERATING,PROGRESSION_SIGNAL,Résilience sécuritaire,PRIORITY_STANDARD,STRONG_IMPROVEMENT,121
COD,2024,PMIN,AFC,STABLE,STABILITY_SIGNAL,Chaîne de valeur minière,PRIORITY_STANDARD,STABLE,775
COD,2024,PMON,AFC,DECLINING,DECLINE_SIGNAL,Résilience monétaire et financière,PRIORITY_HIGH,DETERIORATION,314
COD,2024,PNUM,AFC,PROGRESSING,PROGRESSION_SIGNAL,Souveraineté numérique,PRIORITY_STANDARD,IMPROVEMENT,112
COD,2024,PRES,AFC,STABLE,STABILITY_SIGNAL,Certification énergie-eau,PRIORITY_STANDARD,STABLE,313
COD,2024,PTRA,AFC,CRITICAL,DETERIORATION_ALERT,Transport et logistique,PRIORITY_CRITICAL,STRONG_DETERIORATION,297
COG,2020,PECO,AFC,CRITICAL,DECLINE_SIGNAL,Diversification économique,PRIORITY_CRITICAL,STRONG_DETERIORATION,155
COG,2020,PENV,AFC,CRITICAL,DETERIORATION_ALERT,Résilience environnementale,PRIORITY_CRITICAL,STRONG_DETERIORATION,106
COG,2020,PGEO,AFC,STABLE,STABILITY_SIGNAL,Gouvernance géopolitique et stabilité,PRIORITY_STANDARD,STABLE,126
COG,2020,PHUM,AFC,CRITICAL,DECLINE_SIGNAL,Capital humain,PRIORITY_CRITICAL,STRONG_DETERIORATION,117
COG,2020,PMIL,AFC,ACCELERATING,PROGRESSION_SIGNAL,Résilience sécuritaire,PRIORITY_STANDARD,STRONG_IMPROVEMENT,86
COG,2020,PMIN,AFC,PROGRESSING,PROGRESSION_SIGNAL,Chaîne de valeur minière,PRIORITY_STANDARD,IMPROVEMENT,565
COG,2020,PMON,AFC,CRITICAL,DETERIORATION_ALERT,Résilience monétaire et financière,PRIORITY_CRITICAL,STRONG_DETERIORATION,98
COG,2020,PNUM,AFC,STABLE,STABILITY_SIGNAL,Souveraineté numérique,PRIORITY_HIGH,STABLE,142
COG,2020,PRES,AFC,STABLE,STABILITY_SIGNAL,Certification énergie-eau,PRIORITY_STANDARD,STABLE,98
COG,2020,PTRA,AFC,CRITICAL,DETERIORATION_ALERT,Transport et logistique,PRIORITY_CRITICAL,STRONG_DETERIORATION,149
COG,2021,PECO,AFC,CRITICAL,DECLINE_SIGNAL,Diversification économique,PRIORITY_CRITICAL,STRONG_DETERIORATION,155
COG,2021,PENV,AFC,CRITICAL,DETERIORATION_ALERT,Résilience environnementale,PRIORITY_CRITICAL,STRONG_DETERIORATION,108
COG,2021,PGEO,AFC,STABLE,STABILITY_SIGNAL,Gouvernance géopolitique et stabilité,PRIORITY_STANDARD,STABLE,127
COG,2021,PHUM,AFC,CRITICAL,DECLINE_SIGNAL,Capital humain,PRIORITY_CRITICAL,STRONG_DETERIORATION,117
COG,2021,PMIL,AFC,ACCELERATING,PROGRESSION_SIGNAL,Résilience sécuritaire,PRIORITY_STANDARD,STRONG_IMPROVEMENT,117
COG,2021,PMIN,AFC,PROGRESSING,PROGRESSION_SIGNAL,Chaîne de valeur minière,PRIORITY_STANDARD,IMPROVEMENT,292
COG,2021,PMON,AFC,CRITICAL,DETERIORATION_ALERT,Résilience monétaire et financière,PRIORITY_CRITICAL,STRONG_DETERIORATION,98
COG,2021,PNUM,AFC,STABLE,STABILITY_SIGNAL,Souveraineté numérique,PRIORITY_HIGH,STABLE,114
COG,2021,PRES,AFC,STABLE,STABILITY_SIGNAL,Certification énergie-eau,PRIORITY_STANDARD,STABLE,98
COG,2021,PTRA,AFC,CRITICAL,DETERIORATION_ALERT,Transport et logistique,PRIORITY_CRITICAL,STRONG_DETERIORATION,149
COG,2022,PECO,AFC,CRITICAL,DECLINE_SIGNAL,Diversification économique,PRIORITY_CRITICAL,STRONG_DETERIORATION,254
COG,2022,PENV,AFC,CRITICAL,DETERIORATION_ALERT,Résilience environnementale,PRIORITY_CRITICAL,STRONG_DETERIORATION,154
COG,2022,PGEO,AFC,STABLE,STABILITY_SIGNAL,Gouvernance géopolitique et stabilité,PRIORITY_STANDARD,STABLE,154
COG,2022,PHUM,AFC,CRITICAL,DECLINE_SIGNAL,Capital humain,PRIORITY_CRITICAL,STRONG_DETERIORATION,163
COG,2022,PMIL,AFC,ACCELERATING,PROGRESSION_SIGNAL,Résilience sécuritaire,PRIORITY_STANDARD,STRONG_IMPROVEMENT,117
COG,2022,PMIN,AFC,PROGRESSING,PROGRESSION_SIGNAL,Chaîne de valeur minière,PRIORITY_STANDARD,IMPROVEMENT,573
COG,2022,PMON,AFC,CRITICAL,DECLINE_SIGNAL,Résilience monétaire et financière,PRIORITY_CRITICAL,STRONG_DETERIORATION,121
COG,2022,PNUM,AFC,STABLE,STABILITY_SIGNAL,Souveraineté numérique,PRIORITY_HIGH,STABLE,111
COG,2022,PRES,AFC,STABLE,STABILITY_SIGNAL,Certification énergie-eau,PRIORITY_STANDARD,STABLE,253
COG,2022,PTRA,AFC,CRITICAL,DETERIORATION_ALERT,Transport et logistique,PRIORITY_CRITICAL,STRONG_DETERIORATION,180
COG,2023,PECO,AFC,CRITICAL,DECLINE_SIGNAL,Diversification économique,PRIORITY_CRITICAL,STRONG_DETERIORATION,254
COG,2023,PENV,AFC,CRITICAL,DETERIORATION_ALERT,Résilience environnementale,PRIORITY_CRITICAL,STRONG_DETERIORATION,158
COG,2023,PGEO,AFC,STABLE,STABILITY_SIGNAL,Gouvernance géopolitique et stabilité,PRIORITY_STANDARD,STABLE,157
COG,2023,PHUM,AFC,CRITICAL,DECLINE_SIGNAL,Capital humain,PRIORITY_CRITICAL,STRONG_DETERIORATION,164
COG,2023,PMIL,AFC,ACCELERATING,PROGRESSION_SIGNAL,Résilience sécuritaire,PRIORITY_STANDARD,STRONG_IMPROVEMENT,118
COG,2023,PMIN,AFC,PROGRESSING,PROGRESSION_SIGNAL,Chaîne de valeur minière,PRIORITY_STANDARD,IMPROVEMENT,573
COG,2023,PMON,AFC,CRITICAL,DETERIORATION_ALERT,Résilience monétaire et financière,PRIORITY_CRITICAL,STRONG_DETERIORATION,121
COG,2023,PNUM,AFC,STABLE,STABILITY_SIGNAL,Souveraineté numérique,PRIORITY_HIGH,STABLE,84
COG,2023,PRES,AFC,STABLE,STABILITY_SIGNAL,Certification énergie-eau,PRIORITY_STANDARD,STABLE,315
COG,2023,PTRA,AFC,CRITICAL,DETERIORATION_ALERT,Transport et logistique,PRIORITY_CRITICAL,STRONG_DETERIORATION,219
COG,2024,PECO,AFC,CRITICAL,DECLINE_SIGNAL,Diversification économique,PRIORITY_CRITICAL,STRONG_DETERIORATION,254
COG,2024,PENV,AFC,CRITICAL,DETERIORATION_ALERT,Résilience environnementale,PRIORITY_CRITICAL,STRONG_DETERIORATION,166
COG,2024,PGEO,AFC,STABLE,STABILITY_SIGNAL,Gouvernance géopolitique et stabilité,PRIORITY_STANDARD,STABLE,157
COG,2024,PHUM,AFC,CRITICAL,DETERIORATION_ALERT,Capital humain,PRIORITY_CRITICAL,STRONG_DETERIORATION,169
COG,2024,PMIL,AFC,ACCELERATING,PROGRESSION_SIGNAL,Résilience sécuritaire,PRIORITY_STANDARD,STRONG_IMPROVEMENT,118
COG,2024,PMIN,AFC,PROGRESSING,PROGRESSION_SIGNAL,Chaîne de valeur minière,PRIORITY_STANDARD,IMPROVEMENT,692
COG,2024,PMON,AFC,CRITICAL,DETERIORATION_ALERT,Résilience monétaire et financière,PRIORITY_CRITICAL,STRONG_DETERIORATION,214
COG,2024,PNUM,AFC,STABLE,STABILITY_SIGNAL,Souveraineté numérique,PRIORITY_HIGH,STABLE,143
COG,2024,PRES,AFC,STABLE,STABILITY_SIGNAL,Certification énergie-eau,PRIORITY_STANDARD,STABLE,346
COG,2024,PTRA,AFC,CRITICAL,DETERIORATION_ALERT,Transport et logistique,PRIORITY_CRITICAL,STRONG_DETERIORATION,297
COM,2020,PECO,AFE,PROGRESSING,PROGRESSION_SIGNAL,Diversification économique,PRIORITY_STANDARD,IMPROVEMENT,215
COM,2020,PENV,AFE,CRITICAL,DETERIORATION_ALERT,Résilience environnementale,PRIORITY_CRITICAL,STRONG_DETERIORATION,106
COM,2020,PGEO,AFE,STABLE,STABILITY_SIGNAL,Gouvernance géopolitique et stabilité,PRIORITY_STANDARD,STABLE,128
COM,2020,PHUM,AFE,STABLE,STABILITY_SIGNAL,Capital humain,PRIORITY_STANDARD,STABLE,96
COM,2020,PMIL,AFE,STABLE,STABILITY_SIGNAL,Résilience sécuritaire,PRIORITY_STANDARD,STABLE,86
COM,2020,PMIN,AFE,STABLE,STABILITY_SIGNAL,Chaîne de valeur minière,PRIORITY_STANDARD,STABLE,280
COM,2020,PMON,AFE,STABLE,STABILITY_SIGNAL,Résilience monétaire et financière,PRIORITY_STANDARD,STABLE,96
COM,2020,PNUM,AFE,STABLE,STABILITY_SIGNAL,Souveraineté numérique,PRIORITY_STANDARD,STABLE,111
COM,2020,PRES,AFE,CRITICAL,DETERIORATION_ALERT,Certification énergie-eau,PRIORITY_CRITICAL,STRONG_DETERIORATION,97
COM,2020,PTRA,AFE,CRITICAL,DETERIORATION_ALERT,Transport et logistique,PRIORITY_CRITICAL,STRONG_DETERIORATION,146
COM,2021,PECO,AFE,PROGRESSING,PROGRESSION_SIGNAL,Diversification économique,PRIORITY_STANDARD,IMPROVEMENT,156
COM,2021,PENV,AFE,CRITICAL,DETERIORATION_ALERT,Résilience environnementale,PRIORITY_CRITICAL,STRONG_DETERIORATION,108
COM,2021,PGEO,AFE,STABLE,STABILITY_SIGNAL,Gouvernance géopolitique et stabilité,PRIORITY_STANDARD,STABLE,129
COM,2021,PHUM,AFE,STABLE,STABILITY_SIGNAL,Capital humain,PRIORITY_STANDARD,STABLE,119
COM,2021,PMIL,AFE,STABLE,STABILITY_SIGNAL,Résilience sécuritaire,PRIORITY_STANDARD,STABLE,86
COM,2021,PMIN,AFE,STABLE,STABILITY_SIGNAL,Chaîne de valeur minière,PRIORITY_STANDARD,STABLE,280
COM,2021,PMON,AFE,STABLE,STABILITY_SIGNAL,Résilience monétaire et financière,PRIORITY_STANDARD,STABLE,96
COM,2021,PNUM,AFE,STABLE,STABILITY_SIGNAL,Souveraineté numérique,PRIORITY_STANDARD,STABLE,114
COM,2021,PRES,AFE,CRITICAL,DETERIORATION_ALERT,Certification énergie-eau,PRIORITY_CRITICAL,STRONG_DETERIORATION,97
COM,2021,PTRA,AFE,CRITICAL,DETERIORATION_ALERT,Transport et logistique,PRIORITY_CRITICAL,STRONG_DETERIORATION,146
COM,2022,PECO,AFE,PROGRESSING,PROGRESSION_SIGNAL,Diversification économique,PRIORITY_STANDARD,IMPROVEMENT,160
COM,2022,PENV,AFE,CRITICAL,DETERIORATION_ALERT,Résilience environnementale,PRIORITY_CRITICAL,STRONG_DETERIORATION,131
COM,2022,PGEO,AFE,STABLE,STABILITY_SIGNAL,Gouvernance géopolitique et stabilité,PRIORITY_STANDARD,STABLE,128
COM,2022,PHUM,AFE,STABLE,STABILITY_SIGNAL,Capital humain,PRIORITY_STANDARD,STABLE,119
COM,2022,PMIL,AFE,STABLE,STABILITY_SIGNAL,Résilience sécuritaire,PRIORITY_STANDARD,STABLE,86
COM,2022,PMIN,AFE,STABLE,STABILITY_SIGNAL,Chaîne de valeur minière,PRIORITY_STANDARD,STABLE,327
COM,2022,PMON,AFE,STABLE,STABILITY_SIGNAL,Résilience monétaire et financière,PRIORITY_STANDARD,STABLE,96
COM,2022,PNUM,AFE,STABLE,STABILITY_SIGNAL,Souveraineté numérique,PRIORITY_STANDARD,STABLE,111
COM,2022,PRES,AFE,CRITICAL,DETERIORATION_ALERT,Certification énergie-eau,PRIORITY_CRITICAL,STRONG_DETERIORATION,159
COM,2022,PTRA,AFE,CRITICAL,DETERIORATION_ALERT,Transport et logistique,PRIORITY_CRITICAL,STRONG_DETERIORATION,177
COM,2023,PECO,AFE,PROGRESSING,PROGRESSION_SIGNAL,Diversification économique,PRIORITY_STANDARD,IMPROVEMENT,160
COM,2023,PENV,AFE,CRITICAL,DETERIORATION_ALERT,Résilience environnementale,PRIORITY_CRITICAL,STRONG_DETERIORATION,158
COM,2023,PGEO,AFE,STABLE,STABILITY_SIGNAL,Gouvernance géopolitique et stabilité,PRIORITY_STANDARD,STABLE,128
COM,2023,PHUM,AFE,STABLE,STABILITY_SIGNAL,Capital humain,PRIORITY_STANDARD,STABLE,120
COM,2023,PMIL,AFE,STABLE,STABILITY_SIGNAL,Résilience sécuritaire,PRIORITY_STANDARD,STABLE,87
COM,2023,PMIN,AFE,STABLE,STABILITY_SIGNAL,Chaîne de valeur minière,PRIORITY_STANDARD,STABLE,288
COM,2023,PMON,AFE,STABLE,STABILITY_SIGNAL,Résilience monétaire et financière,PRIORITY_STANDARD,STABLE,158
COM,2023,PNUM,AFE,STABLE,STABILITY_SIGNAL,Souveraineté numérique,PRIORITY_STANDARD,STABLE,115
COM,2023,PRES,AFE,CRITICAL,DETERIORATION_ALERT,Certification énergie-eau,PRIORITY_CRITICAL,STRONG_DETERIORATION,252
COM,2023,PTRA,AFE,CRITICAL,DETERIORATION_ALERT,Transport et logistique,PRIORITY_CRITICAL,STRONG_DETERIORATION,177
COM,2024,PECO,AFE,PROGRESSING,PROGRESSION_SIGNAL,Diversification économique,PRIORITY_STANDARD,IMPROVEMENT,160
COM,2024,PENV,AFE,CRITICAL,DETERIORATION_ALERT,Résilience environnementale,PRIORITY_CRITICAL,STRONG_DETERIORATION,166
COM,2024,PGEO,AFE,STABLE,STABILITY_SIGNAL,Gouvernance géopolitique et stabilité,PRIORITY_STANDARD,STABLE,128
COM,2024,PHUM,AFE,STABLE,STABILITY_SIGNAL,Capital humain,PRIORITY_STANDARD,STABLE,102
COM,2024,PMIL,AFE,STABLE,STABILITY_SIGNAL,Résilience sécuritaire,PRIORITY_STANDARD,STABLE,87
COM,2024,PMIN,AFE,STABLE,STABILITY_SIGNAL,Chaîne de valeur minière,PRIORITY_STANDARD,STABLE,368
COM,2024,PMON,AFE,STABLE,STABILITY_SIGNAL,Résilience monétaire et financière,PRIORITY_STANDARD,STABLE,181
COM,2024,PNUM,AFE,STABLE,STABILITY_SIGNAL,Souveraineté numérique,PRIORITY_STANDARD,STABLE,174
COM,2024,PRES,AFE,CRITICAL,DETERIORATION_ALERT,Certification énergie-eau,PRIORITY_CRITICAL,STRONG_DETERIORATION,252
COM,2024,PTRA,AFE,CRITICAL,DETERIORATION_ALERT,Transport et logistique,PRIORITY_CRITICAL,STRONG_DETERIORATION,177
CPV,2020,PECO,AFW,CRITICAL,DETERIORATION_ALERT,Diversification économique,PRIORITY_CRITICAL,STRONG_DETERIORATION,154
CPV,2020,PENV,AFW,CRITICAL,DETERIORATION_ALERT,Résilience environnementale,PRIORITY_CRITICAL,STRONG_DETERIORATION,106
CPV,2020,PGEO,AFW,STABLE,STABILITY_SIGNAL,Gouvernance géopolitique et stabilité,PRIORITY_STANDARD,STABLE,124
CPV,2020,PHUM,AFW,DECLINING,DECLINE_SIGNAL,Capital humain,PRIORITY_HIGH,DETERIORATION,119
CPV,2020,PMIL,AFW,DECLINING,DETERIORATION_ALERT,Résilience sécuritaire,PRIORITY_HIGH,DETERIORATION,86
CPV,2020,PMIN,AFW,STABLE,STABILITY_SIGNAL,Chaîne de valeur minière,PRIORITY_STANDARD,STABLE,240
CPV,2020,PMON,AFW,STABLE,STABILITY_SIGNAL,Résilience monétaire et financière,PRIORITY_STANDARD,STABLE,98
CPV,2020,PNUM,AFW,DECLINING,DETERIORATION_ALERT,Souveraineté numérique,PRIORITY_HIGH,DETERIORATION,111
CPV,2020,PRES,AFW,DECLINING,DETERIORATION_ALERT,Certification énergie-eau,PRIORITY_HIGH,DETERIORATION,95
CPV,2020,PTRA,AFW,CRITICAL,DETERIORATION_ALERT,Transport et logistique,PRIORITY_CRITICAL,STRONG_DETERIORATION,78
CPV,2021,PECO,AFW,CRITICAL,DETERIORATION_ALERT,Diversification économique,PRIORITY_CRITICAL,STRONG_DETERIORATION,253
CPV,2021,PENV,AFW,CRITICAL,DETERIORATION_ALERT,Résilience environnementale,PRIORITY_CRITICAL,STRONG_DETERIORATION,108
CPV,2021,PGEO,AFW,STABLE,STABILITY_SIGNAL,Gouvernance géopolitique et stabilité,PRIORITY_STANDARD,STABLE,154
CPV,2021,PHUM,AFW,DECLINING,DECLINE_SIGNAL,Capital humain,PRIORITY_HIGH,DETERIORATION,119
CPV,2021,PMIL,AFW,DECLINING,DETERIORATION_ALERT,Résilience sécuritaire,PRIORITY_HIGH,DETERIORATION,148
CPV,2021,PMIN,AFW,STABLE,STABILITY_SIGNAL,Chaîne de valeur minière,PRIORITY_STANDARD,STABLE,279
CPV,2021,PMON,AFW,STABLE,STABILITY_SIGNAL,Résilience monétaire et financière,PRIORITY_STANDARD,STABLE,98
CPV,2021,PNUM,AFW,DECLINING,DECLINE_SIGNAL,Souveraineté numérique,PRIORITY_HIGH,DETERIORATION,114
CPV,2021,PRES,AFW,DECLINING,DETERIORATION_ALERT,Certification énergie-eau,PRIORITY_HIGH,DETERIORATION,95
CPV,2021,PTRA,AFW,CRITICAL,DETERIORATION_ALERT,Transport et logistique,PRIORITY_CRITICAL,STRONG_DETERIORATION,78
CPV,2022,PECO,AFW,CRITICAL,DETERIORATION_ALERT,Diversification économique,PRIORITY_CRITICAL,STRONG_DETERIORATION,253
CPV,2022,PENV,AFW,CRITICAL,DETERIORATION_ALERT,Résilience environnementale,PRIORITY_CRITICAL,STRONG_DETERIORATION,154
CPV,2022,PGEO,AFW,STABLE,STABILITY_SIGNAL,Gouvernance géopolitique et stabilité,PRIORITY_STANDARD,STABLE,155
CPV,2022,PHUM,AFW,DECLINING,DECLINE_SIGNAL,Capital humain,PRIORITY_HIGH,DETERIORATION,119
CPV,2022,PMIL,AFW,DECLINING,DETERIORATION_ALERT,Résilience sécuritaire,PRIORITY_HIGH,DETERIORATION,148
CPV,2022,PMIN,AFW,STABLE,STABILITY_SIGNAL,Chaîne de valeur minière,PRIORITY_STANDARD,STABLE,287
CPV,2022,PMON,AFW,STABLE,STABILITY_SIGNAL,Résilience monétaire et financière,PRIORITY_STANDARD,STABLE,98
CPV,2022,PNUM,AFW,DECLINING,DECLINE_SIGNAL,Souveraineté numérique,PRIORITY_HIGH,DETERIORATION,111
CPV,2022,PRES,AFW,DECLINING,DETERIORATION_ALERT,Certification énergie-eau,PRIORITY_HIGH,DETERIORATION,157
CPV,2022,PTRA,AFW,CRITICAL,DETERIORATION_ALERT,Transport et logistique,PRIORITY_CRITICAL,STRONG_DETERIORATION,109
CPV,2023,PECO,AFW,CRITICAL,DETERIORATION_ALERT,Diversification économique,PRIORITY_CRITICAL,STRONG_DETERIORATION,253
CPV,2023,PENV,AFW,CRITICAL,DETERIORATION_ALERT,Résilience environnementale,PRIORITY_CRITICAL,STRONG_DETERIORATION,181
CPV,2023,PGEO,AFW,STABLE,STABILITY_SIGNAL,Gouvernance géopolitique et stabilité,PRIORITY_STANDARD,STABLE,154
CPV,2023,PHUM,AFW,DECLINING,DECLINE_SIGNAL,Capital humain,PRIORITY_HIGH,DETERIORATION,120
CPV,2023,PMIL,AFW,DECLINING,DETERIORATION_ALERT,Résilience sécuritaire,PRIORITY_HIGH,DETERIORATION,149
CPV,2023,PMIN,AFW,STABLE,STABILITY_SIGNAL,Chaîne de valeur minière,PRIORITY_STANDARD,STABLE,287
CPV,2023,PMON,AFW,STABLE,STABILITY_SIGNAL,Résilience monétaire et financière,PRIORITY_STANDARD,STABLE,98
CPV,2023,PNUM,AFW,DECLINING,DECLINE_SIGNAL,Souveraineté numérique,PRIORITY_HIGH,DETERIORATION,115
CPV,2023,PRES,AFW,DECLINING,DETERIORATION_ALERT,Certification énergie-eau,PRIORITY_HIGH,DETERIORATION,250
CPV,2023,PTRA,AFW,CRITICAL,DETERIORATION_ALERT,Transport et logistique,PRIORITY_CRITICAL,STRONG_DETERIORATION,148
CPV,2024,PECO,AFW,CRITICAL,DETERIORATION_ALERT,Diversification économique,PRIORITY_CRITICAL,STRONG_DETERIORATION,253
CPV,2024,PENV,AFW,CRITICAL,DETERIORATION_ALERT,Résilience environnementale,PRIORITY_CRITICAL,STRONG_DETERIORATION,189
CPV,2024,PGEO,AFW,STABLE,STABILITY_SIGNAL,Gouvernance géopolitique et stabilité,PRIORITY_STANDARD,STABLE,155
CPV,2024,PHUM,AFW,DECLINING,DECLINE_SIGNAL,Capital humain,PRIORITY_HIGH,DETERIORATION,138
CPV,2024,PMIL,AFW,DECLINING,DETERIORATION_ALERT,Résilience sécuritaire,PRIORITY_HIGH,DETERIORATION,149
CPV,2024,PMIN,AFW,STABLE,STABILITY_SIGNAL,Chaîne de valeur minière,PRIORITY_STANDARD,STABLE,288
CPV,2024,PMON,AFW,STABLE,STABILITY_SIGNAL,Résilience monétaire et financière,PRIORITY_STANDARD,STABLE,98
CPV,2024,PNUM,AFW,DECLINING,DECLINE_SIGNAL,Souveraineté numérique,PRIORITY_HIGH,DETERIORATION,112
CPV,2024,PRES,AFW,DECLINING,DETERIORATION_ALERT,Certification énergie-eau,PRIORITY_HIGH,DETERIORATION,250
CPV,2024,PTRA,AFW,CRITICAL,DETERIORATION_ALERT,Transport et logistique,PRIORITY_CRITICAL,STRONG_DETERIORATION,265
DJI,2020,PECO,AFE,STABLE,STABILITY_SIGNAL,Diversification économique,PRIORITY_STANDARD,STABLE,271
DJI,2020,PENV,AFE,DECLINING,DETERIORATION_ALERT,Résilience environnementale,PRIORITY_HIGH,STABLE,105
DJI,2020,PGEO,AFE,STABLE,STABILITY_SIGNAL,Gouvernance géopolitique et stabilité,PRIORITY_STANDARD,STABLE,126
DJI,2020,PHUM,AFE,DECLINING,DECLINE_SIGNAL,Capital humain,PRIORITY_HIGH,DETERIORATION,117
DJI,2020,PMIL,AFE,PROGRESSING,PROGRESSION_SIGNAL,Résilience sécuritaire,PRIORITY_STANDARD,IMPROVEMENT,90
DJI,2020,PMIN,AFE,PROGRESSING,PROGRESSION_SIGNAL,Chaîne de valeur minière,PRIORITY_STANDARD,IMPROVEMENT,401
DJI,2020,PMON,AFE,PROGRESSING,PROGRESSION_SIGNAL,Résilience monétaire et financière,PRIORITY_STANDARD,IMPROVEMENT,98
DJI,2020,PNUM,AFE,STABLE,STABILITY_SIGNAL,Souveraineté numérique,PRIORITY_STANDARD,STABLE,111
DJI,2020,PRES,AFE,STABLE,STABILITY_SIGNAL,Certification énergie-eau,PRIORITY_STANDARD,STABLE,97
DJI,2020,PTRA,AFE,CRITICAL,DETERIORATION_ALERT,Transport et logistique,PRIORITY_HIGH,STRONG_DETERIORATION,107
DJI,2021,PECO,AFE,STABLE,STABILITY_SIGNAL,Diversification économique,PRIORITY_STANDARD,STABLE,271
DJI,2021,PENV,AFE,DECLINING,DETERIORATION_ALERT,Résilience environnementale,PRIORITY_HIGH,STABLE,107
DJI,2021,PGEO,AFE,STABLE,STABILITY_SIGNAL,Gouvernance géopolitique et stabilité,PRIORITY_STANDARD,STABLE,125
DJI,2021,PHUM,AFE,DECLINING,DECLINE_SIGNAL,Capital humain,PRIORITY_HIGH,DETERIORATION,117
DJI,2021,PMIL,AFE,PROGRESSING,PROGRESSION_SIGNAL,Résilience sécuritaire,PRIORITY_STANDARD,IMPROVEMENT,121
DJI,2021,PMIN,AFE,PROGRESSING,PROGRESSION_SIGNAL,Chaîne de valeur minière,PRIORITY_STANDARD,IMPROVEMENT,282
DJI,2021,PMON,AFE,PROGRESSING,PROGRESSION_SIGNAL,Résilience monétaire et financière,PRIORITY_STANDARD,IMPROVEMENT,98
DJI,2021,PNUM,AFE,STABLE,STABILITY_SIGNAL,Souveraineté numérique,PRIORITY_STANDARD,STABLE,114
DJI,2021,PRES,AFE,STABLE,STABILITY_SIGNAL,Certification énergie-eau,PRIORITY_STANDARD,STABLE,97
DJI,2021,PTRA,AFE,CRITICAL,DETERIORATION_ALERT,Transport et logistique,PRIORITY_HIGH,STRONG_DETERIORATION,107
DJI,2022,PECO,AFE,STABLE,STABILITY_SIGNAL,Diversification économique,PRIORITY_STANDARD,STABLE,271
DJI,2022,PENV,AFE,DECLINING,DETERIORATION_ALERT,Résilience environnementale,PRIORITY_HIGH,STABLE,130
DJI,2022,PGEO,AFE,STABLE,STABILITY_SIGNAL,Gouvernance géopolitique et stabilité,PRIORITY_STANDARD,STABLE,125
DJI,2022,PHUM,AFE,DECLINING,DECLINE_SIGNAL,Capital humain,PRIORITY_HIGH,DETERIORATION,117
DJI,2022,PMIL,AFE,PROGRESSING,PROGRESSION_SIGNAL,Résilience sécuritaire,PRIORITY_STANDARD,IMPROVEMENT,121
DJI,2022,PMIN,AFE,PROGRESSING,PROGRESSION_SIGNAL,Chaîne de valeur minière,PRIORITY_STANDARD,IMPROVEMENT,329
DJI,2022,PMON,AFE,PROGRESSING,PROGRESSION_SIGNAL,Résilience monétaire et financière,PRIORITY_STANDARD,IMPROVEMENT,98
DJI,2022,PNUM,AFE,STABLE,STABILITY_SIGNAL,Souveraineté numérique,PRIORITY_STANDARD,STABLE,111
DJI,2022,PRES,AFE,STABLE,STABILITY_SIGNAL,Certification énergie-eau,PRIORITY_STANDARD,STABLE,159
DJI,2022,PTRA,AFE,CRITICAL,DETERIORATION_ALERT,Transport et logistique,PRIORITY_HIGH,STRONG_DETERIORATION,138
DJI,2023,PECO,AFE,STABLE,STABILITY_SIGNAL,Diversification économique,PRIORITY_STANDARD,STABLE,216
DJI,2023,PENV,AFE,DECLINING,DETERIORATION_ALERT,Résilience environnementale,PRIORITY_HIGH,STABLE,157
DJI,2023,PGEO,AFE,STABLE,STABILITY_SIGNAL,Gouvernance géopolitique et stabilité,PRIORITY_STANDARD,STABLE,125
DJI,2023,PHUM,AFE,DECLINING,DECLINE_SIGNAL,Capital humain,PRIORITY_HIGH,DETERIORATION,118
DJI,2023,PMIL,AFE,PROGRESSING,PROGRESSION_SIGNAL,Résilience sécuritaire,PRIORITY_STANDARD,IMPROVEMENT,122
DJI,2023,PMIN,AFE,PROGRESSING,PROGRESSION_SIGNAL,Chaîne de valeur minière,PRIORITY_STANDARD,IMPROVEMENT,368
DJI,2023,PMON,AFE,PROGRESSING,PROGRESSION_SIGNAL,Résilience monétaire et financière,PRIORITY_STANDARD,IMPROVEMENT,129
DJI,2023,PNUM,AFE,STABLE,STABILITY_SIGNAL,Souveraineté numérique,PRIORITY_STANDARD,STABLE,115
DJI,2023,PRES,AFE,STABLE,STABILITY_SIGNAL,Certification énergie-eau,PRIORITY_STANDARD,STABLE,252
DJI,2023,PTRA,AFE,CRITICAL,DETERIORATION_ALERT,Transport et logistique,PRIORITY_HIGH,STRONG_DETERIORATION,177
DJI,2024,PECO,AFE,STABLE,STABILITY_SIGNAL,Diversification économique,PRIORITY_STANDARD,STABLE,216
DJI,2024,PENV,AFE,DECLINING,DETERIORATION_ALERT,Résilience environnementale,PRIORITY_HIGH,STABLE,165
DJI,2024,PGEO,AFE,STABLE,STABILITY_SIGNAL,Gouvernance géopolitique et stabilité,PRIORITY_STANDARD,STABLE,125
DJI,2024,PHUM,AFE,DECLINING,DECLINE_SIGNAL,Capital humain,PRIORITY_HIGH,DETERIORATION,146
DJI,2024,PMIL,AFE,PROGRESSING,PROGRESSION_SIGNAL,Résilience sécuritaire,PRIORITY_STANDARD,IMPROVEMENT,122
DJI,2024,PMIN,AFE,PROGRESSING,PROGRESSION_SIGNAL,Chaîne de valeur minière,PRIORITY_STANDARD,IMPROVEMENT,448
DJI,2024,PMON,AFE,PROGRESSING,PROGRESSION_SIGNAL,Résilience monétaire et financière,PRIORITY_STANDARD,IMPROVEMENT,129
DJI,2024,PNUM,AFE,STABLE,STABILITY_SIGNAL,Souveraineté numérique,PRIORITY_STANDARD,STABLE,174
DJI,2024,PRES,AFE,STABLE,STABILITY_SIGNAL,Certification énergie-eau,PRIORITY_STANDARD,STABLE,252
DJI,2024,PTRA,AFE,CRITICAL,DETERIORATION_ALERT,Transport et logistique,PRIORITY_HIGH,STRONG_DETERIORATION,177
DZA,2020,PECO,AFN,CRITICAL,DECLINE_SIGNAL,Diversification économique,PRIORITY_CRITICAL,STRONG_DETERIORATION,216
DZA,2020,PENV,AFN,DECLINING,DETERIORATION_ALERT,Résilience environnementale,PRIORITY_HIGH,DETERIORATION,104
DZA,2020,PGEO,AFN,STABLE,STABILITY_SIGNAL,Gouvernance géopolitique et stabilité,PRIORITY_STANDARD,STABLE,125
DZA,2020,PHUM,AFN,DECLINING,DECLINE_SIGNAL,Capital humain,PRIORITY_HIGH,DETERIORATION,119
DZA,2020,PMIL,AFN,ACCELERATING,ACCELERATION_SIGNAL,Résilience sécuritaire,PRIORITY_STANDARD,STRONG_IMPROVEMENT,86
DZA,2020,PMIN,AFN,PROGRESSING,PROGRESSION_SIGNAL,Chaîne de valeur minière,PRIORITY_STANDARD,IMPROVEMENT,407
DZA,2020,PMON,AFN,PROGRESSING,PROGRESSION_SIGNAL,Résilience monétaire et financière,PRIORITY_STANDARD,IMPROVEMENT,99
DZA,2020,PNUM,AFN,PROGRESSING,PROGRESSION_SIGNAL,Souveraineté numérique,PRIORITY_STANDARD,IMPROVEMENT,82
DZA,2020,PRES,AFN,CRITICAL,DETERIORATION_ALERT,Certification énergie-eau,PRIORITY_CRITICAL,STRONG_DETERIORATION,128
DZA,2020,PTRA,AFN,CRITICAL,DETERIORATION_ALERT,Transport et logistique,PRIORITY_CRITICAL,STRONG_DETERIORATION,157
DZA,2021,PECO,AFN,CRITICAL,DECLINE_SIGNAL,Diversification économique,PRIORITY_CRITICAL,STRONG_DETERIORATION,216
DZA,2021,PENV,AFN,DECLINING,DETERIORATION_ALERT,Résilience environnementale,PRIORITY_HIGH,DETERIORATION,106
DZA,2021,PGEO,AFN,STABLE,STABILITY_SIGNAL,Gouvernance géopolitique et stabilité,PRIORITY_STANDARD,STABLE,125
DZA,2021,PHUM,AFN,DECLINING,DECLINE_SIGNAL,Capital humain,PRIORITY_HIGH,DETERIORATION,119
DZA,2021,PMIL,AFN,ACCELERATING,ACCELERATION_SIGNAL,Résilience sécuritaire,PRIORITY_STANDARD,STRONG_IMPROVEMENT,117
DZA,2021,PMIN,AFN,PROGRESSING,PROGRESSION_SIGNAL,Chaîne de valeur minière,PRIORITY_STANDARD,IMPROVEMENT,407
DZA,2021,PMON,AFN,PROGRESSING,PROGRESSION_SIGNAL,Résilience monétaire et financière,PRIORITY_STANDARD,IMPROVEMENT,99
DZA,2021,PNUM,AFN,PROGRESSING,PROGRESSION_SIGNAL,Souveraineté numérique,PRIORITY_STANDARD,IMPROVEMENT,91
DZA,2021,PRES,AFN,CRITICAL,DECLINE_SIGNAL,Certification énergie-eau,PRIORITY_CRITICAL,STRONG_DETERIORATION,128
DZA,2021,PTRA,AFN,CRITICAL,DETERIORATION_ALERT,Transport et logistique,PRIORITY_CRITICAL,STRONG_DETERIORATION,196
DZA,2022,PECO,AFN,CRITICAL,DECLINE_SIGNAL,Diversification économique,PRIORITY_CRITICAL,STRONG_DETERIORATION,216
DZA,2022,PENV,AFN,DECLINING,DETERIORATION_ALERT,Résilience environnementale,PRIORITY_HIGH,DETERIORATION,152
DZA,2022,PGEO,AFN,STABLE,STABILITY_SIGNAL,Gouvernance géopolitique et stabilité,PRIORITY_STANDARD,STABLE,125
DZA,2022,PHUM,AFN,DECLINING,DECLINE_SIGNAL,Capital humain,PRIORITY_HIGH,DETERIORATION,119
DZA,2022,PMIL,AFN,ACCELERATING,PROGRESSION_SIGNAL,Résilience sécuritaire,PRIORITY_STANDARD,STRONG_IMPROVEMENT,117
DZA,2022,PMIN,AFN,PROGRESSING,PROGRESSION_SIGNAL,Chaîne de valeur minière,PRIORITY_STANDARD,IMPROVEMENT,415
DZA,2022,PMON,AFN,PROGRESSING,PROGRESSION_SIGNAL,Résilience monétaire et financière,PRIORITY_STANDARD,IMPROVEMENT,99
DZA,2022,PNUM,AFN,PROGRESSING,PROGRESSION_SIGNAL,Souveraineté numérique,PRIORITY_STANDARD,IMPROVEMENT,82
DZA,2022,PRES,AFN,CRITICAL,DETERIORATION_ALERT,Certification énergie-eau,PRIORITY_CRITICAL,STRONG_DETERIORATION,283
DZA,2022,PTRA,AFN,CRITICAL,DETERIORATION_ALERT,Transport et logistique,PRIORITY_CRITICAL,STRONG_DETERIORATION,227
DZA,2023,PECO,AFN,CRITICAL,DECLINE_SIGNAL,Diversification économique,PRIORITY_HIGH,STRONG_DETERIORATION,216
DZA,2023,PENV,AFN,DECLINING,DETERIORATION_ALERT,Résilience environnementale,PRIORITY_HIGH,DETERIORATION,156
DZA,2023,PGEO,AFN,STABLE,STABILITY_SIGNAL,Gouvernance géopolitique et stabilité,PRIORITY_STANDARD,STABLE,125
DZA,2023,PHUM,AFN,DECLINING,DECLINE_SIGNAL,Capital humain,PRIORITY_HIGH,DETERIORATION,120
DZA,2023,PMIL,AFN,ACCELERATING,ACCELERATION_SIGNAL,Résilience sécuritaire,PRIORITY_STANDARD,STRONG_IMPROVEMENT,118
DZA,2023,PMIN,AFN,PROGRESSING,PROGRESSION_SIGNAL,Chaîne de valeur minière,PRIORITY_STANDARD,IMPROVEMENT,413
DZA,2023,PMON,AFN,PROGRESSING,PROGRESSION_SIGNAL,Résilience monétaire et financière,PRIORITY_STANDARD,IMPROVEMENT,130
DZA,2023,PNUM,AFN,PROGRESSING,PROGRESSION_SIGNAL,Souveraineté numérique,PRIORITY_STANDARD,IMPROVEMENT,92
DZA,2023,PRES,AFN,CRITICAL,DETERIORATION_ALERT,Certification énergie-eau,PRIORITY_CRITICAL,STRONG_DETERIORATION,345
DZA,2023,PTRA,AFN,CRITICAL,DETERIORATION_ALERT,Transport et logistique,PRIORITY_CRITICAL,STRONG_DETERIORATION,227
DZA,2024,PECO,AFN,CRITICAL,DECLINE_SIGNAL,Diversification économique,PRIORITY_CRITICAL,STRONG_DETERIORATION,216
DZA,2024,PENV,AFN,DECLINING,DETERIORATION_ALERT,Résilience environnementale,PRIORITY_CRITICAL,DETERIORATION,164
DZA,2024,PGEO,AFN,STABLE,STABILITY_SIGNAL,Gouvernance géopolitique et stabilité,PRIORITY_STANDARD,STABLE,125
DZA,2024,PHUM,AFN,DECLINING,DECLINE_SIGNAL,Capital humain,PRIORITY_HIGH,DETERIORATION,124
DZA,2024,PMIL,AFN,ACCELERATING,ACCELERATION_SIGNAL,Résilience sécuritaire,PRIORITY_STANDARD,STRONG_IMPROVEMENT,149
DZA,2024,PMIN,AFN,PROGRESSING,PROGRESSION_SIGNAL,Chaîne de valeur minière,PRIORITY_STANDARD,IMPROVEMENT,296
DZA,2024,PMON,AFN,PROGRESSING,PROGRESSION_SIGNAL,Résilience monétaire et financière,PRIORITY_STANDARD,IMPROVEMENT,130
DZA,2024,PNUM,AFN,PROGRESSING,PROGRESSION_SIGNAL,Souveraineté numérique,PRIORITY_STANDARD,IMPROVEMENT,83
DZA,2024,PRES,AFN,CRITICAL,DETERIORATION_ALERT,Certification énergie-eau,PRIORITY_CRITICAL,STRONG_DETERIORATION,376
DZA,2024,PTRA,AFN,CRITICAL,DETERIORATION_ALERT,Transport et logistique,PRIORITY_CRITICAL,STRONG_DETERIORATION,344
EGY,2020,PECO,AFN,CRITICAL,DETERIORATION_ALERT,Diversification économique,PRIORITY_CRITICAL,STRONG_DETERIORATION,943
EGY,2020,PENV,AFN,CRITICAL,DETERIORATION_ALERT,Résilience environnementale,PRIORITY_CRITICAL,STRONG_DETERIORATION,106
EGY,2020,PGEO,AFN,DECLINING,DECLINE_SIGNAL,Gouvernance géopolitique et stabilité,PRIORITY_HIGH,DETERIORATION,471
EGY,2020,PHUM,AFN,STABLE,STABILITY_SIGNAL,Capital humain,PRIORITY_STANDARD,STABLE,119
EGY,2020,PMIL,AFN,DECLINING,DECLINE_SIGNAL,Résilience sécuritaire,PRIORITY_HIGH,DETERIORATION,117
EGY,2020,PMIN,AFN,ACCELERATING,ACCELERATION_SIGNAL,Chaîne de valeur minière,PRIORITY_STANDARD,STRONG_IMPROVEMENT,249
EGY,2020,PMON,AFN,CRITICAL,DECLINE_SIGNAL,Résilience monétaire et financière,PRIORITY_HIGH,STRONG_DETERIORATION,127
EGY,2020,PNUM,AFN,PROGRESSING,PROGRESSION_SIGNAL,Souveraineté numérique,PRIORITY_STANDARD,IMPROVEMENT,80
EGY,2020,PRES,AFN,CRITICAL,DETERIORATION_ALERT,Certification énergie-eau,PRIORITY_CRITICAL,STRONG_DETERIORATION,97
EGY,2020,PTRA,AFN,CRITICAL,DECLINE_SIGNAL,Transport et logistique,PRIORITY_HIGH,STRONG_DETERIORATION,189
EGY,2021,PECO,AFN,CRITICAL,DETERIORATION_ALERT,Diversification économique,PRIORITY_CRITICAL,STRONG_DETERIORATION,943
EGY,2021,PENV,AFN,CRITICAL,DETERIORATION_ALERT,Résilience environnementale,PRIORITY_CRITICAL,STRONG_DETERIORATION,108
EGY,2021,PGEO,AFN,DECLINING,DECLINE_SIGNAL,Gouvernance géopolitique et stabilité,PRIORITY_HIGH,DETERIORATION,471
EGY,2021,PHUM,AFN,STABLE,STABILITY_SIGNAL,Capital humain,PRIORITY_STANDARD,STABLE,96
EGY,2021,PMIL,AFN,DECLINING,DETERIORATION_ALERT,Résilience sécuritaire,PRIORITY_HIGH,DETERIORATION,148
EGY,2021,PMIN,AFN,ACCELERATING,PROGRESSION_SIGNAL,Chaîne de valeur minière,PRIORITY_STANDARD,STRONG_IMPROVEMENT,249
EGY,2021,PMON,AFN,CRITICAL,DECLINE_SIGNAL,Résilience monétaire et financière,PRIORITY_HIGH,STRONG_DETERIORATION,127
EGY,2021,PNUM,AFN,PROGRESSING,PROGRESSION_SIGNAL,Souveraineté numérique,PRIORITY_STANDARD,IMPROVEMENT,83
EGY,2021,PRES,AFN,CRITICAL,DETERIORATION_ALERT,Certification énergie-eau,PRIORITY_CRITICAL,STRONG_DETERIORATION,97
EGY,2021,PTRA,AFN,CRITICAL,DECLINE_SIGNAL,Transport et logistique,PRIORITY_HIGH,STRONG_DETERIORATION,189
EGY,2022,PECO,AFN,CRITICAL,DETERIORATION_ALERT,Diversification économique,PRIORITY_CRITICAL,STRONG_DETERIORATION,943
EGY,2022,PENV,AFN,CRITICAL,DETERIORATION_ALERT,Résilience environnementale,PRIORITY_CRITICAL,STRONG_DETERIORATION,154
EGY,2022,PGEO,AFN,DECLINING,DECLINE_SIGNAL,Gouvernance géopolitique et stabilité,PRIORITY_HIGH,DETERIORATION,471
EGY,2022,PHUM,AFN,STABLE,STABILITY_SIGNAL,Capital humain,PRIORITY_STANDARD,STABLE,119
EGY,2022,PMIL,AFN,DECLINING,DETERIORATION_ALERT,Résilience sécuritaire,PRIORITY_HIGH,DETERIORATION,148
EGY,2022,PMIN,AFN,ACCELERATING,ACCELERATION_SIGNAL,Chaîne de valeur minière,PRIORITY_STANDARD,STRONG_IMPROVEMENT,257
EGY,2022,PMON,AFN,CRITICAL,DECLINE_SIGNAL,Résilience monétaire et financière,PRIORITY_HIGH,STRONG_DETERIORATION,127
EGY,2022,PNUM,AFN,PROGRESSING,PROGRESSION_SIGNAL,Souveraineté numérique,PRIORITY_STANDARD,IMPROVEMENT,80
EGY,2022,PRES,AFN,CRITICAL,DETERIORATION_ALERT,Certification énergie-eau,PRIORITY_CRITICAL,STRONG_DETERIORATION,221
EGY,2022,PTRA,AFN,CRITICAL,DECLINE_SIGNAL,Transport et logistique,PRIORITY_HIGH,STRONG_DETERIORATION,220
EGY,2023,PECO,AFN,CRITICAL,DETERIORATION_ALERT,Diversification économique,PRIORITY_CRITICAL,STRONG_DETERIORATION,939
EGY,2023,PENV,AFN,CRITICAL,DETERIORATION_ALERT,Résilience environnementale,PRIORITY_CRITICAL,STRONG_DETERIORATION,158
EGY,2023,PGEO,AFN,DECLINING,DECLINE_SIGNAL,Gouvernance géopolitique et stabilité,PRIORITY_HIGH,DETERIORATION,471
EGY,2023,PHUM,AFN,STABLE,STABILITY_SIGNAL,Capital humain,PRIORITY_STANDARD,STABLE,120
EGY,2023,PMIL,AFN,DECLINING,DETERIORATION_ALERT,Résilience sécuritaire,PRIORITY_HIGH,DETERIORATION,149
EGY,2023,PMIN,AFN,ACCELERATING,ACCELERATION_SIGNAL,Chaîne de valeur minière,PRIORITY_STANDARD,STRONG_IMPROVEMENT,294
EGY,2023,PMON,AFN,CRITICAL,DECLINE_SIGNAL,Résilience monétaire et financière,PRIORITY_HIGH,STRONG_DETERIORATION,127
EGY,2023,PNUM,AFN,PROGRESSING,PROGRESSION_SIGNAL,Souveraineté numérique,PRIORITY_STANDARD,IMPROVEMENT,84
EGY,2023,PRES,AFN,CRITICAL,DETERIORATION_ALERT,Certification énergie-eau,PRIORITY_CRITICAL,STRONG_DETERIORATION,252
EGY,2023,PTRA,AFN,CRITICAL,DETERIORATION_ALERT,Transport et logistique,PRIORITY_HIGH,STRONG_DETERIORATION,259
EGY,2024,PECO,AFN,CRITICAL,DECLINE_SIGNAL,Diversification économique,PRIORITY_CRITICAL,STRONG_DETERIORATION,940
EGY,2024,PENV,AFN,CRITICAL,DETERIORATION_ALERT,Résilience environnementale,PRIORITY_CRITICAL,STRONG_DETERIORATION,166
EGY,2024,PGEO,AFN,DECLINING,DECLINE_SIGNAL,Gouvernance géopolitique et stabilité,PRIORITY_HIGH,DETERIORATION,473
EGY,2024,PHUM,AFN,STABLE,STABILITY_SIGNAL,Capital humain,PRIORITY_STANDARD,STABLE,124
EGY,2024,PMIL,AFN,DECLINING,DETERIORATION_ALERT,Résilience sécuritaire,PRIORITY_HIGH,DETERIORATION,149
EGY,2024,PMIN,AFN,ACCELERATING,ACCELERATION_SIGNAL,Chaîne de valeur minière,PRIORITY_STANDARD,STRONG_IMPROVEMENT,296
EGY,2024,PMON,AFN,CRITICAL,DECLINE_SIGNAL,Résilience monétaire et financière,PRIORITY_HIGH,STRONG_DETERIORATION,127
EGY,2024,PNUM,AFN,PROGRESSING,PROGRESSION_SIGNAL,Souveraineté numérique,PRIORITY_STANDARD,IMPROVEMENT,81
EGY,2024,PRES,AFN,CRITICAL,DETERIORATION_ALERT,Certification énergie-eau,PRIORITY_CRITICAL,STRONG_DETERIORATION,283
EGY,2024,PTRA,AFN,CRITICAL,DETERIORATION_ALERT,Transport et logistique,PRIORITY_HIGH,STRONG_DETERIORATION,376
ERI,2020,PECO,AFE,CRITICAL,DECLINE_SIGNAL,Diversification économique,PRIORITY_CRITICAL,STRONG_DETERIORATION,323
ERI,2020,PENV,AFE,CRITICAL,DETERIORATION_ALERT,Résilience environnementale,PRIORITY_HIGH,STRONG_DETERIORATION,105
ERI,2020,PGEO,AFE,STABLE,STABILITY_SIGNAL,Gouvernance géopolitique et stabilité,PRIORITY_STANDARD,STABLE,128
ERI,2020,PHUM,AFE,CRITICAL,DETERIORATION_ALERT,Capital humain,PRIORITY_CRITICAL,STRONG_DETERIORATION,167
ERI,2020,PMIL,AFE,ACCELERATING,PROGRESSION_SIGNAL,Résilience sécuritaire,PRIORITY_STANDARD,STRONG_IMPROVEMENT,122
ERI,2020,PMIN,AFE,ACCELERATING,PROGRESSION_SIGNAL,Chaîne de valeur minière,PRIORITY_STANDARD,STRONG_IMPROVEMENT,448
ERI,2020,PMON,AFE,STABLE,STABILITY_SIGNAL,Résilience monétaire et financière,PRIORITY_STANDARD,STABLE,208
ERI,2020,PNUM,AFE,PROGRESSING,PROGRESSION_SIGNAL,Souveraineté numérique,PRIORITY_STANDARD,IMPROVEMENT,111
ERI,2020,PRES,AFE,PROGRESSING,PROGRESSION_SIGNAL,Certification énergie-eau,PRIORITY_STANDARD,IMPROVEMENT,129
ERI,2020,PTRA,AFE,STABLE,STABILITY_SIGNAL,Transport et logistique,PRIORITY_STANDARD,STABLE,188
ERI,2021,PECO,AFE,CRITICAL,DECLINE_SIGNAL,Diversification économique,PRIORITY_CRITICAL,STRONG_DETERIORATION,323
ERI,2021,PENV,AFE,CRITICAL,DETERIORATION_ALERT,Résilience environnementale,PRIORITY_HIGH,STRONG_DETERIORATION,107
ERI,2021,PGEO,AFE,STABLE,STABILITY_SIGNAL,Gouvernance géopolitique et stabilité,PRIORITY_STANDARD,STABLE,129
ERI,2021,PHUM,AFE,CRITICAL,DETERIORATION_ALERT,Capital humain,PRIORITY_CRITICAL,STRONG_DETERIORATION,167
ERI,2021,PMIL,AFE,ACCELERATING,ACCELERATION_SIGNAL,Résilience sécuritaire,PRIORITY_STANDARD,STRONG_IMPROVEMENT,153
ERI,2021,PMIN,AFE,ACCELERATING,ACCELERATION_SIGNAL,Chaîne de valeur minière,PRIORITY_STANDARD,STRONG_IMPROVEMENT,253
ERI,2021,PMON,AFE,STABLE,STABILITY_SIGNAL,Résilience monétaire et financière,PRIORITY_STANDARD,STABLE,208
ERI,2021,PNUM,AFE,PROGRESSING,PROGRESSION_SIGNAL,Souveraineté numérique,PRIORITY_STANDARD,IMPROVEMENT,145
ERI,2021,PRES,AFE,PROGRESSING,PROGRESSION_SIGNAL,Certification énergie-eau,PRIORITY_STANDARD,IMPROVEMENT,129
ERI,2021,PTRA,AFE,STABLE,STABILITY_SIGNAL,Transport et logistique,PRIORITY_STANDARD,STABLE,266
ERI,2022,PECO,AFE,CRITICAL,DECLINE_SIGNAL,Diversification économique,PRIORITY_CRITICAL,STRONG_DETERIORATION,323
ERI,2022,PENV,AFE,CRITICAL,DETERIORATION_ALERT,Résilience environnementale,PRIORITY_CRITICAL,STRONG_DETERIORATION,153
ERI,2022,PGEO,AFE,STABLE,STABILITY_SIGNAL,Gouvernance géopolitique et stabilité,PRIORITY_STANDARD,STABLE,126
ERI,2022,PHUM,AFE,CRITICAL,DECLINE_SIGNAL,Capital humain,PRIORITY_CRITICAL,STRONG_DETERIORATION,167
ERI,2022,PMIL,AFE,ACCELERATING,PROGRESSION_SIGNAL,Résilience sécuritaire,PRIORITY_STANDARD,STRONG_IMPROVEMENT,153
ERI,2022,PMIN,AFE,ACCELERATING,PROGRESSION_SIGNAL,Chaîne de valeur minière,PRIORITY_STANDARD,STRONG_IMPROVEMENT,448
ERI,2022,PMON,AFE,STABLE,STABILITY_SIGNAL,Résilience monétaire et financière,PRIORITY_STANDARD,STABLE,208
ERI,2022,PNUM,AFE,PROGRESSING,PROGRESSION_SIGNAL,Souveraineté numérique,PRIORITY_STANDARD,IMPROVEMENT,142
ERI,2022,PRES,AFE,PROGRESSING,PROGRESSION_SIGNAL,Certification énergie-eau,PRIORITY_STANDARD,IMPROVEMENT,191
ERI,2022,PTRA,AFE,STABLE,STABILITY_SIGNAL,Transport et logistique,PRIORITY_HIGH,STABLE,297
ERI,2023,PECO,AFE,CRITICAL,DECLINE_SIGNAL,Diversification économique,PRIORITY_CRITICAL,STRONG_DETERIORATION,323
ERI,2023,PENV,AFE,CRITICAL,DETERIORATION_ALERT,Résilience environnementale,PRIORITY_CRITICAL,STRONG_DETERIORATION,157
ERI,2023,PGEO,AFE,STABLE,STABILITY_SIGNAL,Gouvernance géopolitique et stabilité,PRIORITY_STANDARD,STABLE,130
ERI,2023,PHUM,AFE,CRITICAL,DETERIORATION_ALERT,Capital humain,PRIORITY_CRITICAL,STRONG_DETERIORATION,167
ERI,2023,PMIL,AFE,ACCELERATING,ACCELERATION_SIGNAL,Résilience sécuritaire,PRIORITY_STANDARD,STRONG_IMPROVEMENT,154
ERI,2023,PMIN,AFE,ACCELERATING,PROGRESSION_SIGNAL,Chaîne de valeur minière,PRIORITY_STANDARD,STRONG_IMPROVEMENT,448
ERI,2023,PMON,AFE,STABLE,STABILITY_SIGNAL,Résilience monétaire et financière,PRIORITY_STANDARD,STABLE,208
ERI,2023,PNUM,AFE,PROGRESSING,PROGRESSION_SIGNAL,Souveraineté numérique,PRIORITY_STANDARD,IMPROVEMENT,208
ERI,2023,PRES,AFE,PROGRESSING,PROGRESSION_SIGNAL,Certification énergie-eau,PRIORITY_STANDARD,IMPROVEMENT,253
ERI,2023,PTRA,AFE,STABLE,STABILITY_SIGNAL,Transport et logistique,PRIORITY_HIGH,STABLE,297
ERI,2024,PECO,AFE,CRITICAL,DECLINE_SIGNAL,Diversification économique,PRIORITY_CRITICAL,STRONG_DETERIORATION,323
ERI,2024,PENV,AFE,CRITICAL,DETERIORATION_ALERT,Résilience environnementale,PRIORITY_CRITICAL,STRONG_DETERIORATION,165
ERI,2024,PGEO,AFE,STABLE,STABILITY_SIGNAL,Gouvernance géopolitique et stabilité,PRIORITY_STANDARD,STABLE,129
ERI,2024,PHUM,AFE,CRITICAL,DETERIORATION_ALERT,Capital humain,PRIORITY_CRITICAL,STRONG_DETERIORATION,184
ERI,2024,PMIL,AFE,ACCELERATING,ACCELERATION_SIGNAL,Résilience sécuritaire,PRIORITY_STANDARD,STRONG_IMPROVEMENT,154
ERI,2024,PMIN,AFE,ACCELERATING,PROGRESSION_SIGNAL,Chaîne de valeur minière,PRIORITY_STANDARD,STRONG_IMPROVEMENT,448
ERI,2024,PMON,AFE,STABLE,STABILITY_SIGNAL,Résilience monétaire et financière,PRIORITY_STANDARD,STABLE,208
ERI,2024,PNUM,AFE,PROGRESSING,PROGRESSION_SIGNAL,Souveraineté numérique,PRIORITY_STANDARD,IMPROVEMENT,205
ERI,2024,PRES,AFE,PROGRESSING,PROGRESSION_SIGNAL,Certification énergie-eau,PRIORITY_STANDARD,IMPROVEMENT,284
ERI,2024,PTRA,AFE,STABLE,STABILITY_SIGNAL,Transport et logistique,PRIORITY_HIGH,STABLE,297
ETH,2020,PECO,AFE,ACCELERATING,PROGRESSION_SIGNAL,Diversification économique,PRIORITY_STANDARD,STRONG_IMPROVEMENT,155
ETH,2020,PENV,AFE,CRITICAL,DECLINE_SIGNAL,Résilience environnementale,PRIORITY_CRITICAL,STRONG_DETERIORATION,106
ETH,2020,PGEO,AFE,DECLINING,DECLINE_SIGNAL,Gouvernance géopolitique et stabilité,PRIORITY_HIGH,DETERIORATION,119
ETH,2020,PHUM,AFE,DECLINING,DECLINE_SIGNAL,Capital humain,PRIORITY_HIGH,DETERIORATION,117
ETH,2020,PMIL,AFE,ACCELERATING,PROGRESSION_SIGNAL,Résilience sécuritaire,PRIORITY_STANDARD,STRONG_IMPROVEMENT,117
ETH,2020,PMIN,AFE,STABLE,STABILITY_SIGNAL,Chaîne de valeur minière,PRIORITY_STANDARD,STABLE,408
ETH,2020,PMON,AFE,DECLINING,DECLINE_SIGNAL,Résilience monétaire et financière,PRIORITY_STANDARD,DETERIORATION,94
ETH,2020,PNUM,AFE,PROGRESSING,PROGRESSION_SIGNAL,Souveraineté numérique,PRIORITY_STANDARD,IMPROVEMENT,111
ETH,2020,PRES,AFE,DECLINING,DECLINE_SIGNAL,Certification énergie-eau,PRIORITY_HIGH,DETERIORATION,99
ETH,2020,PTRA,AFE,CRITICAL,DECLINE_SIGNAL,Transport et logistique,PRIORITY_HIGH,STRONG_DETERIORATION,108
ETH,2021,PECO,AFE,ACCELERATING,ACCELERATION_SIGNAL,Diversification économique,PRIORITY_STANDARD,STRONG_IMPROVEMENT,152
ETH,2021,PENV,AFE,CRITICAL,DETERIORATION_ALERT,Résilience environnementale,PRIORITY_CRITICAL,STRONG_DETERIORATION,131
ETH,2021,PGEO,AFE,DECLINING,DECLINE_SIGNAL,Gouvernance géopolitique et stabilité,PRIORITY_HIGH,DETERIORATION,119
ETH,2021,PHUM,AFE,DECLINING,DECLINE_SIGNAL,Capital humain,PRIORITY_HIGH,DETERIORATION,94
ETH,2021,PMIL,AFE,ACCELERATING,PROGRESSION_SIGNAL,Résilience sécuritaire,PRIORITY_STANDARD,STRONG_IMPROVEMENT,148
ETH,2021,PMIN,AFE,STABLE,STABILITY_SIGNAL,Chaîne de valeur minière,PRIORITY_STANDARD,STABLE,330
ETH,2021,PMON,AFE,DECLINING,DECLINE_SIGNAL,Résilience monétaire et financière,PRIORITY_STANDARD,DETERIORATION,94
ETH,2021,PNUM,AFE,PROGRESSING,PROGRESSION_SIGNAL,Souveraineté numérique,PRIORITY_STANDARD,IMPROVEMENT,114
ETH,2021,PRES,AFE,DECLINING,DECLINE_SIGNAL,Certification énergie-eau,PRIORITY_HIGH,DETERIORATION,161
ETH,2021,PTRA,AFE,CRITICAL,DECLINE_SIGNAL,Transport et logistique,PRIORITY_HIGH,STRONG_DETERIORATION,108
ETH,2022,PECO,AFE,ACCELERATING,PROGRESSION_SIGNAL,Diversification économique,PRIORITY_STANDARD,STRONG_IMPROVEMENT,155
ETH,2022,PENV,AFE,CRITICAL,DETERIORATION_ALERT,Résilience environnementale,PRIORITY_CRITICAL,STRONG_DETERIORATION,154
ETH,2022,PGEO,AFE,DECLINING,DECLINE_SIGNAL,Gouvernance géopolitique et stabilité,PRIORITY_HIGH,DETERIORATION,119
ETH,2022,PHUM,AFE,DECLINING,DECLINE_SIGNAL,Capital humain,PRIORITY_HIGH,DETERIORATION,117
ETH,2022,PMIL,AFE,ACCELERATING,PROGRESSION_SIGNAL,Résilience sécuritaire,PRIORITY_STANDARD,STRONG_IMPROVEMENT,148
ETH,2022,PMIN,AFE,STABLE,STABILITY_SIGNAL,Chaîne de valeur minière,PRIORITY_STANDARD,STABLE,416
ETH,2022,PMON,AFE,DECLINING,DETERIORATION_ALERT,Résilience monétaire et financière,PRIORITY_HIGH,DETERIORATION,125
ETH,2022,PNUM,AFE,PROGRESSING,PROGRESSION_SIGNAL,Souveraineté numérique,PRIORITY_STANDARD,IMPROVEMENT,111
ETH,2022,PRES,AFE,DECLINING,DETERIORATION_ALERT,Certification énergie-eau,PRIORITY_HIGH,DETERIORATION,223
ETH,2022,PTRA,AFE,CRITICAL,DECLINE_SIGNAL,Transport et logistique,PRIORITY_HIGH,STRONG_DETERIORATION,108
ETH,2023,PECO,AFE,ACCELERATING,PROGRESSION_SIGNAL,Diversification économique,PRIORITY_STANDARD,STRONG_IMPROVEMENT,155
ETH,2023,PENV,AFE,CRITICAL,DETERIORATION_ALERT,Résilience environnementale,PRIORITY_CRITICAL,STRONG_DETERIORATION,158
ETH,2023,PGEO,AFE,DECLINING,DECLINE_SIGNAL,Gouvernance géopolitique et stabilité,PRIORITY_HIGH,DETERIORATION,119
ETH,2023,PHUM,AFE,DECLINING,DECLINE_SIGNAL,Capital humain,PRIORITY_HIGH,DETERIORATION,118
ETH,2023,PMIL,AFE,ACCELERATING,PROGRESSION_SIGNAL,Résilience sécuritaire,PRIORITY_STANDARD,STRONG_IMPROVEMENT,149
ETH,2023,PMIN,AFE,STABLE,STABILITY_SIGNAL,Chaîne de valeur minière,PRIORITY_STANDARD,STABLE,414
ETH,2023,PMON,AFE,DECLINING,DETERIORATION_ALERT,Résilience monétaire et financière,PRIORITY_HIGH,DETERIORATION,125
ETH,2023,PNUM,AFE,PROGRESSING,PROGRESSION_SIGNAL,Souveraineté numérique,PRIORITY_STANDARD,IMPROVEMENT,115
ETH,2023,PRES,AFE,DECLINING,DETERIORATION_ALERT,Certification énergie-eau,PRIORITY_HIGH,DETERIORATION,285
ETH,2023,PTRA,AFE,CRITICAL,DECLINE_SIGNAL,Transport et logistique,PRIORITY_HIGH,STRONG_DETERIORATION,108
ETH,2024,PECO,AFE,ACCELERATING,ACCELERATION_SIGNAL,Diversification économique,PRIORITY_STANDARD,STRONG_IMPROVEMENT,155
ETH,2024,PENV,AFE,CRITICAL,DETERIORATION_ALERT,Résilience environnementale,PRIORITY_CRITICAL,STRONG_DETERIORATION,166
ETH,2024,PGEO,AFE,DECLINING,DECLINE_SIGNAL,Gouvernance géopolitique et stabilité,PRIORITY_HIGH,DETERIORATION,119
ETH,2024,PHUM,AFE,DECLINING,DECLINE_SIGNAL,Capital humain,PRIORITY_HIGH,DETERIORATION,123
ETH,2024,PMIL,AFE,ACCELERATING,PROGRESSION_SIGNAL,Résilience sécuritaire,PRIORITY_STANDARD,STRONG_IMPROVEMENT,149
ETH,2024,PMIN,AFE,STABLE,STABILITY_SIGNAL,Chaîne de valeur minière,PRIORITY_STANDARD,STABLE,535
ETH,2024,PMON,AFE,DECLINING,DETERIORATION_ALERT,Résilience monétaire et financière,PRIORITY_HIGH,DETERIORATION,125
ETH,2024,PNUM,AFE,PROGRESSING,PROGRESSION_SIGNAL,Souveraineté numérique,PRIORITY_STANDARD,IMPROVEMENT,112
ETH,2024,PRES,AFE,DECLINING,DETERIORATION_ALERT,Certification énergie-eau,PRIORITY_HIGH,DETERIORATION,316
ETH,2024,PTRA,AFE,CRITICAL,DETERIORATION_ALERT,Transport et logistique,PRIORITY_CRITICAL,STRONG_DETERIORATION,225
GAB,2020,PECO,AFC,STABLE,STABILITY_SIGNAL,Diversification économique,PRIORITY_STANDARD,STABLE,156
GAB,2020,PENV,AFC,CRITICAL,DETERIORATION_ALERT,Résilience environnementale,PRIORITY_HIGH,STRONG_DETERIORATION,107
GAB,2020,PGEO,AFC,STABLE,STABILITY_SIGNAL,Gouvernance géopolitique et stabilité,PRIORITY_STANDARD,STABLE,121
GAB,2020,PHUM,AFC,STABLE,STABILITY_SIGNAL,Capital humain,PRIORITY_STANDARD,STABLE,121
GAB,2020,PMIL,AFC,STABLE,STABILITY_SIGNAL,Résilience sécuritaire,PRIORITY_STANDARD,STABLE,85
GAB,2020,PMIN,AFC,PROGRESSING,PROGRESSION_SIGNAL,Chaîne de valeur minière,PRIORITY_STANDARD,IMPROVEMENT,405
GAB,2020,PMON,AFC,CRITICAL,DECLINE_SIGNAL,Résilience monétaire et financière,PRIORITY_CRITICAL,STRONG_DETERIORATION,183
GAB,2020,PNUM,AFC,STABLE,STABILITY_SIGNAL,Souveraineté numérique,PRIORITY_STANDARD,STABLE,79
GAB,2020,PRES,AFC,CRITICAL,DECLINE_SIGNAL,Certification énergie-eau,PRIORITY_CRITICAL,STRONG_DETERIORATION,98
GAB,2020,PTRA,AFC,CRITICAL,DETERIORATION_ALERT,Transport et logistique,PRIORITY_CRITICAL,STRONG_DETERIORATION,226
GAB,2021,PECO,AFC,STABLE,STABILITY_SIGNAL,Diversification économique,PRIORITY_STANDARD,STABLE,156
GAB,2021,PENV,AFC,CRITICAL,DETERIORATION_ALERT,Résilience environnementale,PRIORITY_HIGH,STRONG_DETERIORATION,109
GAB,2021,PGEO,AFC,STABLE,STABILITY_SIGNAL,Gouvernance géopolitique et stabilité,PRIORITY_STANDARD,STABLE,121
GAB,2021,PHUM,AFC,STABLE,STABILITY_SIGNAL,Capital humain,PRIORITY_STANDARD,STABLE,121
GAB,2021,PMIL,AFC,STABLE,STABILITY_SIGNAL,Résilience sécuritaire,PRIORITY_STANDARD,STABLE,116
GAB,2021,PMIN,AFC,PROGRESSING,PROGRESSION_SIGNAL,Chaîne de valeur minière,PRIORITY_STANDARD,IMPROVEMENT,248
GAB,2021,PMON,AFC,CRITICAL,DECLINE_SIGNAL,Résilience monétaire et financière,PRIORITY_CRITICAL,STRONG_DETERIORATION,183
GAB,2021,PNUM,AFC,STABLE,STABILITY_SIGNAL,Souveraineté numérique,PRIORITY_STANDARD,STABLE,82
GAB,2021,PRES,AFC,CRITICAL,DECLINE_SIGNAL,Certification énergie-eau,PRIORITY_CRITICAL,STRONG_DETERIORATION,98
GAB,2021,PTRA,AFC,CRITICAL,DETERIORATION_ALERT,Transport et logistique,PRIORITY_CRITICAL,STRONG_DETERIORATION,265
GAB,2022,PECO,AFC,STABLE,STABILITY_SIGNAL,Diversification économique,PRIORITY_HIGH,STABLE,255
GAB,2022,PENV,AFC,CRITICAL,DETERIORATION_ALERT,Résilience environnementale,PRIORITY_CRITICAL,STRONG_DETERIORATION,155
GAB,2022,PGEO,AFC,STABLE,STABILITY_SIGNAL,Gouvernance géopolitique et stabilité,PRIORITY_STANDARD,STABLE,152
GAB,2022,PHUM,AFC,STABLE,STABILITY_SIGNAL,Capital humain,PRIORITY_STANDARD,STABLE,121
GAB,2022,PMIL,AFC,STABLE,STABILITY_SIGNAL,Résilience sécuritaire,PRIORITY_STANDARD,STABLE,116
GAB,2022,PMIN,AFC,PROGRESSING,PROGRESSION_SIGNAL,Chaîne de valeur minière,PRIORITY_STANDARD,IMPROVEMENT,412
GAB,2022,PMON,AFC,CRITICAL,DECLINE_SIGNAL,Résilience monétaire et financière,PRIORITY_CRITICAL,STRONG_DETERIORATION,183
GAB,2022,PNUM,AFC,STABLE,STABILITY_SIGNAL,Souveraineté numérique,PRIORITY_STANDARD,STABLE,79
GAB,2022,PRES,AFC,CRITICAL,DETERIORATION_ALERT,Certification énergie-eau,PRIORITY_CRITICAL,STRONG_DETERIORATION,222
GAB,2022,PTRA,AFC,CRITICAL,DETERIORATION_ALERT,Transport et logistique,PRIORITY_CRITICAL,STRONG_DETERIORATION,296
GAB,2023,PECO,AFC,STABLE,STABILITY_SIGNAL,Diversification économique,PRIORITY_HIGH,STABLE,255
GAB,2023,PENV,AFC,CRITICAL,DETERIORATION_ALERT,Résilience environnementale,PRIORITY_CRITICAL,STRONG_DETERIORATION,159
GAB,2023,PGEO,AFC,STABLE,STABILITY_SIGNAL,Gouvernance géopolitique et stabilité,PRIORITY_STANDARD,STABLE,151
GAB,2023,PHUM,AFC,STABLE,STABILITY_SIGNAL,Capital humain,PRIORITY_STANDARD,STABLE,121
GAB,2023,PMIL,AFC,STABLE,STABILITY_SIGNAL,Résilience sécuritaire,PRIORITY_STANDARD,STABLE,117
GAB,2023,PMIN,AFC,PROGRESSING,PROGRESSION_SIGNAL,Chaîne de valeur minière,PRIORITY_STANDARD,IMPROVEMENT,411
GAB,2023,PMON,AFC,CRITICAL,DECLINE_SIGNAL,Résilience monétaire et financière,PRIORITY_CRITICAL,STRONG_DETERIORATION,183
GAB,2023,PNUM,AFC,STABLE,STABILITY_SIGNAL,Souveraineté numérique,PRIORITY_STANDARD,STABLE,83
GAB,2023,PRES,AFC,CRITICAL,DETERIORATION_ALERT,Certification énergie-eau,PRIORITY_CRITICAL,STRONG_DETERIORATION,284
GAB,2023,PTRA,AFC,CRITICAL,DETERIORATION_ALERT,Transport et logistique,PRIORITY_CRITICAL,STRONG_DETERIORATION,296
GAB,2024,PECO,AFC,STABLE,STABILITY_SIGNAL,Diversification économique,PRIORITY_HIGH,STABLE,251
GAB,2024,PENV,AFC,CRITICAL,DETERIORATION_ALERT,Résilience environnementale,PRIORITY_CRITICAL,STRONG_DETERIORATION,190
GAB,2024,PGEO,AFC,STABLE,STABILITY_SIGNAL,Gouvernance géopolitique et stabilité,PRIORITY_STANDARD,STABLE,151
GAB,2024,PHUM,AFC,STABLE,STABILITY_SIGNAL,Capital humain,PRIORITY_STANDARD,STABLE,138
GAB,2024,PMIL,AFC,STABLE,STABILITY_SIGNAL,Résilience sécuritaire,PRIORITY_STANDARD,STABLE,117
GAB,2024,PMIN,AFC,PROGRESSING,PROGRESSION_SIGNAL,Chaîne de valeur minière,PRIORITY_STANDARD,IMPROVEMENT,532
GAB,2024,PMON,AFC,CRITICAL,DETERIORATION_ALERT,Résilience monétaire et financière,PRIORITY_CRITICAL,STRONG_DETERIORATION,214
GAB,2024,PNUM,AFC,STABLE,STABILITY_SIGNAL,Souveraineté numérique,PRIORITY_STANDARD,STABLE,80
GAB,2024,PRES,AFC,CRITICAL,DETERIORATION_ALERT,Certification énergie-eau,PRIORITY_CRITICAL,STRONG_DETERIORATION,315
GAB,2024,PTRA,AFC,CRITICAL,DETERIORATION_ALERT,Transport et logistique,PRIORITY_CRITICAL,STRONG_DETERIORATION,296
GHA,2020,PECO,AFW,CRITICAL,DECLINE_SIGNAL,Diversification économique,PRIORITY_HIGH,STRONG_DETERIORATION,155
GHA,2020,PENV,AFW,CRITICAL,DETERIORATION_ALERT,Résilience environnementale,PRIORITY_CRITICAL,STRONG_DETERIORATION,106
GHA,2020,PGEO,AFW,DECLINING,DECLINE_SIGNAL,Gouvernance géopolitique et stabilité,PRIORITY_HIGH,DETERIORATION,121
GHA,2020,PHUM,AFW,STABLE,STABILITY_SIGNAL,Capital humain,PRIORITY_STANDARD,STABLE,119
GHA,2020,PMIL,AFW,DECLINING,DETERIORATION_ALERT,Résilience sécuritaire,PRIORITY_STANDARD,DETERIORATION,86
GHA,2020,PMIN,AFW,STABLE,STABILITY_SIGNAL,Chaîne de valeur minière,PRIORITY_STANDARD,STABLE,645
GHA,2020,PMON,AFW,STABLE,STABILITY_SIGNAL,Résilience monétaire et financière,PRIORITY_STANDARD,STABLE,98
GHA,2020,PNUM,AFW,ACCELERATING,ACCELERATION_SIGNAL,Souveraineté numérique,PRIORITY_STANDARD,STRONG_IMPROVEMENT,80
GHA,2020,PRES,AFW,CRITICAL,DETERIORATION_ALERT,Certification énergie-eau,PRIORITY_CRITICAL,STRONG_DETERIORATION,130
GHA,2020,PTRA,AFW,CRITICAL,DECLINE_SIGNAL,Transport et logistique,PRIORITY_CRITICAL,STRONG_DETERIORATION,149
GHA,2021,PECO,AFW,CRITICAL,DECLINE_SIGNAL,Diversification économique,PRIORITY_HIGH,STRONG_DETERIORATION,155
GHA,2021,PENV,AFW,CRITICAL,DETERIORATION_ALERT,Résilience environnementale,PRIORITY_CRITICAL,STRONG_DETERIORATION,108
GHA,2021,PGEO,AFW,DECLINING,DECLINE_SIGNAL,Gouvernance géopolitique et stabilité,PRIORITY_HIGH,DETERIORATION,121
GHA,2021,PHUM,AFW,STABLE,STABILITY_SIGNAL,Capital humain,PRIORITY_STANDARD,STABLE,119
GHA,2021,PMIL,AFW,DECLINING,DETERIORATION_ALERT,Résilience sécuritaire,PRIORITY_STANDARD,DETERIORATION,117
GHA,2021,PMIN,AFW,STABLE,STABILITY_SIGNAL,Chaîne de valeur minière,PRIORITY_STANDARD,STABLE,253
GHA,2021,PMON,AFW,STABLE,STABILITY_SIGNAL,Résilience monétaire et financière,PRIORITY_STANDARD,STABLE,98
GHA,2021,PNUM,AFW,ACCELERATING,ACCELERATION_SIGNAL,Souveraineté numérique,PRIORITY_STANDARD,STRONG_IMPROVEMENT,83
GHA,2021,PRES,AFW,CRITICAL,DETERIORATION_ALERT,Certification énergie-eau,PRIORITY_CRITICAL,STRONG_DETERIORATION,130
GHA,2021,PTRA,AFW,CRITICAL,DECLINE_SIGNAL,Transport et logistique,PRIORITY_CRITICAL,STRONG_DETERIORATION,149
GHA,2022,PECO,AFW,CRITICAL,DETERIORATION_ALERT,Diversification économique,PRIORITY_HIGH,STRONG_DETERIORATION,155
GHA,2022,PENV,AFW,CRITICAL,DETERIORATION_ALERT,Résilience environnementale,PRIORITY_CRITICAL,STRONG_DETERIORATION,154
GHA,2022,PGEO,AFW,DECLINING,DECLINE_SIGNAL,Gouvernance géopolitique et stabilité,PRIORITY_HIGH,DETERIORATION,121
GHA,2022,PHUM,AFW,STABLE,STABILITY_SIGNAL,Capital humain,PRIORITY_STANDARD,STABLE,119
GHA,2022,PMIL,AFW,DECLINING,DETERIORATION_ALERT,Résilience sécuritaire,PRIORITY_STANDARD,DETERIORATION,117
GHA,2022,PMIN,AFW,STABLE,STABILITY_SIGNAL,Chaîne de valeur minière,PRIORITY_STANDARD,STABLE,535
GHA,2022,PMON,AFW,STABLE,STABILITY_SIGNAL,Résilience monétaire et financière,PRIORITY_STANDARD,STABLE,98
GHA,2022,PNUM,AFW,ACCELERATING,ACCELERATION_SIGNAL,Souveraineté numérique,PRIORITY_STANDARD,STRONG_IMPROVEMENT,80
GHA,2022,PRES,AFW,CRITICAL,DETERIORATION_ALERT,Certification énergie-eau,PRIORITY_CRITICAL,STRONG_DETERIORATION,223
GHA,2022,PTRA,AFW,CRITICAL,DETERIORATION_ALERT,Transport et logistique,PRIORITY_CRITICAL,STRONG_DETERIORATION,180
GHA,2023,PECO,AFW,CRITICAL,DETERIORATION_ALERT,Diversification économique,PRIORITY_HIGH,STRONG_DETERIORATION,155
GHA,2023,PENV,AFW,CRITICAL,DETERIORATION_ALERT,Résilience environnementale,PRIORITY_CRITICAL,STRONG_DETERIORATION,158
GHA,2023,PGEO,AFW,DECLINING,DECLINE_SIGNAL,Gouvernance géopolitique et stabilité,PRIORITY_HIGH,DETERIORATION,121
GHA,2023,PHUM,AFW,STABLE,STABILITY_SIGNAL,Capital humain,PRIORITY_STANDARD,STABLE,120
GHA,2023,PMIL,AFW,DECLINING,DETERIORATION_ALERT,Résilience sécuritaire,PRIORITY_HIGH,DETERIORATION,149
GHA,2023,PMIN,AFW,STABLE,STABILITY_SIGNAL,Chaîne de valeur minière,PRIORITY_STANDARD,STABLE,533
GHA,2023,PMON,AFW,STABLE,STABILITY_SIGNAL,Résilience monétaire et financière,PRIORITY_STANDARD,STABLE,98
GHA,2023,PNUM,AFW,ACCELERATING,ACCELERATION_SIGNAL,Souveraineté numérique,PRIORITY_STANDARD,STRONG_IMPROVEMENT,84
GHA,2023,PRES,AFW,CRITICAL,DETERIORATION_ALERT,Certification énergie-eau,PRIORITY_CRITICAL,STRONG_DETERIORATION,285
GHA,2023,PTRA,AFW,CRITICAL,DETERIORATION_ALERT,Transport et logistique,PRIORITY_CRITICAL,STRONG_DETERIORATION,219
GHA,2024,PECO,AFW,CRITICAL,DETERIORATION_ALERT,Diversification économique,PRIORITY_CRITICAL,STRONG_DETERIORATION,254
GHA,2024,PENV,AFW,CRITICAL,DETERIORATION_ALERT,Résilience environnementale,PRIORITY_CRITICAL,STRONG_DETERIORATION,166
GHA,2024,PGEO,AFW,DECLINING,DECLINE_SIGNAL,Gouvernance géopolitique et stabilité,PRIORITY_HIGH,DETERIORATION,151
GHA,2024,PHUM,AFW,STABLE,STABILITY_SIGNAL,Capital humain,PRIORITY_STANDARD,STABLE,124
GHA,2024,PMIL,AFW,DECLINING,DETERIORATION_ALERT,Résilience sécuritaire,PRIORITY_HIGH,DETERIORATION,149
GHA,2024,PMIN,AFW,STABLE,STABILITY_SIGNAL,Chaîne de valeur minière,PRIORITY_STANDARD,STABLE,654
GHA,2024,PMON,AFW,STABLE,STABILITY_SIGNAL,Résilience monétaire et financière,PRIORITY_STANDARD,STABLE,129
GHA,2024,PNUM,AFW,ACCELERATING,ACCELERATION_SIGNAL,Souveraineté numérique,PRIORITY_STANDARD,STRONG_IMPROVEMENT,81
GHA,2024,PRES,AFW,CRITICAL,DETERIORATION_ALERT,Certification énergie-eau,PRIORITY_CRITICAL,STRONG_DETERIORATION,316
GHA,2024,PTRA,AFW,CRITICAL,DETERIORATION_ALERT,Transport et logistique,PRIORITY_CRITICAL,STRONG_DETERIORATION,297
GIN,2020,PECO,AFW,STABLE,STABILITY_SIGNAL,Diversification économique,PRIORITY_STANDARD,STABLE,163
GIN,2020,PENV,AFW,DECLINING,DECLINE_SIGNAL,Résilience environnementale,PRIORITY_HIGH,DETERIORATION,107
GIN,2020,PGEO,AFW,STABLE,STABILITY_SIGNAL,Gouvernance géopolitique et stabilité,PRIORITY_STANDARD,STABLE,127
GIN,2020,PHUM,AFW,STABLE,STABILITY_SIGNAL,Capital humain,PRIORITY_STANDARD,STABLE,119
GIN,2020,PMIL,AFW,PROGRESSING,PROGRESSION_SIGNAL,Résilience sécuritaire,PRIORITY_STANDARD,IMPROVEMENT,85
GIN,2020,PMIN,AFW,ACCELERATING,ACCELERATION_SIGNAL,Chaîne de valeur minière,PRIORITY_STANDARD,STRONG_IMPROVEMENT,607
GIN,2020,PMON,AFW,PROGRESSING,PROGRESSION_SIGNAL,Résilience monétaire et financière,PRIORITY_STANDARD,IMPROVEMENT,98
GIN,2020,PNUM,AFW,STABLE,STABILITY_SIGNAL,Souveraineté numérique,PRIORITY_STANDARD,STABLE,111
GIN,2020,PRES,AFW,STABLE,STABILITY_SIGNAL,Certification énergie-eau,PRIORITY_STANDARD,STABLE,129
GIN,2020,PTRA,AFW,CRITICAL,DETERIORATION_ALERT,Transport et logistique,PRIORITY_CRITICAL,STRONG_DETERIORATION,107
GIN,2021,PECO,AFW,STABLE,STABILITY_SIGNAL,Diversification économique,PRIORITY_STANDARD,STABLE,163
GIN,2021,PENV,AFW,DECLINING,DECLINE_SIGNAL,Résilience environnementale,PRIORITY_HIGH,DETERIORATION,109
GIN,2021,PGEO,AFW,STABLE,STABILITY_SIGNAL,Gouvernance géopolitique et stabilité,PRIORITY_STANDARD,STABLE,127
GIN,2021,PHUM,AFW,STABLE,STABILITY_SIGNAL,Capital humain,PRIORITY_STANDARD,STABLE,142
GIN,2021,PMIL,AFW,PROGRESSING,PROGRESSION_SIGNAL,Résilience sécuritaire,PRIORITY_STANDARD,IMPROVEMENT,116
GIN,2021,PMIN,AFW,ACCELERATING,ACCELERATION_SIGNAL,Chaîne de valeur minière,PRIORITY_STANDARD,STRONG_IMPROVEMENT,373
GIN,2021,PMON,AFW,PROGRESSING,PROGRESSION_SIGNAL,Résilience monétaire et financière,PRIORITY_STANDARD,IMPROVEMENT,98
GIN,2021,PNUM,AFW,STABLE,STABILITY_SIGNAL,Souveraineté numérique,PRIORITY_STANDARD,STABLE,114
GIN,2021,PRES,AFW,STABLE,STABILITY_SIGNAL,Certification énergie-eau,PRIORITY_STANDARD,STABLE,129
GIN,2021,PTRA,AFW,CRITICAL,DETERIORATION_ALERT,Transport et logistique,PRIORITY_CRITICAL,STRONG_DETERIORATION,146
GIN,2022,PECO,AFW,STABLE,STABILITY_SIGNAL,Diversification économique,PRIORITY_STANDARD,STABLE,163
GIN,2022,PENV,AFW,DECLINING,DETERIORATION_ALERT,Résilience environnementale,PRIORITY_HIGH,DETERIORATION,132
GIN,2022,PGEO,AFW,STABLE,STABILITY_SIGNAL,Gouvernance géopolitique et stabilité,PRIORITY_STANDARD,STABLE,127
GIN,2022,PHUM,AFW,STABLE,STABILITY_SIGNAL,Capital humain,PRIORITY_STANDARD,STABLE,119
GIN,2022,PMIL,AFW,PROGRESSING,PROGRESSION_SIGNAL,Résilience sécuritaire,PRIORITY_STANDARD,IMPROVEMENT,116
GIN,2022,PMIN,AFW,ACCELERATING,ACCELERATION_SIGNAL,Chaîne de valeur minière,PRIORITY_STANDARD,STRONG_IMPROVEMENT,615
GIN,2022,PMON,AFW,PROGRESSING,PROGRESSION_SIGNAL,Résilience monétaire et financière,PRIORITY_STANDARD,IMPROVEMENT,129
GIN,2022,PNUM,AFW,STABLE,STABILITY_SIGNAL,Souveraineté numérique,PRIORITY_STANDARD,STABLE,111
GIN,2022,PRES,AFW,STABLE,STABILITY_SIGNAL,Certification énergie-eau,PRIORITY_STANDARD,STABLE,191
GIN,2022,PTRA,AFW,CRITICAL,DETERIORATION_ALERT,Transport et logistique,PRIORITY_CRITICAL,STRONG_DETERIORATION,177
GIN,2023,PECO,AFW,STABLE,STABILITY_SIGNAL,Diversification économique,PRIORITY_STANDARD,STABLE,163
GIN,2023,PENV,AFW,DECLINING,DETERIORATION_ALERT,Résilience environnementale,PRIORITY_HIGH,DETERIORATION,159
GIN,2023,PGEO,AFW,STABLE,STABILITY_SIGNAL,Gouvernance géopolitique et stabilité,PRIORITY_STANDARD,STABLE,127
GIN,2023,PHUM,AFW,STABLE,STABILITY_SIGNAL,Capital humain,PRIORITY_STANDARD,STABLE,119
GIN,2023,PMIL,AFW,PROGRESSING,PROGRESSION_SIGNAL,Résilience sécuritaire,PRIORITY_STANDARD,IMPROVEMENT,117
GIN,2023,PMIN,AFW,ACCELERATING,ACCELERATION_SIGNAL,Chaîne de valeur minière,PRIORITY_STANDARD,STRONG_IMPROVEMENT,613
GIN,2023,PMON,AFW,PROGRESSING,PROGRESSION_SIGNAL,Résilience monétaire et financière,PRIORITY_STANDARD,IMPROVEMENT,129
GIN,2023,PNUM,AFW,STABLE,STABILITY_SIGNAL,Souveraineté numérique,PRIORITY_STANDARD,STABLE,146
GIN,2023,PRES,AFW,STABLE,STABILITY_SIGNAL,Certification énergie-eau,PRIORITY_STANDARD,STABLE,284
GIN,2023,PTRA,AFW,CRITICAL,DETERIORATION_ALERT,Transport et logistique,PRIORITY_CRITICAL,STRONG_DETERIORATION,177
GIN,2024,PECO,AFW,STABLE,STABILITY_SIGNAL,Diversification économique,PRIORITY_STANDARD,STABLE,163
GIN,2024,PENV,AFW,DECLINING,DECLINE_SIGNAL,Résilience environnementale,PRIORITY_HIGH,DETERIORATION,190
GIN,2024,PGEO,AFW,STABLE,STABILITY_SIGNAL,Gouvernance géopolitique et stabilité,PRIORITY_STANDARD,STABLE,127
GIN,2024,PHUM,AFW,STABLE,STABILITY_SIGNAL,Capital humain,PRIORITY_STANDARD,STABLE,124
GIN,2024,PMIL,AFW,PROGRESSING,PROGRESSION_SIGNAL,Résilience sécuritaire,PRIORITY_STANDARD,IMPROVEMENT,117
GIN,2024,PMIN,AFW,ACCELERATING,ACCELERATION_SIGNAL,Chaîne de valeur minière,PRIORITY_STANDARD,STRONG_IMPROVEMENT,615
GIN,2024,PMON,AFW,PROGRESSING,PROGRESSION_SIGNAL,Résilience monétaire et financière,PRIORITY_STANDARD,IMPROVEMENT,129
GIN,2024,PNUM,AFW,STABLE,STABILITY_SIGNAL,Souveraineté numérique,PRIORITY_STANDARD,STABLE,174
GIN,2024,PRES,AFW,STABLE,STABILITY_SIGNAL,Certification énergie-eau,PRIORITY_STANDARD,STABLE,284
GIN,2024,PTRA,AFW,CRITICAL,DETERIORATION_ALERT,Transport et logistique,PRIORITY_CRITICAL,STRONG_DETERIORATION,177
GMB,2020,PECO,AFW,STABLE,STABILITY_SIGNAL,Diversification économique,PRIORITY_STANDARD,STABLE,162
GMB,2020,PENV,AFW,CRITICAL,DETERIORATION_ALERT,Résilience environnementale,PRIORITY_CRITICAL,STRONG_DETERIORATION,106
GMB,2020,PGEO,AFW,DECLINING,DECLINE_SIGNAL,Gouvernance géopolitique et stabilité,PRIORITY_STANDARD,DETERIORATION,125
GMB,2020,PHUM,AFW,CRITICAL,DECLINE_SIGNAL,Capital humain,PRIORITY_HIGH,STRONG_DETERIORATION,94
GMB,2020,PMIL,AFW,STABLE,STABILITY_SIGNAL,Résilience sécuritaire,PRIORITY_STANDARD,STABLE,85
GMB,2020,PMIN,AFW,STABLE,STABILITY_SIGNAL,Chaîne de valeur minière,PRIORITY_STANDARD,STABLE,280
GMB,2020,PMON,AFW,PROGRESSING,PROGRESSION_SIGNAL,Résilience monétaire et financière,PRIORITY_STANDARD,IMPROVEMENT,99
GMB,2020,PNUM,AFW,STABLE,STABILITY_SIGNAL,Souveraineté numérique,PRIORITY_STANDARD,STABLE,111
GMB,2020,PRES,AFW,CRITICAL,DETERIORATION_ALERT,Certification énergie-eau,PRIORITY_CRITICAL,STRONG_DETERIORATION,97
GMB,2020,PTRA,AFW,CRITICAL,DETERIORATION_ALERT,Transport et logistique,PRIORITY_CRITICAL,STRONG_DETERIORATION,266
GMB,2021,PECO,AFW,STABLE,STABILITY_SIGNAL,Diversification économique,PRIORITY_STANDARD,STABLE,162
GMB,2021,PENV,AFW,CRITICAL,DETERIORATION_ALERT,Résilience environnementale,PRIORITY_CRITICAL,STRONG_DETERIORATION,108
GMB,2021,PGEO,AFW,DECLINING,DECLINE_SIGNAL,Gouvernance géopolitique et stabilité,PRIORITY_STANDARD,DETERIORATION,125
GMB,2021,PHUM,AFW,CRITICAL,DECLINE_SIGNAL,Capital humain,PRIORITY_CRITICAL,STRONG_DETERIORATION,117
GMB,2021,PMIL,AFW,STABLE,STABILITY_SIGNAL,Résilience sécuritaire,PRIORITY_STANDARD,STABLE,116
GMB,2021,PMIN,AFW,STABLE,STABILITY_SIGNAL,Chaîne de valeur minière,PRIORITY_STANDARD,STABLE,319
GMB,2021,PMON,AFW,PROGRESSING,PROGRESSION_SIGNAL,Résilience monétaire et financière,PRIORITY_STANDARD,IMPROVEMENT,99
GMB,2021,PNUM,AFW,STABLE,STABILITY_SIGNAL,Souveraineté numérique,PRIORITY_STANDARD,STABLE,114
GMB,2021,PRES,AFW,CRITICAL,DETERIORATION_ALERT,Certification énergie-eau,PRIORITY_CRITICAL,STRONG_DETERIORATION,97
GMB,2021,PTRA,AFW,CRITICAL,DETERIORATION_ALERT,Transport et logistique,PRIORITY_CRITICAL,STRONG_DETERIORATION,266
GMB,2022,PECO,AFW,STABLE,STABILITY_SIGNAL,Diversification économique,PRIORITY_STANDARD,STABLE,162
GMB,2022,PENV,AFW,CRITICAL,DETERIORATION_ALERT,Résilience environnementale,PRIORITY_CRITICAL,STRONG_DETERIORATION,131
GMB,2022,PGEO,AFW,DECLINING,DECLINE_SIGNAL,Gouvernance géopolitique et stabilité,PRIORITY_STANDARD,DETERIORATION,125
GMB,2022,PHUM,AFW,CRITICAL,DECLINE_SIGNAL,Capital humain,PRIORITY_CRITICAL,STRONG_DETERIORATION,117
GMB,2022,PMIL,AFW,STABLE,STABILITY_SIGNAL,Résilience sécuritaire,PRIORITY_STANDARD,STABLE,116
GMB,2022,PMIN,AFW,STABLE,STABILITY_SIGNAL,Chaîne de valeur minière,PRIORITY_STANDARD,STABLE,288
GMB,2022,PMON,AFW,PROGRESSING,PROGRESSION_SIGNAL,Résilience monétaire et financière,PRIORITY_STANDARD,IMPROVEMENT,99
GMB,2022,PNUM,AFW,STABLE,STABILITY_SIGNAL,Souveraineté numérique,PRIORITY_STANDARD,STABLE,111
GMB,2022,PRES,AFW,CRITICAL,DETERIORATION_ALERT,Certification énergie-eau,PRIORITY_CRITICAL,STRONG_DETERIORATION,159
GMB,2022,PTRA,AFW,CRITICAL,DETERIORATION_ALERT,Transport et logistique,PRIORITY_CRITICAL,STRONG_DETERIORATION,297
GMB,2023,PECO,AFW,STABLE,STABILITY_SIGNAL,Diversification économique,PRIORITY_STANDARD,STABLE,158
GMB,2023,PENV,AFW,CRITICAL,DETERIORATION_ALERT,Résilience environnementale,PRIORITY_CRITICAL,STRONG_DETERIORATION,158
GMB,2023,PGEO,AFW,DECLINING,DECLINE_SIGNAL,Gouvernance géopolitique et stabilité,PRIORITY_STANDARD,DETERIORATION,125
GMB,2023,PHUM,AFW,CRITICAL,DECLINE_SIGNAL,Capital humain,PRIORITY_CRITICAL,STRONG_DETERIORATION,118
GMB,2023,PMIL,AFW,STABLE,STABILITY_SIGNAL,Résilience sécuritaire,PRIORITY_STANDARD,STABLE,117
GMB,2023,PMIN,AFW,STABLE,STABILITY_SIGNAL,Chaîne de valeur minière,PRIORITY_STANDARD,STABLE,288
GMB,2023,PMON,AFW,PROGRESSING,PROGRESSION_SIGNAL,Résilience monétaire et financière,PRIORITY_STANDARD,IMPROVEMENT,130
GMB,2023,PNUM,AFW,STABLE,STABILITY_SIGNAL,Souveraineté numérique,PRIORITY_STANDARD,STABLE,115
GMB,2023,PRES,AFW,CRITICAL,DETERIORATION_ALERT,Certification énergie-eau,PRIORITY_CRITICAL,STRONG_DETERIORATION,252
GMB,2023,PTRA,AFW,CRITICAL,DETERIORATION_ALERT,Transport et logistique,PRIORITY_CRITICAL,STRONG_DETERIORATION,297
GMB,2024,PECO,AFW,STABLE,STABILITY_SIGNAL,Diversification économique,PRIORITY_STANDARD,STABLE,217
GMB,2024,PENV,AFW,CRITICAL,DETERIORATION_ALERT,Résilience environnementale,PRIORITY_CRITICAL,STRONG_DETERIORATION,166
GMB,2024,PGEO,AFW,DECLINING,DECLINE_SIGNAL,Gouvernance géopolitique et stabilité,PRIORITY_STANDARD,DETERIORATION,125
GMB,2024,PHUM,AFW,CRITICAL,DECLINE_SIGNAL,Capital humain,PRIORITY_CRITICAL,STRONG_DETERIORATION,146
GMB,2024,PMIL,AFW,STABLE,STABILITY_SIGNAL,Résilience sécuritaire,PRIORITY_STANDARD,STABLE,117
GMB,2024,PMIN,AFW,STABLE,STABILITY_SIGNAL,Chaîne de valeur minière,PRIORITY_STANDARD,STABLE,327
GMB,2024,PMON,AFW,PROGRESSING,PROGRESSION_SIGNAL,Résilience monétaire et financière,PRIORITY_STANDARD,IMPROVEMENT,130
GMB,2024,PNUM,AFW,STABLE,STABILITY_SIGNAL,Souveraineté numérique,PRIORITY_STANDARD,STABLE,81
GMB,2024,PRES,AFW,CRITICAL,DETERIORATION_ALERT,Certification énergie-eau,PRIORITY_CRITICAL,STRONG_DETERIORATION,252
GMB,2024,PTRA,AFW,CRITICAL,DETERIORATION_ALERT,Transport et logistique,PRIORITY_CRITICAL,STRONG_DETERIORATION,297
GNB,2020,PECO,AFW,ACCELERATING,PROGRESSION_SIGNAL,Diversification économique,PRIORITY_STANDARD,STRONG_IMPROVEMENT,210
GNB,2020,PENV,AFW,CRITICAL,DETERIORATION_ALERT,Résilience environnementale,PRIORITY_CRITICAL,STRONG_DETERIORATION,106
GNB,2020,PGEO,AFW,STABLE,STABILITY_SIGNAL,Gouvernance géopolitique et stabilité,PRIORITY_STANDARD,STABLE,121
GNB,2020,PHUM,AFW,STABLE,STABILITY_SIGNAL,Capital humain,PRIORITY_STANDARD,STABLE,117
GNB,2020,PMIL,AFW,CRITICAL,DETERIORATION_ALERT,Résilience sécuritaire,PRIORITY_CRITICAL,STRONG_DETERIORATION,117
GNB,2020,PMIN,AFW,ACCELERATING,PROGRESSION_SIGNAL,Chaîne de valeur minière,PRIORITY_STANDARD,STRONG_IMPROVEMENT,284
GNB,2020,PMON,AFW,CRITICAL,DETERIORATION_ALERT,Résilience monétaire et financière,PRIORITY_HIGH,STRONG_DETERIORATION,160
GNB,2020,PNUM,AFW,ACCELERATING,PROGRESSION_SIGNAL,Souveraineté numérique,PRIORITY_STANDARD,STRONG_IMPROVEMENT,79
GNB,2020,PRES,AFW,DECLINING,DETERIORATION_ALERT,Certification énergie-eau,PRIORITY_HIGH,DETERIORATION,97
GNB,2020,PTRA,AFW,CRITICAL,DETERIORATION_ALERT,Transport et logistique,PRIORITY_CRITICAL,STRONG_DETERIORATION,146
GNB,2021,PECO,AFW,ACCELERATING,PROGRESSION_SIGNAL,Diversification économique,PRIORITY_STANDARD,STRONG_IMPROVEMENT,210
GNB,2021,PENV,AFW,CRITICAL,DETERIORATION_ALERT,Résilience environnementale,PRIORITY_CRITICAL,STRONG_DETERIORATION,108
GNB,2021,PGEO,AFW,STABLE,STABILITY_SIGNAL,Gouvernance géopolitique et stabilité,PRIORITY_STANDARD,STABLE,122
GNB,2021,PHUM,AFW,STABLE,STABILITY_SIGNAL,Capital humain,PRIORITY_STANDARD,STABLE,94
GNB,2021,PMIL,AFW,CRITICAL,DETERIORATION_ALERT,Résilience sécuritaire,PRIORITY_CRITICAL,STRONG_DETERIORATION,148
GNB,2021,PMIN,AFW,ACCELERATING,PROGRESSION_SIGNAL,Chaîne de valeur minière,PRIORITY_STANDARD,STRONG_IMPROVEMENT,284
GNB,2021,PMON,AFW,CRITICAL,DETERIORATION_ALERT,Résilience monétaire et financière,PRIORITY_HIGH,STRONG_DETERIORATION,160
GNB,2021,PNUM,AFW,ACCELERATING,PROGRESSION_SIGNAL,Souveraineté numérique,PRIORITY_STANDARD,STRONG_IMPROVEMENT,82
GNB,2021,PRES,AFW,DECLINING,DETERIORATION_ALERT,Certification énergie-eau,PRIORITY_HIGH,DETERIORATION,97
GNB,2021,PTRA,AFW,CRITICAL,DETERIORATION_ALERT,Transport et logistique,PRIORITY_CRITICAL,STRONG_DETERIORATION,146
GNB,2022,PECO,AFW,ACCELERATING,PROGRESSION_SIGNAL,Diversification économique,PRIORITY_STANDARD,STRONG_IMPROVEMENT,207
GNB,2022,PENV,AFW,CRITICAL,DETERIORATION_ALERT,Résilience environnementale,PRIORITY_CRITICAL,STRONG_DETERIORATION,131
GNB,2022,PGEO,AFW,STABLE,STABILITY_SIGNAL,Gouvernance géopolitique et stabilité,PRIORITY_STANDARD,STABLE,121
GNB,2022,PHUM,AFW,STABLE,STABILITY_SIGNAL,Capital humain,PRIORITY_STANDARD,STABLE,117
GNB,2022,PMIL,AFW,CRITICAL,DETERIORATION_ALERT,Résilience sécuritaire,PRIORITY_CRITICAL,STRONG_DETERIORATION,148
GNB,2022,PMIN,AFW,ACCELERATING,PROGRESSION_SIGNAL,Chaîne de valeur minière,PRIORITY_STANDARD,STRONG_IMPROVEMENT,292
GNB,2022,PMON,AFW,CRITICAL,DETERIORATION_ALERT,Résilience monétaire et financière,PRIORITY_HIGH,STRONG_DETERIORATION,160
GNB,2022,PNUM,AFW,ACCELERATING,PROGRESSION_SIGNAL,Souveraineté numérique,PRIORITY_STANDARD,STRONG_IMPROVEMENT,79
GNB,2022,PRES,AFW,DECLINING,DETERIORATION_ALERT,Certification énergie-eau,PRIORITY_HIGH,DETERIORATION,159
GNB,2022,PTRA,AFW,CRITICAL,DETERIORATION_ALERT,Transport et logistique,PRIORITY_CRITICAL,STRONG_DETERIORATION,177
GNB,2023,PECO,AFW,ACCELERATING,PROGRESSION_SIGNAL,Diversification économique,PRIORITY_STANDARD,STRONG_IMPROVEMENT,210
GNB,2023,PENV,AFW,CRITICAL,DETERIORATION_ALERT,Résilience environnementale,PRIORITY_CRITICAL,STRONG_DETERIORATION,158
GNB,2023,PGEO,AFW,STABLE,STABILITY_SIGNAL,Gouvernance géopolitique et stabilité,PRIORITY_STANDARD,STABLE,121
GNB,2023,PHUM,AFW,STABLE,STABILITY_SIGNAL,Capital humain,PRIORITY_STANDARD,STABLE,118
GNB,2023,PMIL,AFW,CRITICAL,DETERIORATION_ALERT,Résilience sécuritaire,PRIORITY_CRITICAL,STRONG_DETERIORATION,149
GNB,2023,PMIN,AFW,ACCELERATING,PROGRESSION_SIGNAL,Chaîne de valeur minière,PRIORITY_STANDARD,STRONG_IMPROVEMENT,292
GNB,2023,PMON,AFW,CRITICAL,DETERIORATION_ALERT,Résilience monétaire et financière,PRIORITY_HIGH,STRONG_DETERIORATION,160
GNB,2023,PNUM,AFW,ACCELERATING,PROGRESSION_SIGNAL,Souveraineté numérique,PRIORITY_STANDARD,STRONG_IMPROVEMENT,83
GNB,2023,PRES,AFW,DECLINING,DETERIORATION_ALERT,Certification énergie-eau,PRIORITY_HIGH,DETERIORATION,252
GNB,2023,PTRA,AFW,CRITICAL,DETERIORATION_ALERT,Transport et logistique,PRIORITY_CRITICAL,STRONG_DETERIORATION,177
GNB,2024,PECO,AFW,ACCELERATING,PROGRESSION_SIGNAL,Diversification économique,PRIORITY_STANDARD,STRONG_IMPROVEMENT,155
GNB,2024,PENV,AFW,CRITICAL,DETERIORATION_ALERT,Résilience environnementale,PRIORITY_CRITICAL,STRONG_DETERIORATION,166
GNB,2024,PGEO,AFW,STABLE,STABILITY_SIGNAL,Gouvernance géopolitique et stabilité,PRIORITY_STANDARD,STABLE,121
GNB,2024,PHUM,AFW,STABLE,STABILITY_SIGNAL,Capital humain,PRIORITY_STANDARD,STABLE,123
GNB,2024,PMIL,AFW,CRITICAL,DETERIORATION_ALERT,Résilience sécuritaire,PRIORITY_CRITICAL,STRONG_DETERIORATION,218
GNB,2024,PMIN,AFW,ACCELERATING,PROGRESSION_SIGNAL,Chaîne de valeur minière,PRIORITY_STANDARD,STRONG_IMPROVEMENT,331
GNB,2024,PMON,AFW,CRITICAL,DETERIORATION_ALERT,Résilience monétaire et financière,PRIORITY_HIGH,STRONG_DETERIORATION,160
GNB,2024,PNUM,AFW,ACCELERATING,ACCELERATION_SIGNAL,Souveraineté numérique,PRIORITY_STANDARD,STRONG_IMPROVEMENT,80
GNB,2024,PRES,AFW,DECLINING,DETERIORATION_ALERT,Certification énergie-eau,PRIORITY_HIGH,DETERIORATION,252
GNB,2024,PTRA,AFW,CRITICAL,DETERIORATION_ALERT,Transport et logistique,PRIORITY_CRITICAL,STRONG_DETERIORATION,177
GNQ,2020,PECO,AFC,CRITICAL,DECLINE_SIGNAL,Diversification économique,PRIORITY_CRITICAL,STRONG_DETERIORATION,148
GNQ,2020,PENV,AFC,CRITICAL,DETERIORATION_ALERT,Résilience environnementale,PRIORITY_CRITICAL,STRONG_DETERIORATION,106
GNQ,2020,PGEO,AFC,STABLE,STABILITY_SIGNAL,Gouvernance géopolitique et stabilité,PRIORITY_STANDARD,STABLE,121
GNQ,2020,PHUM,AFC,PROGRESSING,PROGRESSION_SIGNAL,Capital humain,PRIORITY_STANDARD,IMPROVEMENT,166
GNQ,2020,PMIL,AFC,ACCELERATING,PROGRESSION_SIGNAL,Résilience sécuritaire,PRIORITY_STANDARD,STRONG_IMPROVEMENT,85
GNQ,2020,PMIN,AFC,STABLE,STABILITY_SIGNAL,Chaîne de valeur minière,PRIORITY_STANDARD,STABLE,280
GNQ,2020,PMON,AFC,CRITICAL,DETERIORATION_ALERT,Résilience monétaire et financière,PRIORITY_CRITICAL,STRONG_DETERIORATION,95
GNQ,2020,PNUM,AFC,DECLINING,DETERIORATION_ALERT,Souveraineté numérique,PRIORITY_HIGH,DETERIORATION,79
GNQ,2020,PRES,AFC,CRITICAL,DETERIORATION_ALERT,Certification énergie-eau,PRIORITY_CRITICAL,STRONG_DETERIORATION,98
GNQ,2020,PTRA,AFC,CRITICAL,DETERIORATION_ALERT,Transport et logistique,PRIORITY_CRITICAL,STRONG_DETERIORATION,109
GNQ,2021,PECO,AFC,CRITICAL,DECLINE_SIGNAL,Diversification économique,PRIORITY_CRITICAL,STRONG_DETERIORATION,148
GNQ,2021,PENV,AFC,CRITICAL,DETERIORATION_ALERT,Résilience environnementale,PRIORITY_CRITICAL,STRONG_DETERIORATION,108
GNQ,2021,PGEO,AFC,STABLE,STABILITY_SIGNAL,Gouvernance géopolitique et stabilité,PRIORITY_STANDARD,STABLE,120
GNQ,2021,PHUM,AFC,PROGRESSING,PROGRESSION_SIGNAL,Capital humain,PRIORITY_STANDARD,IMPROVEMENT,166
GNQ,2021,PMIL,AFC,ACCELERATING,ACCELERATION_SIGNAL,Résilience sécuritaire,PRIORITY_STANDARD,STRONG_IMPROVEMENT,116
GNQ,2021,PMIN,AFC,STABLE,STABILITY_SIGNAL,Chaîne de valeur minière,PRIORITY_STANDARD,STABLE,241
GNQ,2021,PMON,AFC,CRITICAL,DETERIORATION_ALERT,Résilience monétaire et financière,PRIORITY_CRITICAL,STRONG_DETERIORATION,95
GNQ,2021,PNUM,AFC,DECLINING,DETERIORATION_ALERT,Souveraineté numérique,PRIORITY_HIGH,DETERIORATION,82
GNQ,2021,PRES,AFC,CRITICAL,DETERIORATION_ALERT,Certification énergie-eau,PRIORITY_CRITICAL,STRONG_DETERIORATION,98
GNQ,2021,PTRA,AFC,CRITICAL,DETERIORATION_ALERT,Transport et logistique,PRIORITY_CRITICAL,STRONG_DETERIORATION,187
GNQ,2022,PECO,AFC,CRITICAL,DECLINE_SIGNAL,Diversification économique,PRIORITY_CRITICAL,STRONG_DETERIORATION,148
GNQ,2022,PENV,AFC,CRITICAL,DETERIORATION_ALERT,Résilience environnementale,PRIORITY_CRITICAL,STRONG_DETERIORATION,131
GNQ,2022,PGEO,AFC,STABLE,STABILITY_SIGNAL,Gouvernance géopolitique et stabilité,PRIORITY_STANDARD,STABLE,122
GNQ,2022,PHUM,AFC,PROGRESSING,PROGRESSION_SIGNAL,Capital humain,PRIORITY_STANDARD,IMPROVEMENT,143
GNQ,2022,PMIL,AFC,ACCELERATING,ACCELERATION_SIGNAL,Résilience sécuritaire,PRIORITY_STANDARD,STRONG_IMPROVEMENT,116
GNQ,2022,PMIN,AFC,STABLE,STABILITY_SIGNAL,Chaîne de valeur minière,PRIORITY_STANDARD,STABLE,288
GNQ,2022,PMON,AFC,CRITICAL,DETERIORATION_ALERT,Résilience monétaire et financière,PRIORITY_CRITICAL,STRONG_DETERIORATION,95
GNQ,2022,PNUM,AFC,DECLINING,DETERIORATION_ALERT,Souveraineté numérique,PRIORITY_HIGH,DETERIORATION,79
GNQ,2022,PRES,AFC,CRITICAL,DETERIORATION_ALERT,Certification énergie-eau,PRIORITY_CRITICAL,STRONG_DETERIORATION,222
GNQ,2022,PTRA,AFC,CRITICAL,DETERIORATION_ALERT,Transport et logistique,PRIORITY_CRITICAL,STRONG_DETERIORATION,179
GNQ,2023,PECO,AFC,CRITICAL,DECLINE_SIGNAL,Diversification économique,PRIORITY_CRITICAL,STRONG_DETERIORATION,944
GNQ,2023,PENV,AFC,CRITICAL,DETERIORATION_ALERT,Résilience environnementale,PRIORITY_CRITICAL,STRONG_DETERIORATION,158
GNQ,2023,PGEO,AFC,STABLE,STABILITY_SIGNAL,Gouvernance géopolitique et stabilité,PRIORITY_STANDARD,STABLE,474
GNQ,2023,PHUM,AFC,PROGRESSING,PROGRESSION_SIGNAL,Capital humain,PRIORITY_STANDARD,IMPROVEMENT,166
GNQ,2023,PMIL,AFC,ACCELERATING,PROGRESSION_SIGNAL,Résilience sécuritaire,PRIORITY_STANDARD,STRONG_IMPROVEMENT,118
GNQ,2023,PMIN,AFC,STABLE,STABILITY_SIGNAL,Chaîne de valeur minière,PRIORITY_STANDARD,STABLE,288
GNQ,2023,PMON,AFC,CRITICAL,DETERIORATION_ALERT,Résilience monétaire et financière,PRIORITY_CRITICAL,STRONG_DETERIORATION,126
GNQ,2023,PNUM,AFC,DECLINING,DETERIORATION_ALERT,Souveraineté numérique,PRIORITY_HIGH,DETERIORATION,145
GNQ,2023,PRES,AFC,CRITICAL,DETERIORATION_ALERT,Certification énergie-eau,PRIORITY_CRITICAL,STRONG_DETERIORATION,315
GNQ,2023,PTRA,AFC,CRITICAL,DETERIORATION_ALERT,Transport et logistique,PRIORITY_CRITICAL,STRONG_DETERIORATION,179
GNQ,2024,PECO,AFC,CRITICAL,DECLINE_SIGNAL,Diversification économique,PRIORITY_CRITICAL,STRONG_DETERIORATION,944
GNQ,2024,PENV,AFC,CRITICAL,DETERIORATION_ALERT,Résilience environnementale,PRIORITY_CRITICAL,STRONG_DETERIORATION,166
GNQ,2024,PGEO,AFC,STABLE,STABILITY_SIGNAL,Gouvernance géopolitique et stabilité,PRIORITY_STANDARD,STABLE,474
GNQ,2024,PHUM,AFC,PROGRESSING,PROGRESSION_SIGNAL,Capital humain,PRIORITY_STANDARD,IMPROVEMENT,169
GNQ,2024,PMIL,AFC,ACCELERATING,PROGRESSION_SIGNAL,Résilience sécuritaire,PRIORITY_STANDARD,STRONG_IMPROVEMENT,118
GNQ,2024,PMIN,AFC,STABLE,STABILITY_SIGNAL,Chaîne de valeur minière,PRIORITY_STANDARD,STABLE,288
GNQ,2024,PMON,AFC,CRITICAL,DETERIORATION_ALERT,Résilience monétaire et financière,PRIORITY_CRITICAL,STRONG_DETERIORATION,219
GNQ,2024,PNUM,AFC,DECLINING,DETERIORATION_ALERT,Souveraineté numérique,PRIORITY_HIGH,DETERIORATION,142
GNQ,2024,PRES,AFC,CRITICAL,DETERIORATION_ALERT,Certification énergie-eau,PRIORITY_CRITICAL,STRONG_DETERIORATION,346
GNQ,2024,PTRA,AFC,CRITICAL,DETERIORATION_ALERT,Transport et logistique,PRIORITY_CRITICAL,STRONG_DETERIORATION,296
KEN,2020,PECO,AFE,PROGRESSING,PROGRESSION_SIGNAL,Diversification économique,PRIORITY_STANDARD,IMPROVEMENT,155
KEN,2020,PENV,AFE,DECLINING,DECLINE_SIGNAL,Résilience environnementale,PRIORITY_HIGH,DETERIORATION,106
KEN,2020,PGEO,AFE,STABLE,STABILITY_SIGNAL,Gouvernance géopolitique et stabilité,PRIORITY_STANDARD,STABLE,121
KEN,2020,PHUM,AFE,PROGRESSING,PROGRESSION_SIGNAL,Capital humain,PRIORITY_STANDARD,IMPROVEMENT,94
KEN,2020,PMIL,AFE,STABLE,STABILITY_SIGNAL,Résilience sécuritaire,PRIORITY_STANDARD,STABLE,86
KEN,2020,PMIN,AFE,ACCELERATING,ACCELERATION_SIGNAL,Chaîne de valeur minière,PRIORITY_STANDARD,STRONG_IMPROVEMENT,409
KEN,2020,PMON,AFE,STABLE,STABILITY_SIGNAL,Résilience monétaire et financière,PRIORITY_STANDARD,STABLE,99
KEN,2020,PNUM,AFE,ACCELERATING,ACCELERATION_SIGNAL,Souveraineté numérique,PRIORITY_STANDARD,STRONG_IMPROVEMENT,111
KEN,2020,PRES,AFE,STABLE,STABILITY_SIGNAL,Certification énergie-eau,PRIORITY_STANDARD,STABLE,130
KEN,2020,PTRA,AFE,DECLINING,DETERIORATION_ALERT,Transport et logistique,PRIORITY_HIGH,DETERIORATION,190
KEN,2021,PECO,AFE,PROGRESSING,PROGRESSION_SIGNAL,Diversification économique,PRIORITY_STANDARD,IMPROVEMENT,155
KEN,2021,PENV,AFE,DECLINING,DETERIORATION_ALERT,Résilience environnementale,PRIORITY_HIGH,DETERIORATION,108
KEN,2021,PGEO,AFE,STABLE,STABILITY_SIGNAL,Gouvernance géopolitique et stabilité,PRIORITY_STANDARD,STABLE,121
KEN,2021,PHUM,AFE,PROGRESSING,PROGRESSION_SIGNAL,Capital humain,PRIORITY_STANDARD,IMPROVEMENT,94
KEN,2021,PMIL,AFE,STABLE,STABILITY_SIGNAL,Résilience sécuritaire,PRIORITY_STANDARD,STABLE,117
KEN,2021,PMIN,AFE,ACCELERATING,ACCELERATION_SIGNAL,Chaîne de valeur minière,PRIORITY_STANDARD,STRONG_IMPROVEMENT,253
KEN,2021,PMON,AFE,STABLE,STABILITY_SIGNAL,Résilience monétaire et financière,PRIORITY_STANDARD,STABLE,99
KEN,2021,PNUM,AFE,ACCELERATING,ACCELERATION_SIGNAL,Souveraineté numérique,PRIORITY_STANDARD,STRONG_IMPROVEMENT,114
KEN,2021,PRES,AFE,STABLE,STABILITY_SIGNAL,Certification énergie-eau,PRIORITY_STANDARD,STABLE,130
KEN,2021,PTRA,AFE,DECLINING,DETERIORATION_ALERT,Transport et logistique,PRIORITY_HIGH,DETERIORATION,190
KEN,2022,PECO,AFE,PROGRESSING,PROGRESSION_SIGNAL,Diversification économique,PRIORITY_STANDARD,IMPROVEMENT,155
KEN,2022,PENV,AFE,DECLINING,DETERIORATION_ALERT,Résilience environnementale,PRIORITY_HIGH,DETERIORATION,154
KEN,2022,PGEO,AFE,STABLE,STABILITY_SIGNAL,Gouvernance géopolitique et stabilité,PRIORITY_STANDARD,STABLE,121
KEN,2022,PHUM,AFE,PROGRESSING,PROGRESSION_SIGNAL,Capital humain,PRIORITY_STANDARD,IMPROVEMENT,94
KEN,2022,PMIL,AFE,STABLE,STABILITY_SIGNAL,Résilience sécuritaire,PRIORITY_STANDARD,STABLE,117
KEN,2022,PMIN,AFE,ACCELERATING,ACCELERATION_SIGNAL,Chaîne de valeur minière,PRIORITY_STANDARD,STRONG_IMPROVEMENT,417
KEN,2022,PMON,AFE,STABLE,STABILITY_SIGNAL,Résilience monétaire et financière,PRIORITY_STANDARD,STABLE,99
KEN,2022,PNUM,AFE,ACCELERATING,ACCELERATION_SIGNAL,Souveraineté numérique,PRIORITY_STANDARD,STRONG_IMPROVEMENT,111
KEN,2022,PRES,AFE,STABLE,STABILITY_SIGNAL,Certification énergie-eau,PRIORITY_STANDARD,STABLE,254
KEN,2022,PTRA,AFE,DECLINING,DETERIORATION_ALERT,Transport et logistique,PRIORITY_HIGH,DETERIORATION,221
KEN,2023,PECO,AFE,PROGRESSING,PROGRESSION_SIGNAL,Diversification économique,PRIORITY_STANDARD,IMPROVEMENT,155
KEN,2023,PENV,AFE,DECLINING,DETERIORATION_ALERT,Résilience environnementale,PRIORITY_HIGH,DETERIORATION,158
KEN,2023,PGEO,AFE,STABLE,STABILITY_SIGNAL,Gouvernance géopolitique et stabilité,PRIORITY_STANDARD,STABLE,121
KEN,2023,PHUM,AFE,PROGRESSING,PROGRESSION_SIGNAL,Capital humain,PRIORITY_STANDARD,IMPROVEMENT,118
KEN,2023,PMIL,AFE,STABLE,STABILITY_SIGNAL,Résilience sécuritaire,PRIORITY_STANDARD,STABLE,149
KEN,2023,PMIN,AFE,ACCELERATING,ACCELERATION_SIGNAL,Chaîne de valeur minière,PRIORITY_STANDARD,STRONG_IMPROVEMENT,454
KEN,2023,PMON,AFE,STABLE,STABILITY_SIGNAL,Résilience monétaire et financière,PRIORITY_STANDARD,STABLE,99
KEN,2023,PNUM,AFE,ACCELERATING,PROGRESSION_SIGNAL,Souveraineté numérique,PRIORITY_STANDARD,STRONG_IMPROVEMENT,84
KEN,2023,PRES,AFE,STABLE,STABILITY_SIGNAL,Certification énergie-eau,PRIORITY_STANDARD,STABLE,285
KEN,2023,PTRA,AFE,DECLINING,DETERIORATION_ALERT,Transport et logistique,PRIORITY_HIGH,DETERIORATION,260
KEN,2024,PECO,AFE,PROGRESSING,PROGRESSION_SIGNAL,Diversification économique,PRIORITY_STANDARD,IMPROVEMENT,254
KEN,2024,PENV,AFE,DECLINING,DETERIORATION_ALERT,Résilience environnementale,PRIORITY_HIGH,DETERIORATION,166
KEN,2024,PGEO,AFE,STABLE,STABILITY_SIGNAL,Gouvernance géopolitique et stabilité,PRIORITY_STANDARD,STABLE,151
KEN,2024,PHUM,AFE,PROGRESSING,PROGRESSION_SIGNAL,Capital humain,PRIORITY_STANDARD,IMPROVEMENT,123
KEN,2024,PMIL,AFE,STABLE,STABILITY_SIGNAL,Résilience sécuritaire,PRIORITY_STANDARD,STABLE,149
KEN,2024,PMIN,AFE,ACCELERATING,ACCELERATION_SIGNAL,Chaîne de valeur minière,PRIORITY_STANDARD,STRONG_IMPROVEMENT,456
KEN,2024,PMON,AFE,STABLE,STABILITY_SIGNAL,Résilience monétaire et financière,PRIORITY_STANDARD,STABLE,161
KEN,2024,PNUM,AFE,ACCELERATING,ACCELERATION_SIGNAL,Souveraineté numérique,PRIORITY_STANDARD,STRONG_IMPROVEMENT,81
KEN,2024,PRES,AFE,STABLE,STABILITY_SIGNAL,Certification énergie-eau,PRIORITY_STANDARD,STABLE,316
KEN,2024,PTRA,AFE,DECLINING,DETERIORATION_ALERT,Transport et logistique,PRIORITY_HIGH,DETERIORATION,377
LBR,2020,PECO,AFW,DECLINING,DECLINE_SIGNAL,Diversification économique,PRIORITY_HIGH,DETERIORATION,161
LBR,2020,PENV,AFW,CRITICAL,DECLINE_SIGNAL,Résilience environnementale,PRIORITY_HIGH,STRONG_DETERIORATION,106
LBR,2020,PGEO,AFW,STABLE,STABILITY_SIGNAL,Gouvernance géopolitique et stabilité,PRIORITY_STANDARD,STABLE,125
LBR,2020,PHUM,AFW,DECLINING,DECLINE_SIGNAL,Capital humain,PRIORITY_HIGH,DETERIORATION,118
LBR,2020,PMIL,AFW,CRITICAL,DETERIORATION_ALERT,Résilience sécuritaire,PRIORITY_HIGH,STRONG_DETERIORATION,117
LBR,2020,PMIN,AFW,PROGRESSING,PROGRESSION_SIGNAL,Chaîne de valeur minière,PRIORITY_STANDARD,IMPROVEMENT,444
LBR,2020,PMON,AFW,DECLINING,DETERIORATION_ALERT,Résilience monétaire et financière,PRIORITY_HIGH,DETERIORATION,129
LBR,2020,PNUM,AFW,DECLINING,DETERIORATION_ALERT,Souveraineté numérique,PRIORITY_HIGH,DETERIORATION,111
LBR,2020,PRES,AFW,ACCELERATING,ACCELERATION_SIGNAL,Certification énergie-eau,PRIORITY_STANDARD,STRONG_IMPROVEMENT,97
LBR,2020,PTRA,AFW,CRITICAL,DETERIORATION_ALERT,Transport et logistique,PRIORITY_CRITICAL,STRONG_DETERIORATION,146
LBR,2021,PECO,AFW,DECLINING,DECLINE_SIGNAL,Diversification économique,PRIORITY_HIGH,DETERIORATION,161
LBR,2021,PENV,AFW,CRITICAL,DETERIORATION_ALERT,Résilience environnementale,PRIORITY_HIGH,STRONG_DETERIORATION,108
LBR,2021,PGEO,AFW,STABLE,STABILITY_SIGNAL,Gouvernance géopolitique et stabilité,PRIORITY_STANDARD,STABLE,125
LBR,2021,PHUM,AFW,DECLINING,DECLINE_SIGNAL,Capital humain,PRIORITY_HIGH,DETERIORATION,118
LBR,2021,PMIL,AFW,CRITICAL,DETERIORATION_ALERT,Résilience sécuritaire,PRIORITY_HIGH,STRONG_DETERIORATION,148
LBR,2021,PMIN,AFW,PROGRESSING,PROGRESSION_SIGNAL,Chaîne de valeur minière,PRIORITY_STANDARD,IMPROVEMENT,327
LBR,2021,PMON,AFW,DECLINING,DETERIORATION_ALERT,Résilience monétaire et financière,PRIORITY_HIGH,DETERIORATION,129
LBR,2021,PNUM,AFW,DECLINING,DETERIORATION_ALERT,Souveraineté numérique,PRIORITY_HIGH,DETERIORATION,114
LBR,2021,PRES,AFW,ACCELERATING,ACCELERATION_SIGNAL,Certification énergie-eau,PRIORITY_STANDARD,STRONG_IMPROVEMENT,97
LBR,2021,PTRA,AFW,CRITICAL,DETERIORATION_ALERT,Transport et logistique,PRIORITY_CRITICAL,STRONG_DETERIORATION,146
LBR,2022,PECO,AFW,DECLINING,DECLINE_SIGNAL,Diversification économique,PRIORITY_HIGH,DETERIORATION,161
LBR,2022,PENV,AFW,CRITICAL,DETERIORATION_ALERT,Résilience environnementale,PRIORITY_HIGH,STRONG_DETERIORATION,131
LBR,2022,PGEO,AFW,STABLE,STABILITY_SIGNAL,Gouvernance géopolitique et stabilité,PRIORITY_STANDARD,STABLE,125
LBR,2022,PHUM,AFW,DECLINING,DECLINE_SIGNAL,Capital humain,PRIORITY_HIGH,DETERIORATION,118
LBR,2022,PMIL,AFW,CRITICAL,DETERIORATION_ALERT,Résilience sécuritaire,PRIORITY_HIGH,STRONG_DETERIORATION,148
LBR,2022,PMIN,AFW,PROGRESSING,PROGRESSION_SIGNAL,Chaîne de valeur minière,PRIORITY_STANDARD,IMPROVEMENT,451
LBR,2022,PMON,AFW,DECLINING,DETERIORATION_ALERT,Résilience monétaire et financière,PRIORITY_HIGH,DETERIORATION,129
LBR,2022,PNUM,AFW,DECLINING,DETERIORATION_ALERT,Souveraineté numérique,PRIORITY_HIGH,DETERIORATION,111
LBR,2022,PRES,AFW,ACCELERATING,ACCELERATION_SIGNAL,Certification énergie-eau,PRIORITY_STANDARD,STRONG_IMPROVEMENT,159
LBR,2022,PTRA,AFW,CRITICAL,DETERIORATION_ALERT,Transport et logistique,PRIORITY_CRITICAL,STRONG_DETERIORATION,177
LBR,2023,PECO,AFW,DECLINING,DECLINE_SIGNAL,Diversification économique,PRIORITY_STANDARD,DETERIORATION,161
LBR,2023,PENV,AFW,CRITICAL,DETERIORATION_ALERT,Résilience environnementale,PRIORITY_CRITICAL,STRONG_DETERIORATION,158
LBR,2023,PGEO,AFW,STABLE,STABILITY_SIGNAL,Gouvernance géopolitique et stabilité,PRIORITY_STANDARD,STABLE,125
LBR,2023,PHUM,AFW,DECLINING,DECLINE_SIGNAL,Capital humain,PRIORITY_HIGH,DETERIORATION,118
LBR,2023,PMIL,AFW,CRITICAL,DETERIORATION_ALERT,Résilience sécuritaire,PRIORITY_HIGH,STRONG_DETERIORATION,149
LBR,2023,PMIN,AFW,PROGRESSING,PROGRESSION_SIGNAL,Chaîne de valeur minière,PRIORITY_STANDARD,IMPROVEMENT,452
LBR,2023,PMON,AFW,DECLINING,DETERIORATION_ALERT,Résilience monétaire et financière,PRIORITY_HIGH,DETERIORATION,160
LBR,2023,PNUM,AFW,DECLINING,DETERIORATION_ALERT,Souveraineté numérique,PRIORITY_HIGH,DETERIORATION,177
LBR,2023,PRES,AFW,ACCELERATING,ACCELERATION_SIGNAL,Certification énergie-eau,PRIORITY_STANDARD,STRONG_IMPROVEMENT,252
LBR,2023,PTRA,AFW,CRITICAL,DETERIORATION_ALERT,Transport et logistique,PRIORITY_CRITICAL,STRONG_DETERIORATION,177
LBR,2024,PECO,AFW,DECLINING,DECLINE_SIGNAL,Diversification économique,PRIORITY_STANDARD,DETERIORATION,161
LBR,2024,PENV,AFW,CRITICAL,DETERIORATION_ALERT,Résilience environnementale,PRIORITY_CRITICAL,STRONG_DETERIORATION,166
LBR,2024,PGEO,AFW,STABLE,STABILITY_SIGNAL,Gouvernance géopolitique et stabilité,PRIORITY_STANDARD,STABLE,125
LBR,2024,PHUM,AFW,DECLINING,DECLINE_SIGNAL,Capital humain,PRIORITY_HIGH,DETERIORATION,123
LBR,2024,PMIL,AFW,CRITICAL,DETERIORATION_ALERT,Résilience sécuritaire,PRIORITY_HIGH,STRONG_DETERIORATION,149
LBR,2024,PMIN,AFW,PROGRESSING,PROGRESSION_SIGNAL,Chaîne de valeur minière,PRIORITY_STANDARD,IMPROVEMENT,571
LBR,2024,PMON,AFW,DECLINING,DETERIORATION_ALERT,Résilience monétaire et financière,PRIORITY_HIGH,DETERIORATION,191
LBR,2024,PNUM,AFW,DECLINING,DETERIORATION_ALERT,Souveraineté numérique,PRIORITY_HIGH,DETERIORATION,174
LBR,2024,PRES,AFW,ACCELERATING,ACCELERATION_SIGNAL,Certification énergie-eau,PRIORITY_STANDARD,STRONG_IMPROVEMENT,252
LBR,2024,PTRA,AFW,CRITICAL,DETERIORATION_ALERT,Transport et logistique,PRIORITY_CRITICAL,STRONG_DETERIORATION,177
LBY,2020,PECO,AFN,DECLINING,DECLINE_SIGNAL,Diversification économique,PRIORITY_HIGH,DETERIORATION,272
LBY,2020,PENV,AFN,DECLINING,DETERIORATION_ALERT,Résilience environnementale,PRIORITY_HIGH,DETERIORATION,106
LBY,2020,PGEO,AFN,STABLE,STABILITY_SIGNAL,Gouvernance géopolitique et stabilité,PRIORITY_STANDARD,STABLE,123
LBY,2020,PHUM,AFN,DECLINING,DECLINE_SIGNAL,Capital humain,PRIORITY_HIGH,DETERIORATION,93
LBY,2020,PMIL,AFN,CRITICAL,DETERIORATION_ALERT,Résilience sécuritaire,PRIORITY_CRITICAL,STRONG_DETERIORATION,154
LBY,2020,PMIN,AFN,STABLE,STABILITY_SIGNAL,Chaîne de valeur minière,PRIORITY_STANDARD,STABLE,360
LBY,2020,PMON,AFN,CRITICAL,DECLINE_SIGNAL,Résilience monétaire et financière,PRIORITY_CRITICAL,STRONG_DETERIORATION,128
LBY,2020,PNUM,AFN,DECLINING,DECLINE_SIGNAL,Souveraineté numérique,PRIORITY_HIGH,DETERIORATION,79
LBY,2020,PRES,AFN,CRITICAL,DETERIORATION_ALERT,Certification énergie-eau,PRIORITY_HIGH,STRONG_DETERIORATION,98
LBY,2020,PTRA,AFN,CRITICAL,DETERIORATION_ALERT,Transport et logistique,PRIORITY_CRITICAL,STRONG_DETERIORATION,148
LBY,2021,PECO,AFN,DECLINING,DECLINE_SIGNAL,Diversification économique,PRIORITY_HIGH,DETERIORATION,217
LBY,2021,PENV,AFN,DECLINING,DETERIORATION_ALERT,Résilience environnementale,PRIORITY_HIGH,DETERIORATION,108
LBY,2021,PGEO,AFN,STABLE,STABILITY_SIGNAL,Gouvernance géopolitique et stabilité,PRIORITY_STANDARD,STABLE,123
LBY,2021,PHUM,AFN,DECLINING,DECLINE_SIGNAL,Capital humain,PRIORITY_HIGH,DETERIORATION,93
LBY,2021,PMIL,AFN,CRITICAL,DETERIORATION_ALERT,Résilience sécuritaire,PRIORITY_CRITICAL,STRONG_DETERIORATION,185
LBY,2021,PMIN,AFN,STABLE,STABILITY_SIGNAL,Chaîne de valeur minière,PRIORITY_STANDARD,STABLE,360
LBY,2021,PMON,AFN,CRITICAL,DETERIORATION_ALERT,Résilience monétaire et financière,PRIORITY_CRITICAL,STRONG_DETERIORATION,128
LBY,2021,PNUM,AFN,DECLINING,DECLINE_SIGNAL,Souveraineté numérique,PRIORITY_HIGH,DETERIORATION,82
LBY,2021,PRES,AFN,CRITICAL,DECLINE_SIGNAL,Certification énergie-eau,PRIORITY_HIGH,STRONG_DETERIORATION,98
LBY,2021,PTRA,AFN,CRITICAL,DETERIORATION_ALERT,Transport et logistique,PRIORITY_CRITICAL,STRONG_DETERIORATION,148
LBY,2022,PECO,AFN,DECLINING,DECLINE_SIGNAL,Diversification économique,PRIORITY_HIGH,DETERIORATION,217
LBY,2022,PENV,AFN,DECLINING,DETERIORATION_ALERT,Résilience environnementale,PRIORITY_HIGH,DETERIORATION,177
LBY,2022,PGEO,AFN,STABLE,STABILITY_SIGNAL,Gouvernance géopolitique et stabilité,PRIORITY_STANDARD,STABLE,123
LBY,2022,PHUM,AFN,DECLINING,DECLINE_SIGNAL,Capital humain,PRIORITY_HIGH,DETERIORATION,93
LBY,2022,PMIL,AFN,CRITICAL,DETERIORATION_ALERT,Résilience sécuritaire,PRIORITY_CRITICAL,STRONG_DETERIORATION,116
LBY,2022,PMIN,AFN,STABLE,STABILITY_SIGNAL,Chaîne de valeur minière,PRIORITY_STANDARD,STABLE,368
LBY,2022,PMON,AFN,CRITICAL,DECLINE_SIGNAL,Résilience monétaire et financière,PRIORITY_CRITICAL,STRONG_DETERIORATION,159
LBY,2022,PNUM,AFN,DECLINING,DECLINE_SIGNAL,Souveraineté numérique,PRIORITY_HIGH,DETERIORATION,79
LBY,2022,PRES,AFN,CRITICAL,DETERIORATION_ALERT,Certification énergie-eau,PRIORITY_HIGH,STRONG_DETERIORATION,253
LBY,2022,PTRA,AFN,CRITICAL,DETERIORATION_ALERT,Transport et logistique,PRIORITY_CRITICAL,STRONG_DETERIORATION,179
LBY,2023,PECO,AFN,DECLINING,DECLINE_SIGNAL,Diversification économique,PRIORITY_HIGH,DETERIORATION,217
LBY,2023,PENV,AFN,DECLINING,DETERIORATION_ALERT,Résilience environnementale,PRIORITY_HIGH,DETERIORATION,158
LBY,2023,PGEO,AFN,STABLE,STABILITY_SIGNAL,Gouvernance géopolitique et stabilité,PRIORITY_STANDARD,STABLE,123
LBY,2023,PHUM,AFN,DECLINING,DECLINE_SIGNAL,Capital humain,PRIORITY_HIGH,DETERIORATION,94
LBY,2023,PMIL,AFN,CRITICAL,DETERIORATION_ALERT,Résilience sécuritaire,PRIORITY_CRITICAL,STRONG_DETERIORATION,117
LBY,2023,PMIN,AFN,STABLE,STABILITY_SIGNAL,Chaîne de valeur minière,PRIORITY_STANDARD,STABLE,368
LBY,2023,PMON,AFN,CRITICAL,DECLINE_SIGNAL,Résilience monétaire et financière,PRIORITY_CRITICAL,STRONG_DETERIORATION,159
LBY,2023,PNUM,AFN,DECLINING,DETERIORATION_ALERT,Souveraineté numérique,PRIORITY_HIGH,DETERIORATION,145
LBY,2023,PRES,AFN,CRITICAL,DETERIORATION_ALERT,Certification énergie-eau,PRIORITY_HIGH,STRONG_DETERIORATION,315
LBY,2023,PTRA,AFN,CRITICAL,DETERIORATION_ALERT,Transport et logistique,PRIORITY_CRITICAL,STRONG_DETERIORATION,179
LBY,2024,PECO,AFN,DECLINING,DECLINE_SIGNAL,Diversification économique,PRIORITY_HIGH,DETERIORATION,272
LBY,2024,PENV,AFN,DECLINING,DETERIORATION_ALERT,Résilience environnementale,PRIORITY_HIGH,DETERIORATION,166
LBY,2024,PGEO,AFN,STABLE,STABILITY_SIGNAL,Gouvernance géopolitique et stabilité,PRIORITY_STANDARD,STABLE,123
LBY,2024,PHUM,AFN,DECLINING,DECLINE_SIGNAL,Capital humain,PRIORITY_HIGH,DETERIORATION,99
LBY,2024,PMIL,AFN,CRITICAL,DETERIORATION_ALERT,Résilience sécuritaire,PRIORITY_CRITICAL,STRONG_DETERIORATION,186
LBY,2024,PMIN,AFN,STABLE,STABILITY_SIGNAL,Chaîne de valeur minière,PRIORITY_STANDARD,STABLE,368
LBY,2024,PMON,AFN,CRITICAL,DECLINE_SIGNAL,Résilience monétaire et financière,PRIORITY_CRITICAL,STRONG_DETERIORATION,182
LBY,2024,PNUM,AFN,DECLINING,DETERIORATION_ALERT,Souveraineté numérique,PRIORITY_HIGH,DETERIORATION,142
LBY,2024,PRES,AFN,CRITICAL,DETERIORATION_ALERT,Certification énergie-eau,PRIORITY_HIGH,STRONG_DETERIORATION,346
LBY,2024,PTRA,AFN,CRITICAL,DETERIORATION_ALERT,Transport et logistique,PRIORITY_CRITICAL,STRONG_DETERIORATION,296
LSO,2020,PECO,AFS,PROGRESSING,PROGRESSION_SIGNAL,Diversification économique,PRIORITY_STANDARD,IMPROVEMENT,211
LSO,2020,PENV,AFS,DECLINING,DECLINE_SIGNAL,Résilience environnementale,PRIORITY_HIGH,DETERIORATION,107
LSO,2020,PGEO,AFS,STABLE,STABILITY_SIGNAL,Gouvernance géopolitique et stabilité,PRIORITY_STANDARD,STABLE,121
LSO,2020,PHUM,AFS,DECLINING,DECLINE_SIGNAL,Capital humain,PRIORITY_HIGH,DETERIORATION,123
LSO,2020,PMIL,AFS,CRITICAL,DETERIORATION_ALERT,Résilience sécuritaire,PRIORITY_CRITICAL,STRONG_DETERIORATION,85
LSO,2020,PMIN,AFS,STABLE,STABILITY_SIGNAL,Chaîne de valeur minière,PRIORITY_STANDARD,STABLE,321
LSO,2020,PMON,AFS,DECLINING,DECLINE_SIGNAL,Résilience monétaire et financière,PRIORITY_HIGH,DETERIORATION,97
LSO,2020,PNUM,AFS,STABLE,STABILITY_SIGNAL,Souveraineté numérique,PRIORITY_STANDARD,STABLE,111
LSO,2020,PRES,AFS,DECLINING,DETERIORATION_ALERT,Certification énergie-eau,PRIORITY_HIGH,DETERIORATION,129
LSO,2020,PTRA,AFS,DECLINING,DETERIORATION_ALERT,Transport et logistique,PRIORITY_HIGH,DETERIORATION,105
LSO,2021,PECO,AFS,PROGRESSING,PROGRESSION_SIGNAL,Diversification économique,PRIORITY_STANDARD,IMPROVEMENT,156
LSO,2021,PENV,AFS,DECLINING,DECLINE_SIGNAL,Résilience environnementale,PRIORITY_HIGH,DETERIORATION,109
LSO,2021,PGEO,AFS,STABLE,STABILITY_SIGNAL,Gouvernance géopolitique et stabilité,PRIORITY_STANDARD,STABLE,121
LSO,2021,PHUM,AFS,DECLINING,DECLINE_SIGNAL,Capital humain,PRIORITY_HIGH,DETERIORATION,123
LSO,2021,PMIL,AFS,CRITICAL,DETERIORATION_ALERT,Résilience sécuritaire,PRIORITY_CRITICAL,STRONG_DETERIORATION,116
LSO,2021,PMIN,AFS,STABLE,STABILITY_SIGNAL,Chaîne de valeur minière,PRIORITY_STANDARD,STABLE,243
LSO,2021,PMON,AFS,DECLINING,DECLINE_SIGNAL,Résilience monétaire et financière,PRIORITY_HIGH,DETERIORATION,128
LSO,2021,PNUM,AFS,STABLE,STABILITY_SIGNAL,Souveraineté numérique,PRIORITY_STANDARD,STABLE,114
LSO,2021,PRES,AFS,DECLINING,DETERIORATION_ALERT,Certification énergie-eau,PRIORITY_HIGH,DETERIORATION,129
LSO,2021,PTRA,AFS,DECLINING,DETERIORATION_ALERT,Transport et logistique,PRIORITY_HIGH,DETERIORATION,105
LSO,2022,PECO,AFS,PROGRESSING,PROGRESSION_SIGNAL,Diversification économique,PRIORITY_STANDARD,IMPROVEMENT,156
LSO,2022,PENV,AFS,DECLINING,DETERIORATION_ALERT,Résilience environnementale,PRIORITY_HIGH,DETERIORATION,132
LSO,2022,PGEO,AFS,STABLE,STABILITY_SIGNAL,Gouvernance géopolitique et stabilité,PRIORITY_STANDARD,STABLE,121
LSO,2022,PHUM,AFS,DECLINING,DECLINE_SIGNAL,Capital humain,PRIORITY_HIGH,DETERIORATION,123
LSO,2022,PMIL,AFS,CRITICAL,DETERIORATION_ALERT,Résilience sécuritaire,PRIORITY_CRITICAL,STRONG_DETERIORATION,116
LSO,2022,PMIN,AFS,STABLE,STABILITY_SIGNAL,Chaîne de valeur minière,PRIORITY_STANDARD,STABLE,368
LSO,2022,PMON,AFS,DECLINING,DECLINE_SIGNAL,Résilience monétaire et financière,PRIORITY_HIGH,DETERIORATION,128
LSO,2022,PNUM,AFS,STABLE,STABILITY_SIGNAL,Souveraineté numérique,PRIORITY_STANDARD,STABLE,111
LSO,2022,PRES,AFS,DECLINING,DETERIORATION_ALERT,Certification énergie-eau,PRIORITY_HIGH,DETERIORATION,191
LSO,2022,PTRA,AFS,DECLINING,DETERIORATION_ALERT,Transport et logistique,PRIORITY_HIGH,DETERIORATION,105
LSO,2023,PECO,AFS,PROGRESSING,PROGRESSION_SIGNAL,Diversification économique,PRIORITY_STANDARD,IMPROVEMENT,211
LSO,2023,PENV,AFS,DECLINING,DETERIORATION_ALERT,Résilience environnementale,PRIORITY_HIGH,DETERIORATION,159
LSO,2023,PGEO,AFS,STABLE,STABILITY_SIGNAL,Gouvernance géopolitique et stabilité,PRIORITY_STANDARD,STABLE,121
LSO,2023,PHUM,AFS,DECLINING,DECLINE_SIGNAL,Capital humain,PRIORITY_HIGH,DETERIORATION,123
LSO,2023,PMIL,AFS,CRITICAL,DETERIORATION_ALERT,Résilience sécuritaire,PRIORITY_CRITICAL,STRONG_DETERIORATION,117
LSO,2023,PMIN,AFS,STABLE,STABILITY_SIGNAL,Chaîne de valeur minière,PRIORITY_STANDARD,STABLE,327
LSO,2023,PMON,AFS,DECLINING,DECLINE_SIGNAL,Résilience monétaire et financière,PRIORITY_HIGH,DETERIORATION,128
LSO,2023,PNUM,AFS,STABLE,STABILITY_SIGNAL,Souveraineté numérique,PRIORITY_STANDARD,STABLE,115
LSO,2023,PRES,AFS,DECLINING,DETERIORATION_ALERT,Certification énergie-eau,PRIORITY_HIGH,DETERIORATION,284
LSO,2023,PTRA,AFS,DECLINING,DETERIORATION_ALERT,Transport et logistique,PRIORITY_HIGH,DETERIORATION,105
LSO,2024,PECO,AFS,PROGRESSING,PROGRESSION_SIGNAL,Diversification économique,PRIORITY_STANDARD,IMPROVEMENT,207
LSO,2024,PENV,AFS,DECLINING,DETERIORATION_ALERT,Résilience environnementale,PRIORITY_HIGH,DETERIORATION,190
LSO,2024,PGEO,AFS,STABLE,STABILITY_SIGNAL,Gouvernance géopolitique et stabilité,PRIORITY_STANDARD,STABLE,121
LSO,2024,PHUM,AFS,DECLINING,DECLINE_SIGNAL,Capital humain,PRIORITY_HIGH,DETERIORATION,141
LSO,2024,PMIL,AFS,CRITICAL,DETERIORATION_ALERT,Résilience sécuritaire,PRIORITY_CRITICAL,STRONG_DETERIORATION,117
LSO,2024,PMIN,AFS,STABLE,STABILITY_SIGNAL,Chaîne de valeur minière,PRIORITY_STANDARD,STABLE,329
LSO,2024,PMON,AFS,DECLINING,DETERIORATION_ALERT,Résilience monétaire et financière,PRIORITY_HIGH,DETERIORATION,159
LSO,2024,PNUM,AFS,STABLE,STABILITY_SIGNAL,Souveraineté numérique,PRIORITY_STANDARD,STABLE,112
LSO,2024,PRES,AFS,DECLINING,DETERIORATION_ALERT,Certification énergie-eau,PRIORITY_HIGH,DETERIORATION,284
LSO,2024,PTRA,AFS,DECLINING,DETERIORATION_ALERT,Transport et logistique,PRIORITY_HIGH,DETERIORATION,105
MAR,2020,PECO,AFN,DECLINING,DECLINE_SIGNAL,Diversification économique,PRIORITY_STANDARD,DETERIORATION,154
MAR,2020,PENV,AFN,CRITICAL,DETERIORATION_ALERT,Résilience environnementale,PRIORITY_CRITICAL,STRONG_DETERIORATION,106
MAR,2020,PGEO,AFN,DECLINING,DECLINE_SIGNAL,Gouvernance géopolitique et stabilité,PRIORITY_HIGH,DETERIORATION,119
MAR,2020,PHUM,AFN,DECLINING,DECLINE_SIGNAL,Capital humain,PRIORITY_HIGH,DETERIORATION,119
MAR,2020,PMIL,AFN,PROGRESSING,PROGRESSION_SIGNAL,Résilience sécuritaire,PRIORITY_STANDARD,IMPROVEMENT,86
MAR,2020,PMIN,AFN,DECLINING,DECLINE_SIGNAL,Chaîne de valeur minière,PRIORITY_STANDARD,DETERIORATION,243
MAR,2020,PMON,AFN,STABLE,STABILITY_SIGNAL,Résilience monétaire et financière,PRIORITY_STANDARD,STABLE,129
MAR,2020,PNUM,AFN,ACCELERATING,ACCELERATION_SIGNAL,Souveraineté numérique,PRIORITY_STANDARD,STRONG_IMPROVEMENT,80
MAR,2020,PRES,AFN,CRITICAL,DETERIORATION_ALERT,Certification énergie-eau,PRIORITY_CRITICAL,STRONG_DETERIORATION,128
MAR,2020,PTRA,AFN,STABLE,STABILITY_SIGNAL,Transport et logistique,PRIORITY_STANDARD,STABLE,189
MAR,2021,PECO,AFN,DECLINING,DECLINE_SIGNAL,Diversification économique,PRIORITY_STANDARD,DETERIORATION,154
MAR,2021,PENV,AFN,CRITICAL,DETERIORATION_ALERT,Résilience environnementale,PRIORITY_CRITICAL,STRONG_DETERIORATION,108
MAR,2021,PGEO,AFN,DECLINING,DECLINE_SIGNAL,Gouvernance géopolitique et stabilité,PRIORITY_HIGH,DETERIORATION,119
MAR,2021,PHUM,AFN,DECLINING,DECLINE_SIGNAL,Capital humain,PRIORITY_HIGH,DETERIORATION,119
MAR,2021,PMIL,AFN,PROGRESSING,PROGRESSION_SIGNAL,Résilience sécuritaire,PRIORITY_STANDARD,IMPROVEMENT,117
MAR,2021,PMIN,AFN,DECLINING,DECLINE_SIGNAL,Chaîne de valeur minière,PRIORITY_STANDARD,DETERIORATION,243
MAR,2021,PMON,AFN,STABLE,STABILITY_SIGNAL,Résilience monétaire et financière,PRIORITY_STANDARD,STABLE,98
MAR,2021,PNUM,AFN,ACCELERATING,ACCELERATION_SIGNAL,Souveraineté numérique,PRIORITY_STANDARD,STRONG_IMPROVEMENT,83
MAR,2021,PRES,AFN,CRITICAL,DETERIORATION_ALERT,Certification énergie-eau,PRIORITY_CRITICAL,STRONG_DETERIORATION,128
MAR,2021,PTRA,AFN,STABLE,STABILITY_SIGNAL,Transport et logistique,PRIORITY_STANDARD,STABLE,189
MAR,2022,PECO,AFN,DECLINING,DECLINE_SIGNAL,Diversification économique,PRIORITY_STANDARD,DETERIORATION,154
MAR,2022,PENV,AFN,CRITICAL,DETERIORATION_ALERT,Résilience environnementale,PRIORITY_CRITICAL,STRONG_DETERIORATION,131
MAR,2022,PGEO,AFN,DECLINING,DECLINE_SIGNAL,Gouvernance géopolitique et stabilité,PRIORITY_HIGH,DETERIORATION,119
MAR,2022,PHUM,AFN,DECLINING,DECLINE_SIGNAL,Capital humain,PRIORITY_STANDARD,DETERIORATION,119
MAR,2022,PMIL,AFN,PROGRESSING,PROGRESSION_SIGNAL,Résilience sécuritaire,PRIORITY_STANDARD,IMPROVEMENT,117
MAR,2022,PMIN,AFN,DECLINING,DECLINE_SIGNAL,Chaîne de valeur minière,PRIORITY_STANDARD,DETERIORATION,251
MAR,2022,PMON,AFN,STABLE,STABILITY_SIGNAL,Résilience monétaire et financière,PRIORITY_STANDARD,STABLE,98
MAR,2022,PNUM,AFN,ACCELERATING,ACCELERATION_SIGNAL,Souveraineté numérique,PRIORITY_STANDARD,STRONG_IMPROVEMENT,80
MAR,2022,PRES,AFN,CRITICAL,DETERIORATION_ALERT,Certification énergie-eau,PRIORITY_CRITICAL,STRONG_DETERIORATION,221
MAR,2022,PTRA,AFN,STABLE,STABILITY_SIGNAL,Transport et logistique,PRIORITY_STANDARD,STABLE,220
MAR,2023,PECO,AFN,DECLINING,DECLINE_SIGNAL,Diversification économique,PRIORITY_STANDARD,DETERIORATION,154
MAR,2023,PENV,AFN,CRITICAL,DETERIORATION_ALERT,Résilience environnementale,PRIORITY_CRITICAL,STRONG_DETERIORATION,158
MAR,2023,PGEO,AFN,DECLINING,DECLINE_SIGNAL,Gouvernance géopolitique et stabilité,PRIORITY_HIGH,DETERIORATION,119
MAR,2023,PHUM,AFN,DECLINING,DECLINE_SIGNAL,Capital humain,PRIORITY_HIGH,DETERIORATION,120
MAR,2023,PMIL,AFN,PROGRESSING,PROGRESSION_SIGNAL,Résilience sécuritaire,PRIORITY_STANDARD,IMPROVEMENT,118
MAR,2023,PMIN,AFN,DECLINING,DECLINE_SIGNAL,Chaîne de valeur minière,PRIORITY_STANDARD,DETERIORATION,288
MAR,2023,PMON,AFN,STABLE,STABILITY_SIGNAL,Résilience monétaire et financière,PRIORITY_STANDARD,STABLE,129
MAR,2023,PNUM,AFN,ACCELERATING,ACCELERATION_SIGNAL,Souveraineté numérique,PRIORITY_STANDARD,STRONG_IMPROVEMENT,84
MAR,2023,PRES,AFN,CRITICAL,DETERIORATION_ALERT,Certification énergie-eau,PRIORITY_CRITICAL,STRONG_DETERIORATION,283
MAR,2023,PTRA,AFN,STABLE,STABILITY_SIGNAL,Transport et logistique,PRIORITY_STANDARD,STABLE,259
MAR,2024,PECO,AFN,DECLINING,DECLINE_SIGNAL,Diversification économique,PRIORITY_HIGH,DETERIORATION,253
MAR,2024,PENV,AFN,CRITICAL,DETERIORATION_ALERT,Résilience environnementale,PRIORITY_CRITICAL,STRONG_DETERIORATION,166
MAR,2024,PGEO,AFN,DECLINING,DECLINE_SIGNAL,Gouvernance géopolitique et stabilité,PRIORITY_HIGH,DETERIORATION,149
MAR,2024,PHUM,AFN,DECLINING,DECLINE_SIGNAL,Capital humain,PRIORITY_HIGH,DETERIORATION,124
MAR,2024,PMIL,AFN,PROGRESSING,PROGRESSION_SIGNAL,Résilience sécuritaire,PRIORITY_STANDARD,IMPROVEMENT,149
MAR,2024,PMIN,AFN,DECLINING,DECLINE_SIGNAL,Chaîne de valeur minière,PRIORITY_STANDARD,DETERIORATION,290
MAR,2024,PMON,AFN,STABLE,STABILITY_SIGNAL,Résilience monétaire et financière,PRIORITY_STANDARD,STABLE,129
MAR,2024,PNUM,AFN,ACCELERATING,ACCELERATION_SIGNAL,Souveraineté numérique,PRIORITY_STANDARD,STRONG_IMPROVEMENT,81
MAR,2024,PRES,AFN,CRITICAL,DETERIORATION_ALERT,Certification énergie-eau,PRIORITY_CRITICAL,STRONG_DETERIORATION,314
MAR,2024,PTRA,AFN,STABLE,STABILITY_SIGNAL,Transport et logistique,PRIORITY_STANDARD,STABLE,376
MDG,2020,PECO,AFE,STABLE,STABILITY_SIGNAL,Diversification économique,PRIORITY_STANDARD,STABLE,155
MDG,2020,PENV,AFE,CRITICAL,DETERIORATION_ALERT,Résilience environnementale,PRIORITY_CRITICAL,STRONG_DETERIORATION,106
MDG,2020,PGEO,AFE,STABLE,STABILITY_SIGNAL,Gouvernance géopolitique et stabilité,PRIORITY_STANDARD,STABLE,129
MDG,2020,PHUM,AFE,DECLINING,DECLINE_SIGNAL,Capital humain,PRIORITY_HIGH,DETERIORATION,123
MDG,2020,PMIL,AFE,ACCELERATING,PROGRESSION_SIGNAL,Résilience sécuritaire,PRIORITY_STANDARD,STRONG_IMPROVEMENT,85
MDG,2020,PMIN,AFE,ACCELERATING,ACCELERATION_SIGNAL,Chaîne de valeur minière,PRIORITY_STANDARD,STRONG_IMPROVEMENT,453
MDG,2020,PMON,AFE,PROGRESSING,PROGRESSION_SIGNAL,Résilience monétaire et financière,PRIORITY_STANDARD,IMPROVEMENT,97
MDG,2020,PNUM,AFE,PROGRESSING,PROGRESSION_SIGNAL,Souveraineté numérique,PRIORITY_STANDARD,IMPROVEMENT,80
MDG,2020,PRES,AFE,CRITICAL,DETERIORATION_ALERT,Certification énergie-eau,PRIORITY_HIGH,STRONG_DETERIORATION,98
MDG,2020,PTRA,AFE,CRITICAL,DETERIORATION_ALERT,Transport et logistique,PRIORITY_CRITICAL,STRONG_DETERIORATION,229
MDG,2021,PECO,AFE,STABLE,STABILITY_SIGNAL,Diversification économique,PRIORITY_STANDARD,STABLE,155
MDG,2021,PENV,AFE,CRITICAL,DETERIORATION_ALERT,Résilience environnementale,PRIORITY_CRITICAL,STRONG_DETERIORATION,108
MDG,2021,PGEO,AFE,STABLE,STABILITY_SIGNAL,Gouvernance géopolitique et stabilité,PRIORITY_STANDARD,STABLE,129
MDG,2021,PHUM,AFE,DECLINING,DECLINE_SIGNAL,Capital humain,PRIORITY_HIGH,DETERIORATION,98
MDG,2021,PMIL,AFE,ACCELERATING,PROGRESSION_SIGNAL,Résilience sécuritaire,PRIORITY_STANDARD,STRONG_IMPROVEMENT,116
MDG,2021,PMIN,AFE,ACCELERATING,ACCELERATION_SIGNAL,Chaîne de valeur minière,PRIORITY_STANDARD,STRONG_IMPROVEMENT,255
MDG,2021,PMON,AFE,PROGRESSING,PROGRESSION_SIGNAL,Résilience monétaire et financière,PRIORITY_STANDARD,IMPROVEMENT,97
MDG,2021,PNUM,AFE,PROGRESSING,PROGRESSION_SIGNAL,Souveraineté numérique,PRIORITY_STANDARD,IMPROVEMENT,83
MDG,2021,PRES,AFE,CRITICAL,DETERIORATION_ALERT,Certification énergie-eau,PRIORITY_HIGH,STRONG_DETERIORATION,98
MDG,2021,PTRA,AFE,CRITICAL,DETERIORATION_ALERT,Transport et logistique,PRIORITY_CRITICAL,STRONG_DETERIORATION,229
MDG,2022,PECO,AFE,STABLE,STABILITY_SIGNAL,Diversification économique,PRIORITY_STANDARD,STABLE,151
MDG,2022,PENV,AFE,CRITICAL,DETERIORATION_ALERT,Résilience environnementale,PRIORITY_CRITICAL,STRONG_DETERIORATION,131
MDG,2022,PGEO,AFE,STABLE,STABILITY_SIGNAL,Gouvernance géopolitique et stabilité,PRIORITY_STANDARD,STABLE,129
MDG,2022,PHUM,AFE,DECLINING,DETERIORATION_ALERT,Capital humain,PRIORITY_HIGH,DETERIORATION,121
MDG,2022,PMIL,AFE,ACCELERATING,PROGRESSION_SIGNAL,Résilience sécuritaire,PRIORITY_STANDARD,STRONG_IMPROVEMENT,116
MDG,2022,PMIN,AFE,ACCELERATING,ACCELERATION_SIGNAL,Chaîne de valeur minière,PRIORITY_STANDARD,STRONG_IMPROVEMENT,500
MDG,2022,PMON,AFE,PROGRESSING,PROGRESSION_SIGNAL,Résilience monétaire et financière,PRIORITY_STANDARD,IMPROVEMENT,97
MDG,2022,PNUM,AFE,PROGRESSING,PROGRESSION_SIGNAL,Souveraineté numérique,PRIORITY_STANDARD,IMPROVEMENT,80
MDG,2022,PRES,AFE,CRITICAL,DETERIORATION_ALERT,Certification énergie-eau,PRIORITY_HIGH,STRONG_DETERIORATION,191
MDG,2022,PTRA,AFE,CRITICAL,DETERIORATION_ALERT,Transport et logistique,PRIORITY_CRITICAL,STRONG_DETERIORATION,260
MDG,2023,PECO,AFE,STABLE,STABILITY_SIGNAL,Diversification économique,PRIORITY_STANDARD,STABLE,155
MDG,2023,PENV,AFE,CRITICAL,DETERIORATION_ALERT,Résilience environnementale,PRIORITY_CRITICAL,STRONG_DETERIORATION,158
MDG,2023,PGEO,AFE,STABLE,STABILITY_SIGNAL,Gouvernance géopolitique et stabilité,PRIORITY_STANDARD,STABLE,129
MDG,2023,PHUM,AFE,DECLINING,DECLINE_SIGNAL,Capital humain,PRIORITY_HIGH,DETERIORATION,122
MDG,2023,PMIL,AFE,ACCELERATING,PROGRESSION_SIGNAL,Résilience sécuritaire,PRIORITY_STANDARD,STRONG_IMPROVEMENT,117
MDG,2023,PMIN,AFE,ACCELERATING,ACCELERATION_SIGNAL,Chaîne de valeur minière,PRIORITY_STANDARD,STRONG_IMPROVEMENT,498
MDG,2023,PMON,AFE,PROGRESSING,PROGRESSION_SIGNAL,Résilience monétaire et financière,PRIORITY_STANDARD,IMPROVEMENT,97
MDG,2023,PNUM,AFE,PROGRESSING,PROGRESSION_SIGNAL,Souveraineté numérique,PRIORITY_STANDARD,IMPROVEMENT,84
MDG,2023,PRES,AFE,CRITICAL,DETERIORATION_ALERT,Certification énergie-eau,PRIORITY_HIGH,STRONG_DETERIORATION,284
MDG,2023,PTRA,AFE,CRITICAL,DETERIORATION_ALERT,Transport et logistique,PRIORITY_CRITICAL,STRONG_DETERIORATION,260
MDG,2024,PECO,AFE,STABLE,STABILITY_SIGNAL,Diversification économique,PRIORITY_STANDARD,STABLE,155
MDG,2024,PENV,AFE,CRITICAL,DETERIORATION_ALERT,Résilience environnementale,PRIORITY_CRITICAL,STRONG_DETERIORATION,166
MDG,2024,PGEO,AFE,STABLE,STABILITY_SIGNAL,Gouvernance géopolitique et stabilité,PRIORITY_STANDARD,STABLE,129
MDG,2024,PHUM,AFE,DECLINING,DECLINE_SIGNAL,Capital humain,PRIORITY_HIGH,DETERIORATION,141
MDG,2024,PMIL,AFE,ACCELERATING,PROGRESSION_SIGNAL,Résilience sécuritaire,PRIORITY_STANDARD,STRONG_IMPROVEMENT,117
MDG,2024,PMIN,AFE,ACCELERATING,ACCELERATION_SIGNAL,Chaîne de valeur minière,PRIORITY_STANDARD,STRONG_IMPROVEMENT,500
MDG,2024,PMON,AFE,PROGRESSING,PROGRESSION_SIGNAL,Résilience monétaire et financière,PRIORITY_STANDARD,IMPROVEMENT,128
MDG,2024,PNUM,AFE,PROGRESSING,PROGRESSION_SIGNAL,Souveraineté numérique,PRIORITY_STANDARD,IMPROVEMENT,174
MDG,2024,PRES,AFE,CRITICAL,DETERIORATION_ALERT,Certification énergie-eau,PRIORITY_HIGH,STRONG_DETERIORATION,315
MDG,2024,PTRA,AFE,CRITICAL,DETERIORATION_ALERT,Transport et logistique,PRIORITY_CRITICAL,STRONG_DETERIORATION,377
MLI,2020,PECO,AFW,CRITICAL,DECLINE_SIGNAL,Diversification économique,PRIORITY_HIGH,STRONG_DETERIORATION,152
MLI,2020,PENV,AFW,DECLINING,DETERIORATION_ALERT,Résilience environnementale,PRIORITY_HIGH,DETERIORATION,107
MLI,2020,PGEO,AFW,DECLINING,DECLINE_SIGNAL,Gouvernance géopolitique et stabilité,PRIORITY_HIGH,DETERIORATION,119
MLI,2020,PHUM,AFW,PROGRESSING,PROGRESSION_SIGNAL,Capital humain,PRIORITY_STANDARD,IMPROVEMENT,119
MLI,2020,PMIL,AFW,ACCELERATING,PROGRESSION_SIGNAL,Résilience sécuritaire,PRIORITY_STANDARD,STRONG_IMPROVEMENT,85
MLI,2020,PMIN,AFW,STABLE,STABILITY_SIGNAL,Chaîne de valeur minière,PRIORITY_STANDARD,STABLE,365
MLI,2020,PMON,AFW,DECLINING,DETERIORATION_ALERT,Résilience monétaire et financière,PRIORITY_HIGH,DETERIORATION,160
MLI,2020,PNUM,AFW,STABLE,STABILITY_SIGNAL,Souveraineté numérique,PRIORITY_STANDARD,STABLE,111
MLI,2020,PRES,AFW,PROGRESSING,PROGRESSION_SIGNAL,Certification énergie-eau,PRIORITY_STANDARD,IMPROVEMENT,97
MLI,2020,PTRA,AFW,CRITICAL,DETERIORATION_ALERT,Transport et logistique,PRIORITY_CRITICAL,STRONG_DETERIORATION,225
MLI,2021,PECO,AFW,CRITICAL,DECLINE_SIGNAL,Diversification économique,PRIORITY_HIGH,STRONG_DETERIORATION,255
MLI,2021,PENV,AFW,DECLINING,DETERIORATION_ALERT,Résilience environnementale,PRIORITY_HIGH,DETERIORATION,109
MLI,2021,PGEO,AFW,DECLINING,DETERIORATION_ALERT,Gouvernance géopolitique et stabilité,PRIORITY_HIGH,DETERIORATION,149
MLI,2021,PHUM,AFW,PROGRESSING,PROGRESSION_SIGNAL,Capital humain,PRIORITY_STANDARD,IMPROVEMENT,96
MLI,2021,PMIL,AFW,ACCELERATING,PROGRESSION_SIGNAL,Résilience sécuritaire,PRIORITY_STANDARD,STRONG_IMPROVEMENT,116
MLI,2021,PMIN,AFW,STABLE,STABILITY_SIGNAL,Chaîne de valeur minière,PRIORITY_STANDARD,STABLE,287
MLI,2021,PMON,AFW,DECLINING,DETERIORATION_ALERT,Résilience monétaire et financière,PRIORITY_HIGH,DETERIORATION,160
MLI,2021,PNUM,AFW,STABLE,STABILITY_SIGNAL,Souveraineté numérique,PRIORITY_STANDARD,STABLE,114
MLI,2021,PRES,AFW,PROGRESSING,PROGRESSION_SIGNAL,Certification énergie-eau,PRIORITY_STANDARD,IMPROVEMENT,97
MLI,2021,PTRA,AFW,CRITICAL,DETERIORATION_ALERT,Transport et logistique,PRIORITY_CRITICAL,STRONG_DETERIORATION,225
MLI,2022,PECO,AFW,CRITICAL,DETERIORATION_ALERT,Diversification économique,PRIORITY_HIGH,STRONG_DETERIORATION,251
MLI,2022,PENV,AFW,DECLINING,DETERIORATION_ALERT,Résilience environnementale,PRIORITY_HIGH,DETERIORATION,132
MLI,2022,PGEO,AFW,DECLINING,DETERIORATION_ALERT,Gouvernance géopolitique et stabilité,PRIORITY_HIGH,DETERIORATION,149
MLI,2022,PHUM,AFW,PROGRESSING,PROGRESSION_SIGNAL,Capital humain,PRIORITY_STANDARD,IMPROVEMENT,119
MLI,2022,PMIL,AFW,ACCELERATING,PROGRESSION_SIGNAL,Résilience sécuritaire,PRIORITY_STANDARD,STRONG_IMPROVEMENT,116
MLI,2022,PMIN,AFW,STABLE,STABILITY_SIGNAL,Chaîne de valeur minière,PRIORITY_STANDARD,STABLE,373
MLI,2022,PMON,AFW,DECLINING,DETERIORATION_ALERT,Résilience monétaire et financière,PRIORITY_HIGH,DETERIORATION,160
MLI,2022,PNUM,AFW,STABLE,STABILITY_SIGNAL,Souveraineté numérique,PRIORITY_STANDARD,STABLE,111
MLI,2022,PRES,AFW,PROGRESSING,PROGRESSION_SIGNAL,Certification énergie-eau,PRIORITY_STANDARD,IMPROVEMENT,159
MLI,2022,PTRA,AFW,CRITICAL,DETERIORATION_ALERT,Transport et logistique,PRIORITY_CRITICAL,STRONG_DETERIORATION,225
MLI,2023,PECO,AFW,CRITICAL,DECLINE_SIGNAL,Diversification économique,PRIORITY_HIGH,STRONG_DETERIORATION,251
MLI,2023,PENV,AFW,DECLINING,DETERIORATION_ALERT,Résilience environnementale,PRIORITY_HIGH,DETERIORATION,159
MLI,2023,PGEO,AFW,DECLINING,DECLINE_SIGNAL,Gouvernance géopolitique et stabilité,PRIORITY_HIGH,DETERIORATION,150
MLI,2023,PHUM,AFW,PROGRESSING,PROGRESSION_SIGNAL,Capital humain,PRIORITY_STANDARD,IMPROVEMENT,119
MLI,2023,PMIL,AFW,ACCELERATING,PROGRESSION_SIGNAL,Résilience sécuritaire,PRIORITY_STANDARD,STRONG_IMPROVEMENT,117
MLI,2023,PMIN,AFW,STABLE,STABILITY_SIGNAL,Chaîne de valeur minière,PRIORITY_STANDARD,STABLE,371
MLI,2023,PMON,AFW,DECLINING,DETERIORATION_ALERT,Résilience monétaire et financière,PRIORITY_HIGH,DETERIORATION,160
MLI,2023,PNUM,AFW,STABLE,STABILITY_SIGNAL,Souveraineté numérique,PRIORITY_HIGH,STABLE,177
MLI,2023,PRES,AFW,PROGRESSING,PROGRESSION_SIGNAL,Certification énergie-eau,PRIORITY_STANDARD,IMPROVEMENT,252
MLI,2023,PTRA,AFW,CRITICAL,DETERIORATION_ALERT,Transport et logistique,PRIORITY_CRITICAL,STRONG_DETERIORATION,225
MLI,2024,PECO,AFW,CRITICAL,DECLINE_SIGNAL,Diversification économique,PRIORITY_HIGH,STRONG_DETERIORATION,251
MLI,2024,PENV,AFW,DECLINING,DETERIORATION_ALERT,Résilience environnementale,PRIORITY_HIGH,DETERIORATION,190
MLI,2024,PGEO,AFW,DECLINING,DETERIORATION_ALERT,Gouvernance géopolitique et stabilité,PRIORITY_HIGH,DETERIORATION,149
MLI,2024,PHUM,AFW,PROGRESSING,PROGRESSION_SIGNAL,Capital humain,PRIORITY_STANDARD,IMPROVEMENT,123
MLI,2024,PMIL,AFW,ACCELERATING,ACCELERATION_SIGNAL,Résilience sécuritaire,PRIORITY_STANDARD,STRONG_IMPROVEMENT,117
MLI,2024,PMIN,AFW,STABLE,STABILITY_SIGNAL,Chaîne de valeur minière,PRIORITY_STANDARD,STABLE,492
MLI,2024,PMON,AFW,DECLINING,DETERIORATION_ALERT,Résilience monétaire et financière,PRIORITY_HIGH,DETERIORATION,160
MLI,2024,PNUM,AFW,STABLE,STABILITY_SIGNAL,Souveraineté numérique,PRIORITY_HIGH,STABLE,174
MLI,2024,PRES,AFW,PROGRESSING,PROGRESSION_SIGNAL,Certification énergie-eau,PRIORITY_STANDARD,IMPROVEMENT,252
MLI,2024,PTRA,AFW,CRITICAL,DETERIORATION_ALERT,Transport et logistique,PRIORITY_CRITICAL,STRONG_DETERIORATION,225
MOZ,2020,PECO,AFE,STABLE,STABILITY_SIGNAL,Diversification économique,PRIORITY_STANDARD,STABLE,156
MOZ,2020,PENV,AFE,CRITICAL,DECLINE_SIGNAL,Résilience environnementale,PRIORITY_HIGH,STRONG_DETERIORATION,107
MOZ,2020,PGEO,AFE,STABLE,STABILITY_SIGNAL,Gouvernance géopolitique et stabilité,PRIORITY_STANDARD,STABLE,121
MOZ,2020,PHUM,AFE,PROGRESSING,PROGRESSION_SIGNAL,Capital humain,PRIORITY_STANDARD,IMPROVEMENT,123
MOZ,2020,PMIL,AFE,STABLE,STABILITY_SIGNAL,Résilience sécuritaire,PRIORITY_STANDARD,STABLE,117
MOZ,2020,PMIN,AFE,DECLINING,DECLINE_SIGNAL,Chaîne de valeur minière,PRIORITY_HIGH,DETERIORATION,451
MOZ,2020,PMON,AFE,PROGRESSING,PROGRESSION_SIGNAL,Résilience monétaire et financière,PRIORITY_STANDARD,IMPROVEMENT,97
MOZ,2020,PNUM,AFE,STABLE,STABILITY_SIGNAL,Souveraineté numérique,PRIORITY_STANDARD,STABLE,111
MOZ,2020,PRES,AFE,DECLINING,DETERIORATION_ALERT,Certification énergie-eau,PRIORITY_HIGH,DETERIORATION,98
MOZ,2020,PTRA,AFE,DECLINING,DETERIORATION_ALERT,Transport et logistique,PRIORITY_HIGH,DETERIORATION,110
MOZ,2021,PECO,AFE,STABLE,STABILITY_SIGNAL,Diversification économique,PRIORITY_STANDARD,STABLE,156
MOZ,2021,PENV,AFE,CRITICAL,DECLINE_SIGNAL,Résilience environnementale,PRIORITY_HIGH,STRONG_DETERIORATION,109
MOZ,2021,PGEO,AFE,STABLE,STABILITY_SIGNAL,Gouvernance géopolitique et stabilité,PRIORITY_STANDARD,STABLE,121
MOZ,2021,PHUM,AFE,PROGRESSING,PROGRESSION_SIGNAL,Capital humain,PRIORITY_STANDARD,IMPROVEMENT,123
MOZ,2021,PMIL,AFE,STABLE,STABILITY_SIGNAL,Résilience sécuritaire,PRIORITY_STANDARD,STABLE,148
MOZ,2021,PMIN,AFE,DECLINING,DECLINE_SIGNAL,Chaîne de valeur minière,PRIORITY_HIGH,DETERIORATION,255
MOZ,2021,PMON,AFE,PROGRESSING,PROGRESSION_SIGNAL,Résilience monétaire et financière,PRIORITY_STANDARD,IMPROVEMENT,97
MOZ,2021,PNUM,AFE,STABLE,STABILITY_SIGNAL,Souveraineté numérique,PRIORITY_STANDARD,STABLE,114
MOZ,2021,PRES,AFE,DECLINING,DETERIORATION_ALERT,Certification énergie-eau,PRIORITY_HIGH,DETERIORATION,98
MOZ,2021,PTRA,AFE,DECLINING,DETERIORATION_ALERT,Transport et logistique,PRIORITY_HIGH,DETERIORATION,110
MOZ,2022,PECO,AFE,STABLE,STABILITY_SIGNAL,Diversification économique,PRIORITY_STANDARD,STABLE,156
MOZ,2022,PENV,AFE,CRITICAL,DETERIORATION_ALERT,Résilience environnementale,PRIORITY_HIGH,STRONG_DETERIORATION,155
MOZ,2022,PGEO,AFE,STABLE,STABILITY_SIGNAL,Gouvernance géopolitique et stabilité,PRIORITY_STANDARD,STABLE,121
MOZ,2022,PHUM,AFE,PROGRESSING,PROGRESSION_SIGNAL,Capital humain,PRIORITY_STANDARD,IMPROVEMENT,100
MOZ,2022,PMIL,AFE,STABLE,STABILITY_SIGNAL,Résilience sécuritaire,PRIORITY_STANDARD,STABLE,148
MOZ,2022,PMIN,AFE,DECLINING,DECLINE_SIGNAL,Chaîne de valeur minière,PRIORITY_HIGH,DETERIORATION,459
MOZ,2022,PMON,AFE,PROGRESSING,PROGRESSION_SIGNAL,Résilience monétaire et financière,PRIORITY_STANDARD,IMPROVEMENT,97
MOZ,2022,PNUM,AFE,STABLE,STABILITY_SIGNAL,Souveraineté numérique,PRIORITY_STANDARD,STABLE,111
MOZ,2022,PRES,AFE,DECLINING,DETERIORATION_ALERT,Certification énergie-eau,PRIORITY_HIGH,DETERIORATION,253
MOZ,2022,PTRA,AFE,DECLINING,DETERIORATION_ALERT,Transport et logistique,PRIORITY_HIGH,DETERIORATION,141
MOZ,2023,PECO,AFE,STABLE,STABILITY_SIGNAL,Diversification économique,PRIORITY_STANDARD,STABLE,156
MOZ,2023,PENV,AFE,CRITICAL,DETERIORATION_ALERT,Résilience environnementale,PRIORITY_HIGH,STRONG_DETERIORATION,159
MOZ,2023,PGEO,AFE,STABLE,STABILITY_SIGNAL,Gouvernance géopolitique et stabilité,PRIORITY_STANDARD,STABLE,121
MOZ,2023,PHUM,AFE,PROGRESSING,PROGRESSION_SIGNAL,Capital humain,PRIORITY_STANDARD,IMPROVEMENT,123
MOZ,2023,PMIL,AFE,STABLE,STABILITY_SIGNAL,Résilience sécuritaire,PRIORITY_STANDARD,STABLE,149
MOZ,2023,PMIN,AFE,DECLINING,DECLINE_SIGNAL,Chaîne de valeur minière,PRIORITY_HIGH,DETERIORATION,457
MOZ,2023,PMON,AFE,PROGRESSING,PROGRESSION_SIGNAL,Résilience monétaire et financière,PRIORITY_STANDARD,IMPROVEMENT,128
MOZ,2023,PNUM,AFE,STABLE,STABILITY_SIGNAL,Souveraineté numérique,PRIORITY_STANDARD,STABLE,115
MOZ,2023,PRES,AFE,DECLINING,DETERIORATION_ALERT,Certification énergie-eau,PRIORITY_HIGH,DETERIORATION,315
MOZ,2023,PTRA,AFE,DECLINING,DETERIORATION_ALERT,Transport et logistique,PRIORITY_HIGH,DETERIORATION,180
MOZ,2024,PECO,AFE,STABLE,STABILITY_SIGNAL,Diversification économique,PRIORITY_STANDARD,STABLE,156
MOZ,2024,PENV,AFE,CRITICAL,DECLINE_SIGNAL,Résilience environnementale,PRIORITY_HIGH,STRONG_DETERIORATION,190
MOZ,2024,PGEO,AFE,STABLE,STABILITY_SIGNAL,Gouvernance géopolitique et stabilité,PRIORITY_STANDARD,STABLE,121
MOZ,2024,PHUM,AFE,PROGRESSING,PROGRESSION_SIGNAL,Capital humain,PRIORITY_STANDARD,IMPROVEMENT,140
MOZ,2024,PMIL,AFE,STABLE,STABILITY_SIGNAL,Résilience sécuritaire,PRIORITY_STANDARD,STABLE,149
MOZ,2024,PMIN,AFE,DECLINING,DECLINE_SIGNAL,Chaîne de valeur minière,PRIORITY_HIGH,DETERIORATION,459
MOZ,2024,PMON,AFE,PROGRESSING,PROGRESSION_SIGNAL,Résilience monétaire et financière,PRIORITY_STANDARD,IMPROVEMENT,128
MOZ,2024,PNUM,AFE,STABLE,STABILITY_SIGNAL,Souveraineté numérique,PRIORITY_STANDARD,STABLE,112
MOZ,2024,PRES,AFE,DECLINING,DETERIORATION_ALERT,Certification énergie-eau,PRIORITY_HIGH,DETERIORATION,346
MOZ,2024,PTRA,AFE,DECLINING,DETERIORATION_ALERT,Transport et logistique,PRIORITY_HIGH,DETERIORATION,297
MRT,2020,PECO,AFN,DECLINING,DECLINE_SIGNAL,Diversification économique,PRIORITY_HIGH,DETERIORATION,216
MRT,2020,PENV,AFN,STABLE,STABILITY_SIGNAL,Résilience environnementale,PRIORITY_HIGH,STABLE,105
MRT,2020,PGEO,AFN,STABLE,STABILITY_SIGNAL,Gouvernance géopolitique et stabilité,PRIORITY_STANDARD,STABLE,130
MRT,2020,PHUM,AFN,DECLINING,DECLINE_SIGNAL,Capital humain,PRIORITY_HIGH,DETERIORATION,119
MRT,2020,PMIL,AFN,ACCELERATING,PROGRESSION_SIGNAL,Résilience sécuritaire,PRIORITY_STANDARD,STRONG_IMPROVEMENT,86
MRT,2020,PMIN,AFN,PROGRESSING,PROGRESSION_SIGNAL,Chaîne de valeur minière,PRIORITY_STANDARD,IMPROVEMENT,445
MRT,2020,PMON,AFN,DECLINING,DETERIORATION_ALERT,Résilience monétaire et financière,PRIORITY_HIGH,DETERIORATION,188
MRT,2020,PNUM,AFN,STABLE,STABILITY_SIGNAL,Souveraineté numérique,PRIORITY_STANDARD,STABLE,80
MRT,2020,PRES,AFN,CRITICAL,DETERIORATION_ALERT,Certification énergie-eau,PRIORITY_CRITICAL,STRONG_DETERIORATION,97
MRT,2020,PTRA,AFN,CRITICAL,DETERIORATION_ALERT,Transport et logistique,PRIORITY_CRITICAL,STRONG_DETERIORATION,268
MRT,2021,PECO,AFN,DECLINING,DECLINE_SIGNAL,Diversification économique,PRIORITY_HIGH,DETERIORATION,161
MRT,2021,PENV,AFN,STABLE,STABILITY_SIGNAL,Résilience environnementale,PRIORITY_HIGH,STABLE,107
MRT,2021,PGEO,AFN,STABLE,STABILITY_SIGNAL,Gouvernance géopolitique et stabilité,PRIORITY_STANDARD,STABLE,130
MRT,2021,PHUM,AFN,DECLINING,DECLINE_SIGNAL,Capital humain,PRIORITY_HIGH,DETERIORATION,119
MRT,2021,PMIL,AFN,ACCELERATING,PROGRESSION_SIGNAL,Résilience sécuritaire,PRIORITY_STANDARD,STRONG_IMPROVEMENT,148
MRT,2021,PMIN,AFN,PROGRESSING,PROGRESSION_SIGNAL,Chaîne de valeur minière,PRIORITY_STANDARD,IMPROVEMENT,289
MRT,2021,PMON,AFN,DECLINING,DETERIORATION_ALERT,Résilience monétaire et financière,PRIORITY_HIGH,DETERIORATION,188
MRT,2021,PNUM,AFN,STABLE,STABILITY_SIGNAL,Souveraineté numérique,PRIORITY_STANDARD,STABLE,114
MRT,2021,PRES,AFN,CRITICAL,DETERIORATION_ALERT,Certification énergie-eau,PRIORITY_CRITICAL,STRONG_DETERIORATION,97
MRT,2021,PTRA,AFN,CRITICAL,DETERIORATION_ALERT,Transport et logistique,PRIORITY_CRITICAL,STRONG_DETERIORATION,268
MRT,2022,PECO,AFN,DECLINING,DECLINE_SIGNAL,Diversification économique,PRIORITY_HIGH,DETERIORATION,216
MRT,2022,PENV,AFN,STABLE,STABILITY_SIGNAL,Résilience environnementale,PRIORITY_HIGH,STABLE,130
MRT,2022,PGEO,AFN,STABLE,STABILITY_SIGNAL,Gouvernance géopolitique et stabilité,PRIORITY_STANDARD,STABLE,130
MRT,2022,PHUM,AFN,DECLINING,DECLINE_SIGNAL,Capital humain,PRIORITY_HIGH,DETERIORATION,119
MRT,2022,PMIL,AFN,ACCELERATING,ACCELERATION_SIGNAL,Résilience sécuritaire,PRIORITY_STANDARD,STRONG_IMPROVEMENT,148
MRT,2022,PMIN,AFN,PROGRESSING,PROGRESSION_SIGNAL,Chaîne de valeur minière,PRIORITY_STANDARD,IMPROVEMENT,453
MRT,2022,PMON,AFN,DECLINING,DECLINE_SIGNAL,Résilience monétaire et financière,PRIORITY_STANDARD,DETERIORATION,219
MRT,2022,PNUM,AFN,STABLE,STABILITY_SIGNAL,Souveraineté numérique,PRIORITY_STANDARD,STABLE,111
MRT,2022,PRES,AFN,CRITICAL,DETERIORATION_ALERT,Certification énergie-eau,PRIORITY_CRITICAL,STRONG_DETERIORATION,221
MRT,2022,PTRA,AFN,CRITICAL,DETERIORATION_ALERT,Transport et logistique,PRIORITY_CRITICAL,STRONG_DETERIORATION,299
MRT,2023,PECO,AFN,DECLINING,DECLINE_SIGNAL,Diversification économique,PRIORITY_HIGH,DETERIORATION,216
MRT,2023,PENV,AFN,STABLE,STABILITY_SIGNAL,Résilience environnementale,PRIORITY_HIGH,STABLE,157
MRT,2023,PGEO,AFN,STABLE,STABILITY_SIGNAL,Gouvernance géopolitique et stabilité,PRIORITY_STANDARD,STABLE,128
MRT,2023,PHUM,AFN,DECLINING,DECLINE_SIGNAL,Capital humain,PRIORITY_HIGH,DETERIORATION,120
MRT,2023,PMIL,AFN,ACCELERATING,ACCELERATION_SIGNAL,Résilience sécuritaire,PRIORITY_STANDARD,STRONG_IMPROVEMENT,149
MRT,2023,PMIN,AFN,PROGRESSING,PROGRESSION_SIGNAL,Chaîne de valeur minière,PRIORITY_STANDARD,IMPROVEMENT,451
MRT,2023,PMON,AFN,DECLINING,DECLINE_SIGNAL,Résilience monétaire et financière,PRIORITY_STANDARD,DETERIORATION,219
MRT,2023,PNUM,AFN,STABLE,STABILITY_SIGNAL,Souveraineté numérique,PRIORITY_STANDARD,STABLE,115
MRT,2023,PRES,AFN,CRITICAL,DETERIORATION_ALERT,Certification énergie-eau,PRIORITY_CRITICAL,STRONG_DETERIORATION,314
MRT,2023,PTRA,AFN,CRITICAL,DETERIORATION_ALERT,Transport et logistique,PRIORITY_CRITICAL,STRONG_DETERIORATION,299
MRT,2024,PECO,AFN,DECLINING,DECLINE_SIGNAL,Diversification économique,PRIORITY_HIGH,DETERIORATION,216
MRT,2024,PENV,AFN,STABLE,STABILITY_SIGNAL,Résilience environnementale,PRIORITY_HIGH,STABLE,165
MRT,2024,PGEO,AFN,STABLE,STABILITY_SIGNAL,Gouvernance géopolitique et stabilité,PRIORITY_STANDARD,STABLE,128
MRT,2024,PHUM,AFN,DECLINING,DECLINE_SIGNAL,Capital humain,PRIORITY_HIGH,DETERIORATION,137
MRT,2024,PMIL,AFN,ACCELERATING,PROGRESSION_SIGNAL,Résilience sécuritaire,PRIORITY_STANDARD,STRONG_IMPROVEMENT,149
MRT,2024,PMIN,AFN,PROGRESSING,PROGRESSION_SIGNAL,Chaîne de valeur minière,PRIORITY_STANDARD,IMPROVEMENT,453
MRT,2024,PMON,AFN,DECLINING,DECLINE_SIGNAL,Résilience monétaire et financière,PRIORITY_STANDARD,DETERIORATION,219
MRT,2024,PNUM,AFN,STABLE,STABILITY_SIGNAL,Souveraineté numérique,PRIORITY_STANDARD,STABLE,112
MRT,2024,PRES,AFN,CRITICAL,DETERIORATION_ALERT,Certification énergie-eau,PRIORITY_CRITICAL,STRONG_DETERIORATION,314
MRT,2024,PTRA,AFN,CRITICAL,DETERIORATION_ALERT,Transport et logistique,PRIORITY_CRITICAL,STRONG_DETERIORATION,377
MUS,2020,PECO,AFE,STABLE,STABILITY_SIGNAL,Diversification économique,PRIORITY_STANDARD,STABLE,157
MUS,2020,PENV,AFE,CRITICAL,DETERIORATION_ALERT,Résilience environnementale,PRIORITY_CRITICAL,STRONG_DETERIORATION,130
MUS,2020,PGEO,AFE,STABLE,STABILITY_SIGNAL,Gouvernance géopolitique et stabilité,PRIORITY_STANDARD,STABLE,121
MUS,2020,PHUM,AFE,CRITICAL,DECLINE_SIGNAL,Capital humain,PRIORITY_HIGH,STRONG_DETERIORATION,121
MUS,2020,PMIL,AFE,DECLINING,DETERIORATION_ALERT,Résilience sécuritaire,PRIORITY_HIGH,DETERIORATION,86
MUS,2020,PMIN,AFE,STABLE,STABILITY_SIGNAL,Chaîne de valeur minière,PRIORITY_STANDARD,STABLE,242
MUS,2020,PMON,AFE,PROGRESSING,PROGRESSION_SIGNAL,Résilience monétaire et financière,PRIORITY_STANDARD,IMPROVEMENT,99
MUS,2020,PNUM,AFE,PROGRESSING,PROGRESSION_SIGNAL,Souveraineté numérique,PRIORITY_STANDARD,IMPROVEMENT,80
MUS,2020,PRES,AFE,CRITICAL,DETERIORATION_ALERT,Certification énergie-eau,PRIORITY_CRITICAL,STRONG_DETERIORATION,99
MUS,2020,PTRA,AFE,CRITICAL,DETERIORATION_ALERT,Transport et logistique,PRIORITY_CRITICAL,STRONG_DETERIORATION,109
MUS,2021,PECO,AFE,STABLE,STABILITY_SIGNAL,Diversification économique,PRIORITY_STANDARD,STABLE,154
MUS,2021,PENV,AFE,CRITICAL,DETERIORATION_ALERT,Résilience environnementale,PRIORITY_CRITICAL,STRONG_DETERIORATION,132
MUS,2021,PGEO,AFE,STABLE,STABILITY_SIGNAL,Gouvernance géopolitique et stabilité,PRIORITY_STANDARD,STABLE,121
MUS,2021,PHUM,AFE,CRITICAL,DECLINE_SIGNAL,Capital humain,PRIORITY_HIGH,STRONG_DETERIORATION,121
MUS,2021,PMIL,AFE,DECLINING,DETERIORATION_ALERT,Résilience sécuritaire,PRIORITY_HIGH,DETERIORATION,117
MUS,2021,PMIN,AFE,STABLE,STABILITY_SIGNAL,Chaîne de valeur minière,PRIORITY_STANDARD,STABLE,242
MUS,2021,PMON,AFE,PROGRESSING,PROGRESSION_SIGNAL,Résilience monétaire et financière,PRIORITY_STANDARD,IMPROVEMENT,99
MUS,2021,PNUM,AFE,PROGRESSING,PROGRESSION_SIGNAL,Souveraineté numérique,PRIORITY_STANDARD,IMPROVEMENT,83
MUS,2021,PRES,AFE,CRITICAL,DETERIORATION_ALERT,Certification énergie-eau,PRIORITY_CRITICAL,STRONG_DETERIORATION,99
MUS,2021,PTRA,AFE,CRITICAL,DETERIORATION_ALERT,Transport et logistique,PRIORITY_CRITICAL,STRONG_DETERIORATION,109
MUS,2022,PECO,AFE,STABLE,STABILITY_SIGNAL,Diversification économique,PRIORITY_STANDARD,STABLE,154
MUS,2022,PENV,AFE,CRITICAL,DETERIORATION_ALERT,Résilience environnementale,PRIORITY_CRITICAL,STRONG_DETERIORATION,178
MUS,2022,PGEO,AFE,STABLE,STABILITY_SIGNAL,Gouvernance géopolitique et stabilité,PRIORITY_STANDARD,STABLE,121
MUS,2022,PHUM,AFE,CRITICAL,DECLINE_SIGNAL,Capital humain,PRIORITY_HIGH,STRONG_DETERIORATION,121
MUS,2022,PMIL,AFE,DECLINING,DETERIORATION_ALERT,Résilience sécuritaire,PRIORITY_HIGH,DETERIORATION,117
MUS,2022,PMIN,AFE,STABLE,STABILITY_SIGNAL,Chaîne de valeur minière,PRIORITY_STANDARD,STABLE,289
MUS,2022,PMON,AFE,PROGRESSING,PROGRESSION_SIGNAL,Résilience monétaire et financière,PRIORITY_STANDARD,IMPROVEMENT,99
MUS,2022,PNUM,AFE,PROGRESSING,PROGRESSION_SIGNAL,Souveraineté numérique,PRIORITY_STANDARD,IMPROVEMENT,80
MUS,2022,PRES,AFE,CRITICAL,DETERIORATION_ALERT,Certification énergie-eau,PRIORITY_CRITICAL,STRONG_DETERIORATION,192
MUS,2022,PTRA,AFE,CRITICAL,DETERIORATION_ALERT,Transport et logistique,PRIORITY_CRITICAL,STRONG_DETERIORATION,140
MUS,2023,PECO,AFE,STABLE,STABILITY_SIGNAL,Diversification économique,PRIORITY_STANDARD,STABLE,154
MUS,2023,PENV,AFE,CRITICAL,DETERIORATION_ALERT,Résilience environnementale,PRIORITY_CRITICAL,STRONG_DETERIORATION,182
MUS,2023,PGEO,AFE,STABLE,STABILITY_SIGNAL,Gouvernance géopolitique et stabilité,PRIORITY_STANDARD,STABLE,121
MUS,2023,PHUM,AFE,CRITICAL,DECLINE_SIGNAL,Capital humain,PRIORITY_HIGH,STRONG_DETERIORATION,121
MUS,2023,PMIL,AFE,DECLINING,DETERIORATION_ALERT,Résilience sécuritaire,PRIORITY_HIGH,DETERIORATION,149
MUS,2023,PMIN,AFE,STABLE,STABILITY_SIGNAL,Chaîne de valeur minière,PRIORITY_STANDARD,STABLE,289
MUS,2023,PMON,AFE,PROGRESSING,PROGRESSION_SIGNAL,Résilience monétaire et financière,PRIORITY_STANDARD,IMPROVEMENT,99
MUS,2023,PNUM,AFE,PROGRESSING,PROGRESSION_SIGNAL,Souveraineté numérique,PRIORITY_STANDARD,IMPROVEMENT,84
MUS,2023,PRES,AFE,CRITICAL,DETERIORATION_ALERT,Certification énergie-eau,PRIORITY_CRITICAL,STRONG_DETERIORATION,254
MUS,2023,PTRA,AFE,CRITICAL,DETERIORATION_ALERT,Transport et logistique,PRIORITY_CRITICAL,STRONG_DETERIORATION,179
MUS,2024,PECO,AFE,STABLE,STABILITY_SIGNAL,Diversification économique,PRIORITY_STANDARD,STABLE,154
MUS,2024,PENV,AFE,CRITICAL,DETERIORATION_ALERT,Résilience environnementale,PRIORITY_CRITICAL,STRONG_DETERIORATION,213
MUS,2024,PGEO,AFE,STABLE,STABILITY_SIGNAL,Gouvernance géopolitique et stabilité,PRIORITY_STANDARD,STABLE,121
MUS,2024,PHUM,AFE,CRITICAL,DECLINE_SIGNAL,Capital humain,PRIORITY_HIGH,STRONG_DETERIORATION,125
MUS,2024,PMIL,AFE,DECLINING,DETERIORATION_ALERT,Résilience sécuritaire,PRIORITY_HIGH,DETERIORATION,149
MUS,2024,PMIN,AFE,STABLE,STABILITY_SIGNAL,Chaîne de valeur minière,PRIORITY_STANDARD,STABLE,289
MUS,2024,PMON,AFE,PROGRESSING,PROGRESSION_SIGNAL,Résilience monétaire et financière,PRIORITY_STANDARD,IMPROVEMENT,130
MUS,2024,PNUM,AFE,PROGRESSING,PROGRESSION_SIGNAL,Souveraineté numérique,PRIORITY_STANDARD,IMPROVEMENT,81
MUS,2024,PRES,AFE,CRITICAL,DETERIORATION_ALERT,Certification énergie-eau,PRIORITY_CRITICAL,STRONG_DETERIORATION,316
MUS,2024,PTRA,AFE,CRITICAL,DETERIORATION_ALERT,Transport et logistique,PRIORITY_CRITICAL,STRONG_DETERIORATION,296
MWI,2020,PECO,AFE,CRITICAL,DECLINE_SIGNAL,Diversification économique,PRIORITY_CRITICAL,STRONG_DETERIORATION,210
MWI,2020,PENV,AFE,CRITICAL,DECLINE_SIGNAL,Résilience environnementale,PRIORITY_HIGH,STRONG_DETERIORATION,106
MWI,2020,PGEO,AFE,DECLINING,DECLINE_SIGNAL,Gouvernance géopolitique et stabilité,PRIORITY_HIGH,DETERIORATION,123
MWI,2020,PHUM,AFE,DECLINING,DECLINE_SIGNAL,Capital humain,PRIORITY_HIGH,DETERIORATION,119
MWI,2020,PMIL,AFE,STABLE,STABILITY_SIGNAL,Résilience sécuritaire,PRIORITY_STANDARD,STABLE,117
MWI,2020,PMIN,AFE,STABLE,STABILITY_SIGNAL,Chaîne de valeur minière,PRIORITY_STANDARD,STABLE,402
MWI,2020,PMON,AFE,DECLINING,DETERIORATION_ALERT,Résilience monétaire et financière,PRIORITY_HIGH,DETERIORATION,99
MWI,2020,PNUM,AFE,PROGRESSING,PROGRESSION_SIGNAL,Souveraineté numérique,PRIORITY_STANDARD,IMPROVEMENT,80
MWI,2020,PRES,AFE,DECLINING,DETERIORATION_ALERT,Certification énergie-eau,PRIORITY_HIGH,DETERIORATION,97
MWI,2020,PTRA,AFE,CRITICAL,DETERIORATION_ALERT,Transport et logistique,PRIORITY_CRITICAL,STRONG_DETERIORATION,108
MWI,2021,PECO,AFE,CRITICAL,DECLINE_SIGNAL,Diversification économique,PRIORITY_CRITICAL,STRONG_DETERIORATION,210
MWI,2021,PENV,AFE,CRITICAL,DECLINE_SIGNAL,Résilience environnementale,PRIORITY_CRITICAL,STRONG_DETERIORATION,108
MWI,2021,PGEO,AFE,DECLINING,DECLINE_SIGNAL,Gouvernance géopolitique et stabilité,PRIORITY_HIGH,DETERIORATION,123
MWI,2021,PHUM,AFE,DECLINING,DECLINE_SIGNAL,Capital humain,PRIORITY_HIGH,DETERIORATION,119
MWI,2021,PMIL,AFE,STABLE,STABILITY_SIGNAL,Résilience sécuritaire,PRIORITY_STANDARD,STABLE,148
MWI,2021,PMIN,AFE,STABLE,STABILITY_SIGNAL,Chaîne de valeur minière,PRIORITY_STANDARD,STABLE,286
MWI,2021,PMON,AFE,DECLINING,DETERIORATION_ALERT,Résilience monétaire et financière,PRIORITY_HIGH,DETERIORATION,99
MWI,2021,PNUM,AFE,PROGRESSING,PROGRESSION_SIGNAL,Souveraineté numérique,PRIORITY_STANDARD,IMPROVEMENT,83
MWI,2021,PRES,AFE,DECLINING,DETERIORATION_ALERT,Certification énergie-eau,PRIORITY_HIGH,DETERIORATION,97
MWI,2021,PTRA,AFE,CRITICAL,DETERIORATION_ALERT,Transport et logistique,PRIORITY_CRITICAL,STRONG_DETERIORATION,108
MWI,2022,PECO,AFE,CRITICAL,DECLINE_SIGNAL,Diversification économique,PRIORITY_CRITICAL,STRONG_DETERIORATION,210
MWI,2022,PENV,AFE,CRITICAL,DETERIORATION_ALERT,Résilience environnementale,PRIORITY_CRITICAL,STRONG_DETERIORATION,131
MWI,2022,PGEO,AFE,DECLINING,DECLINE_SIGNAL,Gouvernance géopolitique et stabilité,PRIORITY_HIGH,DETERIORATION,123
MWI,2022,PHUM,AFE,DECLINING,DECLINE_SIGNAL,Capital humain,PRIORITY_HIGH,DETERIORATION,119
MWI,2022,PMIL,AFE,STABLE,STABILITY_SIGNAL,Résilience sécuritaire,PRIORITY_STANDARD,STABLE,148
MWI,2022,PMIN,AFE,STABLE,STABILITY_SIGNAL,Chaîne de valeur minière,PRIORITY_STANDARD,STABLE,450
MWI,2022,PMON,AFE,DECLINING,DECLINE_SIGNAL,Résilience monétaire et financière,PRIORITY_HIGH,DETERIORATION,99
MWI,2022,PNUM,AFE,PROGRESSING,PROGRESSION_SIGNAL,Souveraineté numérique,PRIORITY_STANDARD,IMPROVEMENT,80
MWI,2022,PRES,AFE,DECLINING,DETERIORATION_ALERT,Certification énergie-eau,PRIORITY_HIGH,DETERIORATION,159
MWI,2022,PTRA,AFE,CRITICAL,DETERIORATION_ALERT,Transport et logistique,PRIORITY_CRITICAL,STRONG_DETERIORATION,147
MWI,2023,PECO,AFE,CRITICAL,DETERIORATION_ALERT,Diversification économique,PRIORITY_CRITICAL,STRONG_DETERIORATION,254
MWI,2023,PENV,AFE,CRITICAL,DETERIORATION_ALERT,Résilience environnementale,PRIORITY_CRITICAL,STRONG_DETERIORATION,158
MWI,2023,PGEO,AFE,DECLINING,DECLINE_SIGNAL,Gouvernance géopolitique et stabilité,PRIORITY_HIGH,DETERIORATION,153
MWI,2023,PHUM,AFE,DECLINING,DECLINE_SIGNAL,Capital humain,PRIORITY_HIGH,DETERIORATION,120
MWI,2023,PMIL,AFE,STABLE,STABILITY_SIGNAL,Résilience sécuritaire,PRIORITY_STANDARD,STABLE,149
MWI,2023,PMIN,AFE,STABLE,STABILITY_SIGNAL,Chaîne de valeur minière,PRIORITY_STANDARD,STABLE,450
MWI,2023,PMON,AFE,DECLINING,DETERIORATION_ALERT,Résilience monétaire et financière,PRIORITY_HIGH,DETERIORATION,99
MWI,2023,PNUM,AFE,PROGRESSING,PROGRESSION_SIGNAL,Souveraineté numérique,PRIORITY_STANDARD,IMPROVEMENT,115
MWI,2023,PRES,AFE,DECLINING,DETERIORATION_ALERT,Certification énergie-eau,PRIORITY_HIGH,DETERIORATION,252
MWI,2023,PTRA,AFE,CRITICAL,DETERIORATION_ALERT,Transport et logistique,PRIORITY_CRITICAL,STRONG_DETERIORATION,147
MWI,2024,PECO,AFE,CRITICAL,DETERIORATION_ALERT,Diversification économique,PRIORITY_CRITICAL,STRONG_DETERIORATION,250
MWI,2024,PENV,AFE,CRITICAL,DETERIORATION_ALERT,Résilience environnementale,PRIORITY_CRITICAL,STRONG_DETERIORATION,166
MWI,2024,PGEO,AFE,DECLINING,DECLINE_SIGNAL,Gouvernance géopolitique et stabilité,PRIORITY_HIGH,DETERIORATION,153
MWI,2024,PHUM,AFE,DECLINING,DECLINE_SIGNAL,Capital humain,PRIORITY_HIGH,DETERIORATION,139
MWI,2024,PMIL,AFE,STABLE,STABILITY_SIGNAL,Résilience sécuritaire,PRIORITY_STANDARD,STABLE,149
MWI,2024,PMIN,AFE,STABLE,STABILITY_SIGNAL,Chaîne de valeur minière,PRIORITY_STANDARD,STABLE,450
MWI,2024,PMON,AFE,DECLINING,DETERIORATION_ALERT,Résilience monétaire et financière,PRIORITY_HIGH,DETERIORATION,130
MWI,2024,PNUM,AFE,PROGRESSING,PROGRESSION_SIGNAL,Souveraineté numérique,PRIORITY_STANDARD,IMPROVEMENT,112
MWI,2024,PRES,AFE,DECLINING,DETERIORATION_ALERT,Certification énergie-eau,PRIORITY_HIGH,DETERIORATION,252
MWI,2024,PTRA,AFE,CRITICAL,DETERIORATION_ALERT,Transport et logistique,PRIORITY_CRITICAL,STRONG_DETERIORATION,225
NAM,2020,PECO,AFS,STABLE,STABILITY_SIGNAL,Diversification économique,PRIORITY_STANDARD,STABLE,156
NAM,2020,PENV,AFS,CRITICAL,DECLINE_SIGNAL,Résilience environnementale,PRIORITY_CRITICAL,STRONG_DETERIORATION,107
NAM,2020,PGEO,AFS,STABLE,STABILITY_SIGNAL,Gouvernance géopolitique et stabilité,PRIORITY_STANDARD,STABLE,124
NAM,2020,PHUM,AFS,STABLE,STABILITY_SIGNAL,Capital humain,PRIORITY_STANDARD,STABLE,121
NAM,2020,PMIL,AFS,PROGRESSING,PROGRESSION_SIGNAL,Résilience sécuritaire,PRIORITY_STANDARD,IMPROVEMENT,86
NAM,2020,PMIN,AFS,DECLINING,DECLINE_SIGNAL,Chaîne de valeur minière,PRIORITY_STANDARD,DETERIORATION,529
NAM,2020,PMON,AFS,CRITICAL,DECLINE_SIGNAL,Résilience monétaire et financière,PRIORITY_HIGH,STRONG_DETERIORATION,99
NAM,2020,PNUM,AFS,PROGRESSING,PROGRESSION_SIGNAL,Souveraineté numérique,PRIORITY_STANDARD,IMPROVEMENT,80
NAM,2020,PRES,AFS,CRITICAL,DETERIORATION_ALERT,Certification énergie-eau,PRIORITY_CRITICAL,STRONG_DETERIORATION,98
NAM,2020,PTRA,AFS,CRITICAL,DETERIORATION_ALERT,Transport et logistique,PRIORITY_CRITICAL,STRONG_DETERIORATION,189
NAM,2021,PECO,AFS,STABLE,STABILITY_SIGNAL,Diversification économique,PRIORITY_STANDARD,STABLE,156
NAM,2021,PENV,AFS,CRITICAL,DECLINE_SIGNAL,Résilience environnementale,PRIORITY_CRITICAL,STRONG_DETERIORATION,109
NAM,2021,PGEO,AFS,STABLE,STABILITY_SIGNAL,Gouvernance géopolitique et stabilité,PRIORITY_STANDARD,STABLE,123
NAM,2021,PHUM,AFS,STABLE,STABILITY_SIGNAL,Capital humain,PRIORITY_STANDARD,STABLE,121
NAM,2021,PMIL,AFS,PROGRESSING,PROGRESSION_SIGNAL,Résilience sécuritaire,PRIORITY_STANDARD,IMPROVEMENT,117
NAM,2021,PMIN,AFS,DECLINING,DECLINE_SIGNAL,Chaîne de valeur minière,PRIORITY_STANDARD,DETERIORATION,255
NAM,2021,PMON,AFS,CRITICAL,DECLINE_SIGNAL,Résilience monétaire et financière,PRIORITY_HIGH,STRONG_DETERIORATION,99
NAM,2021,PNUM,AFS,PROGRESSING,PROGRESSION_SIGNAL,Souveraineté numérique,PRIORITY_STANDARD,IMPROVEMENT,83
NAM,2021,PRES,AFS,CRITICAL,DETERIORATION_ALERT,Certification énergie-eau,PRIORITY_CRITICAL,STRONG_DETERIORATION,98
NAM,2021,PTRA,AFS,CRITICAL,DETERIORATION_ALERT,Transport et logistique,PRIORITY_CRITICAL,STRONG_DETERIORATION,189
NAM,2022,PECO,AFS,STABLE,STABILITY_SIGNAL,Diversification économique,PRIORITY_STANDARD,STABLE,156
NAM,2022,PENV,AFS,CRITICAL,DETERIORATION_ALERT,Résilience environnementale,PRIORITY_CRITICAL,STRONG_DETERIORATION,155
NAM,2022,PGEO,AFS,STABLE,STABILITY_SIGNAL,Gouvernance géopolitique et stabilité,PRIORITY_STANDARD,STABLE,123
NAM,2022,PHUM,AFS,STABLE,STABILITY_SIGNAL,Capital humain,PRIORITY_STANDARD,STABLE,121
NAM,2022,PMIL,AFS,PROGRESSING,PROGRESSION_SIGNAL,Résilience sécuritaire,PRIORITY_STANDARD,IMPROVEMENT,148
NAM,2022,PMIN,AFS,DECLINING,DECLINE_SIGNAL,Chaîne de valeur minière,PRIORITY_STANDARD,DETERIORATION,537
NAM,2022,PMON,AFS,CRITICAL,DECLINE_SIGNAL,Résilience monétaire et financière,PRIORITY_HIGH,STRONG_DETERIORATION,130
NAM,2022,PNUM,AFS,PROGRESSING,PROGRESSION_SIGNAL,Souveraineté numérique,PRIORITY_STANDARD,IMPROVEMENT,80
NAM,2022,PRES,AFS,CRITICAL,DETERIORATION_ALERT,Certification énergie-eau,PRIORITY_CRITICAL,STRONG_DETERIORATION,191
NAM,2022,PTRA,AFS,CRITICAL,DETERIORATION_ALERT,Transport et logistique,PRIORITY_CRITICAL,STRONG_DETERIORATION,337
NAM,2023,PECO,AFS,STABLE,STABILITY_SIGNAL,Diversification économique,PRIORITY_STANDARD,STABLE,156
NAM,2023,PENV,AFS,CRITICAL,DETERIORATION_ALERT,Résilience environnementale,PRIORITY_CRITICAL,STRONG_DETERIORATION,159
NAM,2023,PGEO,AFS,STABLE,STABILITY_SIGNAL,Gouvernance géopolitique et stabilité,PRIORITY_STANDARD,STABLE,123
NAM,2023,PHUM,AFS,STABLE,STABILITY_SIGNAL,Capital humain,PRIORITY_STANDARD,STABLE,121
NAM,2023,PMIL,AFS,PROGRESSING,PROGRESSION_SIGNAL,Résilience sécuritaire,PRIORITY_STANDARD,IMPROVEMENT,149
NAM,2023,PMIN,AFS,DECLINING,DECLINE_SIGNAL,Chaîne de valeur minière,PRIORITY_STANDARD,DETERIORATION,574
NAM,2023,PMON,AFS,CRITICAL,DECLINE_SIGNAL,Résilience monétaire et financière,PRIORITY_HIGH,STRONG_DETERIORATION,130
NAM,2023,PNUM,AFS,PROGRESSING,PROGRESSION_SIGNAL,Souveraineté numérique,PRIORITY_STANDARD,IMPROVEMENT,115
NAM,2023,PRES,AFS,CRITICAL,DETERIORATION_ALERT,Certification énergie-eau,PRIORITY_CRITICAL,STRONG_DETERIORATION,253
NAM,2023,PTRA,AFS,CRITICAL,DETERIORATION_ALERT,Transport et logistique,PRIORITY_CRITICAL,STRONG_DETERIORATION,298
NAM,2024,PECO,AFS,STABLE,STABILITY_SIGNAL,Diversification économique,PRIORITY_STANDARD,STABLE,255
NAM,2024,PENV,AFS,CRITICAL,DECLINE_SIGNAL,Résilience environnementale,PRIORITY_CRITICAL,STRONG_DETERIORATION,190
NAM,2024,PGEO,AFS,STABLE,STABILITY_SIGNAL,Gouvernance géopolitique et stabilité,PRIORITY_STANDARD,STABLE,153
NAM,2024,PHUM,AFS,STABLE,STABILITY_SIGNAL,Capital humain,PRIORITY_STANDARD,STABLE,125
NAM,2024,PMIL,AFS,PROGRESSING,PROGRESSION_SIGNAL,Résilience sécuritaire,PRIORITY_STANDARD,IMPROVEMENT,149
NAM,2024,PMIN,AFS,DECLINING,DECLINE_SIGNAL,Chaîne de valeur minière,PRIORITY_STANDARD,DETERIORATION,576
NAM,2024,PMON,AFS,CRITICAL,DETERIORATION_ALERT,Résilience monétaire et financière,PRIORITY_HIGH,STRONG_DETERIORATION,161
NAM,2024,PNUM,AFS,PROGRESSING,PROGRESSION_SIGNAL,Souveraineté numérique,PRIORITY_STANDARD,IMPROVEMENT,112
NAM,2024,PRES,AFS,CRITICAL,DETERIORATION_ALERT,Certification énergie-eau,PRIORITY_CRITICAL,STRONG_DETERIORATION,284
NAM,2024,PTRA,AFS,CRITICAL,DETERIORATION_ALERT,Transport et logistique,PRIORITY_CRITICAL,STRONG_DETERIORATION,376
NER,2020,PECO,AFW,DECLINING,DECLINE_SIGNAL,Diversification économique,PRIORITY_HIGH,DETERIORATION,217
NER,2020,PENV,AFW,DECLINING,DETERIORATION_ALERT,Résilience environnementale,PRIORITY_HIGH,DETERIORATION,105
NER,2020,PGEO,AFW,DECLINING,DECLINE_SIGNAL,Gouvernance géopolitique et stabilité,PRIORITY_HIGH,DETERIORATION,125
NER,2020,PHUM,AFW,STABLE,STABILITY_SIGNAL,Capital humain,PRIORITY_STANDARD,STABLE,121
NER,2020,PMIL,AFW,DECLINING,DETERIORATION_ALERT,Résilience sécuritaire,PRIORITY_HIGH,DETERIORATION,117
NER,2020,PMIN,AFW,DECLINING,DECLINE_SIGNAL,Chaîne de valeur minière,PRIORITY_HIGH,DETERIORATION,444
NER,2020,PMON,AFW,DECLINING,DETERIORATION_ALERT,Résilience monétaire et financière,PRIORITY_HIGH,DETERIORATION,160
NER,2020,PNUM,AFW,PROGRESSING,PROGRESSION_SIGNAL,Souveraineté numérique,PRIORITY_STANDARD,IMPROVEMENT,111
NER,2020,PRES,AFW,PROGRESSING,PROGRESSION_SIGNAL,Certification énergie-eau,PRIORITY_STANDARD,IMPROVEMENT,99
NER,2020,PTRA,AFW,DECLINING,DETERIORATION_ALERT,Transport et logistique,PRIORITY_HIGH,DETERIORATION,265
NER,2021,PECO,AFW,DECLINING,DECLINE_SIGNAL,Diversification économique,PRIORITY_HIGH,DETERIORATION,217
NER,2021,PENV,AFW,DECLINING,DETERIORATION_ALERT,Résilience environnementale,PRIORITY_HIGH,DETERIORATION,107
NER,2021,PGEO,AFW,DECLINING,DECLINE_SIGNAL,Gouvernance géopolitique et stabilité,PRIORITY_HIGH,DETERIORATION,125
NER,2021,PHUM,AFW,STABLE,STABILITY_SIGNAL,Capital humain,PRIORITY_STANDARD,STABLE,98
NER,2021,PMIL,AFW,DECLINING,DETERIORATION_ALERT,Résilience sécuritaire,PRIORITY_HIGH,DETERIORATION,148
NER,2021,PMIN,AFW,DECLINING,DECLINE_SIGNAL,Chaîne de valeur minière,PRIORITY_HIGH,DETERIORATION,289
NER,2021,PMON,AFW,DECLINING,DETERIORATION_ALERT,Résilience monétaire et financière,PRIORITY_HIGH,DETERIORATION,160
NER,2021,PNUM,AFW,PROGRESSING,PROGRESSION_SIGNAL,Souveraineté numérique,PRIORITY_STANDARD,IMPROVEMENT,145
NER,2021,PRES,AFW,PROGRESSING,PROGRESSION_SIGNAL,Certification énergie-eau,PRIORITY_STANDARD,IMPROVEMENT,99
NER,2021,PTRA,AFW,DECLINING,DETERIORATION_ALERT,Transport et logistique,PRIORITY_HIGH,DETERIORATION,148
NER,2022,PECO,AFW,DECLINING,DECLINE_SIGNAL,Diversification économique,PRIORITY_HIGH,DETERIORATION,159
NER,2022,PENV,AFW,DECLINING,DETERIORATION_ALERT,Résilience environnementale,PRIORITY_HIGH,DETERIORATION,153
NER,2022,PGEO,AFW,DECLINING,DECLINE_SIGNAL,Gouvernance géopolitique et stabilité,PRIORITY_HIGH,DETERIORATION,125
NER,2022,PHUM,AFW,STABLE,STABILITY_SIGNAL,Capital humain,PRIORITY_STANDARD,STABLE,121
NER,2022,PMIL,AFW,DECLINING,DETERIORATION_ALERT,Résilience sécuritaire,PRIORITY_HIGH,DETERIORATION,148
NER,2022,PMIN,AFW,DECLINING,DECLINE_SIGNAL,Chaîne de valeur minière,PRIORITY_HIGH,DETERIORATION,453
NER,2022,PMON,AFW,DECLINING,DETERIORATION_ALERT,Résilience monétaire et financière,PRIORITY_HIGH,DETERIORATION,160
NER,2022,PNUM,AFW,PROGRESSING,PROGRESSION_SIGNAL,Souveraineté numérique,PRIORITY_STANDARD,IMPROVEMENT,142
NER,2022,PRES,AFW,PROGRESSING,PROGRESSION_SIGNAL,Certification énergie-eau,PRIORITY_STANDARD,IMPROVEMENT,192
NER,2022,PTRA,AFW,DECLINING,DETERIORATION_ALERT,Transport et logistique,PRIORITY_HIGH,DETERIORATION,148
NER,2023,PECO,AFW,DECLINING,DECLINE_SIGNAL,Diversification économique,PRIORITY_HIGH,DETERIORATION,162
NER,2023,PENV,AFW,DECLINING,DETERIORATION_ALERT,Résilience environnementale,PRIORITY_HIGH,DETERIORATION,157
NER,2023,PGEO,AFW,DECLINING,DECLINE_SIGNAL,Gouvernance géopolitique et stabilité,PRIORITY_HIGH,DETERIORATION,125
NER,2023,PHUM,AFW,STABLE,STABILITY_SIGNAL,Capital humain,PRIORITY_HIGH,STABLE,145
NER,2023,PMIL,AFW,DECLINING,DETERIORATION_ALERT,Résilience sécuritaire,PRIORITY_HIGH,DETERIORATION,149
NER,2023,PMIN,AFW,DECLINING,DECLINE_SIGNAL,Chaîne de valeur minière,PRIORITY_HIGH,DETERIORATION,453
NER,2023,PMON,AFW,DECLINING,DETERIORATION_ALERT,Résilience monétaire et financière,PRIORITY_HIGH,DETERIORATION,160
NER,2023,PNUM,AFW,PROGRESSING,PROGRESSION_SIGNAL,Souveraineté numérique,PRIORITY_STANDARD,IMPROVEMENT,115
NER,2023,PRES,AFW,PROGRESSING,PROGRESSION_SIGNAL,Certification énergie-eau,PRIORITY_STANDARD,IMPROVEMENT,254
NER,2023,PTRA,AFW,DECLINING,DETERIORATION_ALERT,Transport et logistique,PRIORITY_HIGH,DETERIORATION,148
NER,2024,PECO,AFW,DECLINING,DECLINE_SIGNAL,Diversification économique,PRIORITY_HIGH,DETERIORATION,217
NER,2024,PENV,AFW,DECLINING,DETERIORATION_ALERT,Résilience environnementale,PRIORITY_HIGH,DETERIORATION,165
NER,2024,PGEO,AFW,DECLINING,DECLINE_SIGNAL,Gouvernance géopolitique et stabilité,PRIORITY_HIGH,DETERIORATION,125
NER,2024,PHUM,AFW,STABLE,STABILITY_SIGNAL,Capital humain,PRIORITY_HIGH,STABLE,149
NER,2024,PMIL,AFW,DECLINING,DETERIORATION_ALERT,Résilience sécuritaire,PRIORITY_HIGH,DETERIORATION,149
NER,2024,PMIN,AFW,DECLINING,DECLINE_SIGNAL,Chaîne de valeur minière,PRIORITY_HIGH,DETERIORATION,453
NER,2024,PMON,AFW,DECLINING,DETERIORATION_ALERT,Résilience monétaire et financière,PRIORITY_HIGH,DETERIORATION,160
NER,2024,PNUM,AFW,PROGRESSING,PROGRESSION_SIGNAL,Souveraineté numérique,PRIORITY_STANDARD,IMPROVEMENT,112
NER,2024,PRES,AFW,PROGRESSING,PROGRESSION_SIGNAL,Certification énergie-eau,PRIORITY_STANDARD,IMPROVEMENT,316
NER,2024,PTRA,AFW,DECLINING,DETERIORATION_ALERT,Transport et logistique,PRIORITY_HIGH,DETERIORATION,265
NGA,2020,PECO,AFW,CRITICAL,DECLINE_SIGNAL,Diversification économique,PRIORITY_CRITICAL,STRONG_DETERIORATION,214
NGA,2020,PENV,AFW,CRITICAL,DETERIORATION_ALERT,Résilience environnementale,PRIORITY_CRITICAL,STRONG_DETERIORATION,106
NGA,2020,PGEO,AFW,DECLINING,DECLINE_SIGNAL,Gouvernance géopolitique et stabilité,PRIORITY_HIGH,DETERIORATION,123
NGA,2020,PHUM,AFW,CRITICAL,DECLINE_SIGNAL,Capital humain,PRIORITY_CRITICAL,STRONG_DETERIORATION,119
NGA,2020,PMIL,AFW,ACCELERATING,PROGRESSION_SIGNAL,Résilience sécuritaire,PRIORITY_STANDARD,STRONG_IMPROVEMENT,117
NGA,2020,PMIN,AFW,PROGRESSING,PROGRESSION_SIGNAL,Chaîne de valeur minière,PRIORITY_STANDARD,IMPROVEMENT,526
NGA,2020,PMON,AFW,DECLINING,DETERIORATION_ALERT,Résilience monétaire et financière,PRIORITY_HIGH,DETERIORATION,99
NGA,2020,PNUM,AFW,STABLE,STABILITY_SIGNAL,Souveraineté numérique,PRIORITY_STANDARD,STABLE,111
NGA,2020,PRES,AFW,DECLINING,DECLINE_SIGNAL,Certification énergie-eau,PRIORITY_HIGH,DETERIORATION,130
NGA,2020,PTRA,AFW,CRITICAL,DETERIORATION_ALERT,Transport et logistique,PRIORITY_CRITICAL,STRONG_DETERIORATION,110
NGA,2021,PECO,AFW,CRITICAL,DECLINE_SIGNAL,Diversification économique,PRIORITY_CRITICAL,STRONG_DETERIORATION,218
NGA,2021,PENV,AFW,CRITICAL,DETERIORATION_ALERT,Résilience environnementale,PRIORITY_CRITICAL,STRONG_DETERIORATION,108
NGA,2021,PGEO,AFW,DECLINING,DECLINE_SIGNAL,Gouvernance géopolitique et stabilité,PRIORITY_HIGH,DETERIORATION,123
NGA,2021,PHUM,AFW,CRITICAL,DECLINE_SIGNAL,Capital humain,PRIORITY_CRITICAL,STRONG_DETERIORATION,119
NGA,2021,PMIL,AFW,ACCELERATING,ACCELERATION_SIGNAL,Résilience sécuritaire,PRIORITY_STANDARD,STRONG_IMPROVEMENT,148
NGA,2021,PMIN,AFW,PROGRESSING,PROGRESSION_SIGNAL,Chaîne de valeur minière,PRIORITY_STANDARD,IMPROVEMENT,253
NGA,2021,PMON,AFW,DECLINING,DETERIORATION_ALERT,Résilience monétaire et financière,PRIORITY_HIGH,DETERIORATION,99
NGA,2021,PNUM,AFW,STABLE,STABILITY_SIGNAL,Souveraineté numérique,PRIORITY_STANDARD,STABLE,114
NGA,2021,PRES,AFW,DECLINING,DECLINE_SIGNAL,Certification énergie-eau,PRIORITY_HIGH,DETERIORATION,130
NGA,2021,PTRA,AFW,CRITICAL,DETERIORATION_ALERT,Transport et logistique,PRIORITY_CRITICAL,STRONG_DETERIORATION,110
NGA,2022,PECO,AFW,CRITICAL,DECLINE_SIGNAL,Diversification économique,PRIORITY_CRITICAL,STRONG_DETERIORATION,218
NGA,2022,PENV,AFW,CRITICAL,DETERIORATION_ALERT,Résilience environnementale,PRIORITY_CRITICAL,STRONG_DETERIORATION,154
NGA,2022,PGEO,AFW,DECLINING,DECLINE_SIGNAL,Gouvernance géopolitique et stabilité,PRIORITY_HIGH,DETERIORATION,123
NGA,2022,PHUM,AFW,CRITICAL,DECLINE_SIGNAL,Capital humain,PRIORITY_CRITICAL,STRONG_DETERIORATION,96
NGA,2022,PMIL,AFW,ACCELERATING,ACCELERATION_SIGNAL,Résilience sécuritaire,PRIORITY_STANDARD,STRONG_IMPROVEMENT,148
NGA,2022,PMIN,AFW,PROGRESSING,PROGRESSION_SIGNAL,Chaîne de valeur minière,PRIORITY_STANDARD,IMPROVEMENT,534
NGA,2022,PMON,AFW,DECLINING,DETERIORATION_ALERT,Résilience monétaire et financière,PRIORITY_HIGH,DETERIORATION,99
NGA,2022,PNUM,AFW,STABLE,STABILITY_SIGNAL,Souveraineté numérique,PRIORITY_STANDARD,STABLE,111
NGA,2022,PRES,AFW,DECLINING,DETERIORATION_ALERT,Certification énergie-eau,PRIORITY_HIGH,DETERIORATION,285
NGA,2022,PTRA,AFW,CRITICAL,DETERIORATION_ALERT,Transport et logistique,PRIORITY_CRITICAL,STRONG_DETERIORATION,141
NGA,2023,PECO,AFW,CRITICAL,DECLINE_SIGNAL,Diversification économique,PRIORITY_CRITICAL,STRONG_DETERIORATION,216
NGA,2023,PENV,AFW,CRITICAL,DETERIORATION_ALERT,Résilience environnementale,PRIORITY_CRITICAL,STRONG_DETERIORATION,158
NGA,2023,PGEO,AFW,DECLINING,DECLINE_SIGNAL,Gouvernance géopolitique et stabilité,PRIORITY_HIGH,DETERIORATION,123
NGA,2023,PHUM,AFW,CRITICAL,DECLINE_SIGNAL,Capital humain,PRIORITY_CRITICAL,STRONG_DETERIORATION,120
NGA,2023,PMIL,AFW,ACCELERATING,PROGRESSION_SIGNAL,Résilience sécuritaire,PRIORITY_STANDARD,STRONG_IMPROVEMENT,118
NGA,2023,PMIN,AFW,PROGRESSING,PROGRESSION_SIGNAL,Chaîne de valeur minière,PRIORITY_STANDARD,IMPROVEMENT,532
NGA,2023,PMON,AFW,DECLINING,DETERIORATION_ALERT,Résilience monétaire et financière,PRIORITY_HIGH,DETERIORATION,161
NGA,2023,PNUM,AFW,STABLE,STABILITY_SIGNAL,Souveraineté numérique,PRIORITY_STANDARD,STABLE,115
NGA,2023,PRES,AFW,DECLINING,DETERIORATION_ALERT,Certification énergie-eau,PRIORITY_HIGH,DETERIORATION,347
NGA,2023,PTRA,AFW,CRITICAL,DETERIORATION_ALERT,Transport et logistique,PRIORITY_CRITICAL,STRONG_DETERIORATION,180
NGA,2024,PECO,AFW,CRITICAL,DECLINE_SIGNAL,Diversification économique,PRIORITY_CRITICAL,STRONG_DETERIORATION,214
NGA,2024,PENV,AFW,CRITICAL,DETERIORATION_ALERT,Résilience environnementale,PRIORITY_CRITICAL,STRONG_DETERIORATION,166
NGA,2024,PGEO,AFW,DECLINING,DECLINE_SIGNAL,Gouvernance géopolitique et stabilité,PRIORITY_HIGH,DETERIORATION,123
NGA,2024,PHUM,AFW,CRITICAL,DECLINE_SIGNAL,Capital humain,PRIORITY_CRITICAL,STRONG_DETERIORATION,124
NGA,2024,PMIL,AFW,ACCELERATING,PROGRESSION_SIGNAL,Résilience sécuritaire,PRIORITY_STANDARD,STRONG_IMPROVEMENT,149
NGA,2024,PMIN,AFW,PROGRESSING,PROGRESSION_SIGNAL,Chaîne de valeur minière,PRIORITY_STANDARD,IMPROVEMENT,534
NGA,2024,PMON,AFW,DECLINING,DETERIORATION_ALERT,Résilience monétaire et financière,PRIORITY_HIGH,DETERIORATION,223
NGA,2024,PNUM,AFW,STABLE,STABILITY_SIGNAL,Souveraineté numérique,PRIORITY_STANDARD,STABLE,112
NGA,2024,PRES,AFW,DECLINING,DETERIORATION_ALERT,Certification énergie-eau,PRIORITY_HIGH,DETERIORATION,378
NGA,2024,PTRA,AFW,CRITICAL,DETERIORATION_ALERT,Transport et logistique,PRIORITY_CRITICAL,STRONG_DETERIORATION,297
RWA,2020,PECO,AFE,PROGRESSING,PROGRESSION_SIGNAL,Diversification économique,PRIORITY_STANDARD,IMPROVEMENT,206
RWA,2020,PENV,AFE,CRITICAL,DETERIORATION_ALERT,Résilience environnementale,PRIORITY_HIGH,STRONG_DETERIORATION,106
RWA,2020,PGEO,AFE,STABLE,STABILITY_SIGNAL,Gouvernance géopolitique et stabilité,PRIORITY_STANDARD,STABLE,121
RWA,2020,PHUM,AFE,STABLE,STABILITY_SIGNAL,Capital humain,PRIORITY_STANDARD,STABLE,119
RWA,2020,PMIL,AFE,PROGRESSING,PROGRESSION_SIGNAL,Résilience sécuritaire,PRIORITY_STANDARD,IMPROVEMENT,86
RWA,2020,PMIN,AFE,PROGRESSING,PROGRESSION_SIGNAL,Chaîne de valeur minière,PRIORITY_STANDARD,IMPROVEMENT,365
RWA,2020,PMON,AFE,PROGRESSING,PROGRESSION_SIGNAL,Résilience monétaire et financière,PRIORITY_STANDARD,IMPROVEMENT,99
RWA,2020,PNUM,AFE,PROGRESSING,PROGRESSION_SIGNAL,Souveraineté numérique,PRIORITY_STANDARD,IMPROVEMENT,80
RWA,2020,PRES,AFE,CRITICAL,DETERIORATION_ALERT,Certification énergie-eau,PRIORITY_CRITICAL,STRONG_DETERIORATION,98
RWA,2020,PTRA,AFE,CRITICAL,DETERIORATION_ALERT,Transport et logistique,PRIORITY_CRITICAL,STRONG_DETERIORATION,147
RWA,2021,PECO,AFE,PROGRESSING,PROGRESSION_SIGNAL,Diversification économique,PRIORITY_STANDARD,IMPROVEMENT,207
RWA,2021,PENV,AFE,CRITICAL,DETERIORATION_ALERT,Résilience environnementale,PRIORITY_HIGH,STRONG_DETERIORATION,108
RWA,2021,PGEO,AFE,STABLE,STABILITY_SIGNAL,Gouvernance géopolitique et stabilité,PRIORITY_STANDARD,STABLE,119
RWA,2021,PHUM,AFE,STABLE,STABILITY_SIGNAL,Capital humain,PRIORITY_STANDARD,STABLE,119
RWA,2021,PMIL,AFE,PROGRESSING,PROGRESSION_SIGNAL,Résilience sécuritaire,PRIORITY_STANDARD,IMPROVEMENT,148
RWA,2021,PMIN,AFE,PROGRESSING,PROGRESSION_SIGNAL,Chaîne de valeur minière,PRIORITY_STANDARD,IMPROVEMENT,248
RWA,2021,PMON,AFE,PROGRESSING,PROGRESSION_SIGNAL,Résilience monétaire et financière,PRIORITY_STANDARD,IMPROVEMENT,99
RWA,2021,PNUM,AFE,PROGRESSING,PROGRESSION_SIGNAL,Souveraineté numérique,PRIORITY_STANDARD,IMPROVEMENT,114
RWA,2021,PRES,AFE,CRITICAL,DETERIORATION_ALERT,Certification énergie-eau,PRIORITY_CRITICAL,STRONG_DETERIORATION,98
RWA,2021,PTRA,AFE,CRITICAL,DETERIORATION_ALERT,Transport et logistique,PRIORITY_CRITICAL,STRONG_DETERIORATION,147
RWA,2022,PECO,AFE,PROGRESSING,PROGRESSION_SIGNAL,Diversification économique,PRIORITY_STANDARD,IMPROVEMENT,207
RWA,2022,PENV,AFE,CRITICAL,DETERIORATION_ALERT,Résilience environnementale,PRIORITY_HIGH,STRONG_DETERIORATION,131
RWA,2022,PGEO,AFE,STABLE,STABILITY_SIGNAL,Gouvernance géopolitique et stabilité,PRIORITY_STANDARD,STABLE,119
RWA,2022,PHUM,AFE,STABLE,STABILITY_SIGNAL,Capital humain,PRIORITY_STANDARD,STABLE,119
RWA,2022,PMIL,AFE,PROGRESSING,PROGRESSION_SIGNAL,Résilience sécuritaire,PRIORITY_STANDARD,IMPROVEMENT,148
RWA,2022,PMIN,AFE,PROGRESSING,PROGRESSION_SIGNAL,Chaîne de valeur minière,PRIORITY_STANDARD,IMPROVEMENT,373
RWA,2022,PMON,AFE,PROGRESSING,PROGRESSION_SIGNAL,Résilience monétaire et financière,PRIORITY_STANDARD,IMPROVEMENT,99
RWA,2022,PNUM,AFE,PROGRESSING,PROGRESSION_SIGNAL,Souveraineté numérique,PRIORITY_STANDARD,IMPROVEMENT,80
RWA,2022,PRES,AFE,CRITICAL,DETERIORATION_ALERT,Certification énergie-eau,PRIORITY_CRITICAL,STRONG_DETERIORATION,160
RWA,2022,PTRA,AFE,CRITICAL,DETERIORATION_ALERT,Transport et logistique,PRIORITY_CRITICAL,STRONG_DETERIORATION,147
RWA,2023,PECO,AFE,PROGRESSING,PROGRESSION_SIGNAL,Diversification économique,PRIORITY_STANDARD,IMPROVEMENT,207
RWA,2023,PENV,AFE,CRITICAL,DETERIORATION_ALERT,Résilience environnementale,PRIORITY_HIGH,STRONG_DETERIORATION,158
RWA,2023,PGEO,AFE,STABLE,STABILITY_SIGNAL,Gouvernance géopolitique et stabilité,PRIORITY_STANDARD,STABLE,121
RWA,2023,PHUM,AFE,STABLE,STABILITY_SIGNAL,Capital humain,PRIORITY_STANDARD,STABLE,97
RWA,2023,PMIL,AFE,PROGRESSING,PROGRESSION_SIGNAL,Résilience sécuritaire,PRIORITY_STANDARD,IMPROVEMENT,149
RWA,2023,PMIN,AFE,PROGRESSING,PROGRESSION_SIGNAL,Chaîne de valeur minière,PRIORITY_STANDARD,IMPROVEMENT,490
RWA,2023,PMON,AFE,PROGRESSING,PROGRESSION_SIGNAL,Résilience monétaire et financière,PRIORITY_STANDARD,IMPROVEMENT,130
RWA,2023,PNUM,AFE,PROGRESSING,PROGRESSION_SIGNAL,Souveraineté numérique,PRIORITY_STANDARD,IMPROVEMENT,84
RWA,2023,PRES,AFE,CRITICAL,DETERIORATION_ALERT,Certification énergie-eau,PRIORITY_CRITICAL,STRONG_DETERIORATION,253
RWA,2023,PTRA,AFE,CRITICAL,DETERIORATION_ALERT,Transport et logistique,PRIORITY_CRITICAL,STRONG_DETERIORATION,147
RWA,2024,PECO,AFE,PROGRESSING,PROGRESSION_SIGNAL,Diversification économique,PRIORITY_STANDARD,IMPROVEMENT,306
RWA,2024,PENV,AFE,CRITICAL,DETERIORATION_ALERT,Résilience environnementale,PRIORITY_CRITICAL,STRONG_DETERIORATION,166
RWA,2024,PGEO,AFE,STABLE,STABILITY_SIGNAL,Gouvernance géopolitique et stabilité,PRIORITY_STANDARD,STABLE,149
RWA,2024,PHUM,AFE,STABLE,STABILITY_SIGNAL,Capital humain,PRIORITY_STANDARD,STABLE,124
RWA,2024,PMIL,AFE,PROGRESSING,PROGRESSION_SIGNAL,Résilience sécuritaire,PRIORITY_STANDARD,IMPROVEMENT,149
RWA,2024,PMIN,AFE,PROGRESSING,PROGRESSION_SIGNAL,Chaîne de valeur minière,PRIORITY_STANDARD,IMPROVEMENT,531
RWA,2024,PMON,AFE,PROGRESSING,PROGRESSION_SIGNAL,Résilience monétaire et financière,PRIORITY_STANDARD,IMPROVEMENT,130
RWA,2024,PNUM,AFE,PROGRESSING,PROGRESSION_SIGNAL,Souveraineté numérique,PRIORITY_STANDARD,IMPROVEMENT,81
RWA,2024,PRES,AFE,CRITICAL,DETERIORATION_ALERT,Certification énergie-eau,PRIORITY_CRITICAL,STRONG_DETERIORATION,284
RWA,2024,PTRA,AFE,CRITICAL,DETERIORATION_ALERT,Transport et logistique,PRIORITY_CRITICAL,STRONG_DETERIORATION,225
SDN,2020,PECO,AFN,CRITICAL,DETERIORATION_ALERT,Diversification économique,PRIORITY_CRITICAL,STRONG_DETERIORATION,257
SDN,2020,PENV,AFN,CRITICAL,DECLINE_SIGNAL,Résilience environnementale,PRIORITY_CRITICAL,STRONG_DETERIORATION,116
SDN,2020,PGEO,AFN,STABLE,STABILITY_SIGNAL,Gouvernance géopolitique et stabilité,PRIORITY_STANDARD,STABLE,149
SDN,2020,PHUM,AFN,DECLINING,DECLINE_SIGNAL,Capital humain,PRIORITY_HIGH,DETERIORATION,145
SDN,2020,PMIL,AFN,STABLE,STABILITY_SIGNAL,Résilience sécuritaire,PRIORITY_STANDARD,STABLE,85
SDN,2020,PMIN,AFN,DECLINING,DECLINE_SIGNAL,Chaîne de valeur minière,PRIORITY_HIGH,DETERIORATION,640
SDN,2020,PMON,AFN,CRITICAL,DETERIORATION_ALERT,Résilience monétaire et financière,PRIORITY_CRITICAL,STRONG_DETERIORATION,97
SDN,2020,PNUM,AFN,DECLINING,DETERIORATION_ALERT,Souveraineté numérique,PRIORITY_HIGH,DETERIORATION,142
SDN,2020,PRES,AFN,ACCELERATING,ACCELERATION_SIGNAL,Certification énergie-eau,PRIORITY_STANDARD,STRONG_IMPROVEMENT,99
SDN,2020,PTRA,AFN,CRITICAL,DETERIORATION_ALERT,Transport et logistique,PRIORITY_CRITICAL,STRONG_DETERIORATION,149
SDN,2021,PECO,AFN,CRITICAL,DETERIORATION_ALERT,Diversification économique,PRIORITY_CRITICAL,STRONG_DETERIORATION,257
SDN,2021,PENV,AFN,CRITICAL,DETERIORATION_ALERT,Résilience environnementale,PRIORITY_CRITICAL,STRONG_DETERIORATION,118
SDN,2021,PGEO,AFN,STABLE,STABILITY_SIGNAL,Gouvernance géopolitique et stabilité,PRIORITY_STANDARD,STABLE,149
SDN,2021,PHUM,AFN,DECLINING,DECLINE_SIGNAL,Capital humain,PRIORITY_HIGH,DETERIORATION,145
SDN,2021,PMIL,AFN,STABLE,STABILITY_SIGNAL,Résilience sécuritaire,PRIORITY_STANDARD,STABLE,116
SDN,2021,PMIN,AFN,DECLINING,DETERIORATION_ALERT,Chaîne de valeur minière,PRIORITY_HIGH,DETERIORATION,445
SDN,2021,PMON,AFN,CRITICAL,DETERIORATION_ALERT,Résilience monétaire et financière,PRIORITY_CRITICAL,STRONG_DETERIORATION,128
SDN,2021,PNUM,AFN,DECLINING,DETERIORATION_ALERT,Souveraineté numérique,PRIORITY_HIGH,DETERIORATION,145
SDN,2021,PRES,AFN,ACCELERATING,PROGRESSION_SIGNAL,Certification énergie-eau,PRIORITY_STANDARD,STRONG_IMPROVEMENT,130
SDN,2021,PTRA,AFN,CRITICAL,DETERIORATION_ALERT,Transport et logistique,PRIORITY_CRITICAL,STRONG_DETERIORATION,110
SDN,2022,PECO,AFN,CRITICAL,DETERIORATION_ALERT,Diversification économique,PRIORITY_CRITICAL,STRONG_DETERIORATION,253
SDN,2022,PENV,AFN,CRITICAL,DETERIORATION_ALERT,Résilience environnementale,PRIORITY_CRITICAL,STRONG_DETERIORATION,164
SDN,2022,PGEO,AFN,STABLE,STABILITY_SIGNAL,Gouvernance géopolitique et stabilité,PRIORITY_STANDARD,STABLE,149
SDN,2022,PHUM,AFN,DECLINING,DECLINE_SIGNAL,Capital humain,PRIORITY_HIGH,DETERIORATION,145
SDN,2022,PMIL,AFN,STABLE,STABILITY_SIGNAL,Résilience sécuritaire,PRIORITY_STANDARD,STABLE,185
SDN,2022,PMIN,AFN,DECLINING,DECLINE_SIGNAL,Chaîne de valeur minière,PRIORITY_HIGH,DETERIORATION,648
SDN,2022,PMON,AFN,CRITICAL,DETERIORATION_ALERT,Résilience monétaire et financière,PRIORITY_CRITICAL,STRONG_DETERIORATION,128
SDN,2022,PNUM,AFN,DECLINING,DETERIORATION_ALERT,Souveraineté numérique,PRIORITY_HIGH,DETERIORATION,142
SDN,2022,PRES,AFN,ACCELERATING,PROGRESSION_SIGNAL,Certification énergie-eau,PRIORITY_STANDARD,STRONG_IMPROVEMENT,254
SDN,2022,PTRA,AFN,CRITICAL,DETERIORATION_ALERT,Transport et logistique,PRIORITY_CRITICAL,STRONG_DETERIORATION,180
SDN,2023,PECO,AFN,CRITICAL,DETERIORATION_ALERT,Diversification économique,PRIORITY_CRITICAL,STRONG_DETERIORATION,312
SDN,2023,PENV,AFN,CRITICAL,DETERIORATION_ALERT,Résilience environnementale,PRIORITY_CRITICAL,STRONG_DETERIORATION,168
SDN,2023,PGEO,AFN,STABLE,STABILITY_SIGNAL,Gouvernance géopolitique et stabilité,PRIORITY_STANDARD,STABLE,149
SDN,2023,PHUM,AFN,DECLINING,DECLINE_SIGNAL,Capital humain,PRIORITY_HIGH,DETERIORATION,145
SDN,2023,PMIL,AFN,STABLE,STABILITY_SIGNAL,Résilience sécuritaire,PRIORITY_STANDARD,STABLE,186
SDN,2023,PMIN,AFN,DECLINING,DETERIORATION_ALERT,Chaîne de valeur minière,PRIORITY_HIGH,DETERIORATION,648
SDN,2023,PMON,AFN,CRITICAL,DETERIORATION_ALERT,Résilience monétaire et financière,PRIORITY_CRITICAL,STRONG_DETERIORATION,182
SDN,2023,PNUM,AFN,DECLINING,DETERIORATION_ALERT,Souveraineté numérique,PRIORITY_HIGH,DETERIORATION,208
SDN,2023,PRES,AFN,ACCELERATING,PROGRESSION_SIGNAL,Certification énergie-eau,PRIORITY_STANDARD,STRONG_IMPROVEMENT,316
SDN,2023,PTRA,AFN,CRITICAL,DETERIORATION_ALERT,Transport et logistique,PRIORITY_CRITICAL,STRONG_DETERIORATION,180
SDN,2024,PECO,AFN,CRITICAL,DETERIORATION_ALERT,Diversification économique,PRIORITY_CRITICAL,STRONG_DETERIORATION,367
SDN,2024,PENV,AFN,CRITICAL,DECLINE_SIGNAL,Résilience environnementale,PRIORITY_CRITICAL,STRONG_DETERIORATION,184
SDN,2024,PGEO,AFN,STABLE,STABILITY_SIGNAL,Gouvernance géopolitique et stabilité,PRIORITY_STANDARD,STABLE,149
SDN,2024,PHUM,AFN,DECLINING,DECLINE_SIGNAL,Capital humain,PRIORITY_HIGH,DETERIORATION,164
SDN,2024,PMIL,AFN,STABLE,STABILITY_SIGNAL,Résilience sécuritaire,PRIORITY_STANDARD,STABLE,186
SDN,2024,PMIN,AFN,DECLINING,DETERIORATION_ALERT,Chaîne de valeur minière,PRIORITY_HIGH,DETERIORATION,648
SDN,2024,PMON,AFN,CRITICAL,DECLINE_SIGNAL,Résilience monétaire et financière,PRIORITY_CRITICAL,STRONG_DETERIORATION,182
SDN,2024,PNUM,AFN,DECLINING,DETERIORATION_ALERT,Souveraineté numérique,PRIORITY_HIGH,DETERIORATION,205
SDN,2024,PRES,AFN,ACCELERATING,PROGRESSION_SIGNAL,Certification énergie-eau,PRIORITY_STANDARD,STRONG_IMPROVEMENT,347
SDN,2024,PTRA,AFN,CRITICAL,DETERIORATION_ALERT,Transport et logistique,PRIORITY_CRITICAL,STRONG_DETERIORATION,297
SEN,2020,PECO,AFW,ACCELERATING,PROGRESSION_SIGNAL,Diversification économique,PRIORITY_STANDARD,STRONG_IMPROVEMENT,155
SEN,2020,PENV,AFW,CRITICAL,DETERIORATION_ALERT,Résilience environnementale,PRIORITY_CRITICAL,STRONG_DETERIORATION,106
SEN,2020,PGEO,AFW,STABLE,STABILITY_SIGNAL,Gouvernance géopolitique et stabilité,PRIORITY_STANDARD,STABLE,120
SEN,2020,PHUM,AFW,STABLE,STABILITY_SIGNAL,Capital humain,PRIORITY_STANDARD,STABLE,121
SEN,2020,PMIL,AFW,PROGRESSING,PROGRESSION_SIGNAL,Résilience sécuritaire,PRIORITY_STANDARD,IMPROVEMENT,117
SEN,2020,PMIN,AFW,ACCELERATING,ACCELERATION_SIGNAL,Chaîne de valeur minière,PRIORITY_STANDARD,STRONG_IMPROVEMENT,407
SEN,2020,PMON,AFW,DECLINING,DETERIORATION_ALERT,Résilience monétaire et financière,PRIORITY_HIGH,DETERIORATION,160
SEN,2020,PNUM,AFW,PROGRESSING,PROGRESSION_SIGNAL,Souveraineté numérique,PRIORITY_STANDARD,IMPROVEMENT,80
SEN,2020,PRES,AFW,CRITICAL,DETERIORATION_ALERT,Certification énergie-eau,PRIORITY_CRITICAL,STRONG_DETERIORATION,98
SEN,2020,PTRA,AFW,DECLINING,DETERIORATION_ALERT,Transport et logistique,PRIORITY_HIGH,DETERIORATION,190
SEN,2021,PECO,AFW,ACCELERATING,ACCELERATION_SIGNAL,Diversification économique,PRIORITY_STANDARD,STRONG_IMPROVEMENT,155
SEN,2021,PENV,AFW,CRITICAL,DETERIORATION_ALERT,Résilience environnementale,PRIORITY_CRITICAL,STRONG_DETERIORATION,108
SEN,2021,PGEO,AFW,STABLE,STABILITY_SIGNAL,Gouvernance géopolitique et stabilité,PRIORITY_STANDARD,STABLE,120
SEN,2021,PHUM,AFW,STABLE,STABILITY_SIGNAL,Capital humain,PRIORITY_STANDARD,STABLE,98
SEN,2021,PMIL,AFW,PROGRESSING,PROGRESSION_SIGNAL,Résilience sécuritaire,PRIORITY_STANDARD,IMPROVEMENT,148
SEN,2021,PMIN,AFW,ACCELERATING,ACCELERATION_SIGNAL,Chaîne de valeur minière,PRIORITY_STANDARD,STRONG_IMPROVEMENT,291
SEN,2021,PMON,AFW,DECLINING,DETERIORATION_ALERT,Résilience monétaire et financière,PRIORITY_HIGH,DETERIORATION,160
SEN,2021,PNUM,AFW,PROGRESSING,PROGRESSION_SIGNAL,Souveraineté numérique,PRIORITY_STANDARD,IMPROVEMENT,83
SEN,2021,PRES,AFW,CRITICAL,DETERIORATION_ALERT,Certification énergie-eau,PRIORITY_CRITICAL,STRONG_DETERIORATION,98
SEN,2021,PTRA,AFW,DECLINING,DETERIORATION_ALERT,Transport et logistique,PRIORITY_HIGH,DETERIORATION,190
SEN,2022,PECO,AFW,ACCELERATING,ACCELERATION_SIGNAL,Diversification économique,PRIORITY_STANDARD,STRONG_IMPROVEMENT,151
SEN,2022,PENV,AFW,CRITICAL,DETERIORATION_ALERT,Résilience environnementale,PRIORITY_CRITICAL,STRONG_DETERIORATION,154
SEN,2022,PGEO,AFW,STABLE,STABILITY_SIGNAL,Gouvernance géopolitique et stabilité,PRIORITY_STANDARD,STABLE,121
SEN,2022,PHUM,AFW,STABLE,STABILITY_SIGNAL,Capital humain,PRIORITY_STANDARD,STABLE,121
SEN,2022,PMIL,AFW,PROGRESSING,PROGRESSION_SIGNAL,Résilience sécuritaire,PRIORITY_STANDARD,IMPROVEMENT,148
SEN,2022,PMIN,AFW,ACCELERATING,PROGRESSION_SIGNAL,Chaîne de valeur minière,PRIORITY_STANDARD,STRONG_IMPROVEMENT,416
SEN,2022,PMON,AFW,DECLINING,DETERIORATION_ALERT,Résilience monétaire et financière,PRIORITY_HIGH,DETERIORATION,160
SEN,2022,PNUM,AFW,PROGRESSING,PROGRESSION_SIGNAL,Souveraineté numérique,PRIORITY_STANDARD,IMPROVEMENT,80
SEN,2022,PRES,AFW,CRITICAL,DETERIORATION_ALERT,Certification énergie-eau,PRIORITY_CRITICAL,STRONG_DETERIORATION,191
SEN,2022,PTRA,AFW,DECLINING,DETERIORATION_ALERT,Transport et logistique,PRIORITY_HIGH,DETERIORATION,221
SEN,2023,PECO,AFW,ACCELERATING,PROGRESSION_SIGNAL,Diversification économique,PRIORITY_STANDARD,STRONG_IMPROVEMENT,206
SEN,2023,PENV,AFW,CRITICAL,DETERIORATION_ALERT,Résilience environnementale,PRIORITY_CRITICAL,STRONG_DETERIORATION,158
SEN,2023,PGEO,AFW,STABLE,STABILITY_SIGNAL,Gouvernance géopolitique et stabilité,PRIORITY_STANDARD,STABLE,121
SEN,2023,PHUM,AFW,STABLE,STABILITY_SIGNAL,Capital humain,PRIORITY_STANDARD,STABLE,122
SEN,2023,PMIL,AFW,PROGRESSING,PROGRESSION_SIGNAL,Résilience sécuritaire,PRIORITY_STANDARD,IMPROVEMENT,149
SEN,2023,PMIN,AFW,ACCELERATING,ACCELERATION_SIGNAL,Chaîne de valeur minière,PRIORITY_STANDARD,STRONG_IMPROVEMENT,414
SEN,2023,PMON,AFW,DECLINING,DECLINE_SIGNAL,Résilience monétaire et financière,PRIORITY_HIGH,DETERIORATION,160
SEN,2023,PNUM,AFW,PROGRESSING,PROGRESSION_SIGNAL,Souveraineté numérique,PRIORITY_STANDARD,IMPROVEMENT,84
SEN,2023,PRES,AFW,CRITICAL,DETERIORATION_ALERT,Certification énergie-eau,PRIORITY_CRITICAL,STRONG_DETERIORATION,253
SEN,2023,PTRA,AFW,DECLINING,DETERIORATION_ALERT,Transport et logistique,PRIORITY_HIGH,DETERIORATION,299
SEN,2024,PECO,AFW,ACCELERATING,PROGRESSION_SIGNAL,Diversification économique,PRIORITY_STANDARD,STRONG_IMPROVEMENT,250
SEN,2024,PENV,AFW,CRITICAL,DETERIORATION_ALERT,Résilience environnementale,PRIORITY_CRITICAL,STRONG_DETERIORATION,166
SEN,2024,PGEO,AFW,STABLE,STABILITY_SIGNAL,Gouvernance géopolitique et stabilité,PRIORITY_STANDARD,STABLE,151
SEN,2024,PHUM,AFW,STABLE,STABILITY_SIGNAL,Capital humain,PRIORITY_STANDARD,STABLE,153
SEN,2024,PMIL,AFW,PROGRESSING,PROGRESSION_SIGNAL,Résilience sécuritaire,PRIORITY_STANDARD,IMPROVEMENT,149
SEN,2024,PMIN,AFW,ACCELERATING,ACCELERATION_SIGNAL,Chaîne de valeur minière,PRIORITY_STANDARD,STRONG_IMPROVEMENT,455
SEN,2024,PMON,AFW,DECLINING,DECLINE_SIGNAL,Résilience monétaire et financière,PRIORITY_HIGH,DETERIORATION,183
SEN,2024,PNUM,AFW,PROGRESSING,PROGRESSION_SIGNAL,Souveraineté numérique,PRIORITY_STANDARD,IMPROVEMENT,81
SEN,2024,PRES,AFW,CRITICAL,DETERIORATION_ALERT,Certification énergie-eau,PRIORITY_CRITICAL,STRONG_DETERIORATION,284
SEN,2024,PTRA,AFW,DECLINING,DETERIORATION_ALERT,Transport et logistique,PRIORITY_HIGH,DETERIORATION,377
SLE,2020,PECO,AFW,STABLE,STABILITY_SIGNAL,Diversification économique,PRIORITY_STANDARD,STABLE,163
SLE,2020,PENV,AFW,CRITICAL,DECLINE_SIGNAL,Résilience environnementale,PRIORITY_HIGH,STRONG_DETERIORATION,107
SLE,2020,PGEO,AFW,STABLE,STABILITY_SIGNAL,Gouvernance géopolitique et stabilité,PRIORITY_STANDARD,STABLE,125
SLE,2020,PHUM,AFW,STABLE,STABILITY_SIGNAL,Capital humain,PRIORITY_STANDARD,STABLE,123
SLE,2020,PMIL,AFW,DECLINING,DETERIORATION_ALERT,Résilience sécuritaire,PRIORITY_HIGH,DETERIORATION,86
SLE,2020,PMIN,AFW,STABLE,STABILITY_SIGNAL,Chaîne de valeur minière,PRIORITY_HIGH,STABLE,607
SLE,2020,PMON,AFW,ACCELERATING,PROGRESSION_SIGNAL,Résilience monétaire et financière,PRIORITY_STANDARD,STRONG_IMPROVEMENT,98
SLE,2020,PNUM,AFW,PROGRESSING,PROGRESSION_SIGNAL,Souveraineté numérique,PRIORITY_STANDARD,IMPROVEMENT,79
SLE,2020,PRES,AFW,STABLE,STABILITY_SIGNAL,Certification énergie-eau,PRIORITY_STANDARD,STABLE,96
SLE,2020,PTRA,AFW,CRITICAL,DETERIORATION_ALERT,Transport et logistique,PRIORITY_CRITICAL,STRONG_DETERIORATION,266
SLE,2021,PECO,AFW,STABLE,STABILITY_SIGNAL,Diversification économique,PRIORITY_STANDARD,STABLE,163
SLE,2021,PENV,AFW,CRITICAL,DECLINE_SIGNAL,Résilience environnementale,PRIORITY_HIGH,STRONG_DETERIORATION,109
SLE,2021,PGEO,AFW,STABLE,STABILITY_SIGNAL,Gouvernance géopolitique et stabilité,PRIORITY_STANDARD,STABLE,125
SLE,2021,PHUM,AFW,STABLE,STABILITY_SIGNAL,Capital humain,PRIORITY_STANDARD,STABLE,123
SLE,2021,PMIL,AFW,DECLINING,DETERIORATION_ALERT,Résilience sécuritaire,PRIORITY_HIGH,DETERIORATION,148
SLE,2021,PMIN,AFW,STABLE,STABILITY_SIGNAL,Chaîne de valeur minière,PRIORITY_HIGH,STABLE,373
SLE,2021,PMON,AFW,ACCELERATING,ACCELERATION_SIGNAL,Résilience monétaire et financière,PRIORITY_STANDARD,STRONG_IMPROVEMENT,98
SLE,2021,PNUM,AFW,PROGRESSING,PROGRESSION_SIGNAL,Souveraineté numérique,PRIORITY_STANDARD,IMPROVEMENT,82
SLE,2021,PRES,AFW,STABLE,STABILITY_SIGNAL,Certification énergie-eau,PRIORITY_STANDARD,STABLE,96
SLE,2021,PTRA,AFW,CRITICAL,DETERIORATION_ALERT,Transport et logistique,PRIORITY_CRITICAL,STRONG_DETERIORATION,266
SLE,2022,PECO,AFW,STABLE,STABILITY_SIGNAL,Diversification économique,PRIORITY_STANDARD,STABLE,163
SLE,2022,PENV,AFW,CRITICAL,DETERIORATION_ALERT,Résilience environnementale,PRIORITY_HIGH,STRONG_DETERIORATION,132
SLE,2022,PGEO,AFW,STABLE,STABILITY_SIGNAL,Gouvernance géopolitique et stabilité,PRIORITY_STANDARD,STABLE,125
SLE,2022,PHUM,AFW,STABLE,STABILITY_SIGNAL,Capital humain,PRIORITY_STANDARD,STABLE,123
SLE,2022,PMIL,AFW,DECLINING,DETERIORATION_ALERT,Résilience sécuritaire,PRIORITY_HIGH,DETERIORATION,148
SLE,2022,PMIN,AFW,STABLE,STABILITY_SIGNAL,Chaîne de valeur minière,PRIORITY_HIGH,STABLE,616
SLE,2022,PMON,AFW,ACCELERATING,ACCELERATION_SIGNAL,Résilience monétaire et financière,PRIORITY_STANDARD,STRONG_IMPROVEMENT,98
SLE,2022,PNUM,AFW,PROGRESSING,PROGRESSION_SIGNAL,Souveraineté numérique,PRIORITY_STANDARD,IMPROVEMENT,110
SLE,2022,PRES,AFW,STABLE,STABILITY_SIGNAL,Certification énergie-eau,PRIORITY_STANDARD,STABLE,158
SLE,2022,PTRA,AFW,CRITICAL,DETERIORATION_ALERT,Transport et logistique,PRIORITY_CRITICAL,STRONG_DETERIORATION,297
SLE,2023,PECO,AFW,STABLE,STABILITY_SIGNAL,Diversification économique,PRIORITY_STANDARD,STABLE,163
SLE,2023,PENV,AFW,CRITICAL,DETERIORATION_ALERT,Résilience environnementale,PRIORITY_HIGH,STRONG_DETERIORATION,159
SLE,2023,PGEO,AFW,STABLE,STABILITY_SIGNAL,Gouvernance géopolitique et stabilité,PRIORITY_STANDARD,STABLE,125
SLE,2023,PHUM,AFW,STABLE,STABILITY_SIGNAL,Capital humain,PRIORITY_STANDARD,STABLE,123
SLE,2023,PMIL,AFW,DECLINING,DETERIORATION_ALERT,Résilience sécuritaire,PRIORITY_HIGH,DETERIORATION,149
SLE,2023,PMIN,AFW,STABLE,STABILITY_SIGNAL,Chaîne de valeur minière,PRIORITY_HIGH,STABLE,614
SLE,2023,PMON,AFW,ACCELERATING,ACCELERATION_SIGNAL,Résilience monétaire et financière,PRIORITY_STANDARD,STRONG_IMPROVEMENT,98
SLE,2023,PNUM,AFW,PROGRESSING,PROGRESSION_SIGNAL,Souveraineté numérique,PRIORITY_STANDARD,IMPROVEMENT,145
SLE,2023,PRES,AFW,STABLE,STABILITY_SIGNAL,Certification énergie-eau,PRIORITY_STANDARD,STABLE,251
SLE,2023,PTRA,AFW,CRITICAL,DETERIORATION_ALERT,Transport et logistique,PRIORITY_CRITICAL,STRONG_DETERIORATION,297
SLE,2024,PECO,AFW,STABLE,STABILITY_SIGNAL,Diversification économique,PRIORITY_STANDARD,STABLE,163
SLE,2024,PENV,AFW,CRITICAL,DETERIORATION_ALERT,Résilience environnementale,PRIORITY_HIGH,STRONG_DETERIORATION,190
SLE,2024,PGEO,AFW,STABLE,STABILITY_SIGNAL,Gouvernance géopolitique et stabilité,PRIORITY_STANDARD,STABLE,125
SLE,2024,PHUM,AFW,STABLE,STABILITY_SIGNAL,Capital humain,PRIORITY_STANDARD,STABLE,140
SLE,2024,PMIL,AFW,DECLINING,DETERIORATION_ALERT,Résilience sécuritaire,PRIORITY_HIGH,DETERIORATION,149
SLE,2024,PMIN,AFW,STABLE,STABILITY_SIGNAL,Chaîne de valeur minière,PRIORITY_HIGH,STABLE,616
SLE,2024,PMON,AFW,ACCELERATING,PROGRESSION_SIGNAL,Résilience monétaire et financière,PRIORITY_STANDARD,STRONG_IMPROVEMENT,98
SLE,2024,PNUM,AFW,PROGRESSING,PROGRESSION_SIGNAL,Souveraineté numérique,PRIORITY_STANDARD,IMPROVEMENT,142
SLE,2024,PRES,AFW,STABLE,STABILITY_SIGNAL,Certification énergie-eau,PRIORITY_STANDARD,STABLE,251
SLE,2024,PTRA,AFW,CRITICAL,DETERIORATION_ALERT,Transport et logistique,PRIORITY_CRITICAL,STRONG_DETERIORATION,297
SOM,2020,PECO,AFE,PROGRESSING,PROGRESSION_SIGNAL,Diversification économique,PRIORITY_STANDARD,IMPROVEMENT,200
SOM,2020,PENV,AFE,CRITICAL,DETERIORATION_ALERT,Résilience environnementale,PRIORITY_CRITICAL,STRONG_DETERIORATION,106
SOM,2020,PGEO,AFE,STABLE,STABILITY_SIGNAL,Gouvernance géopolitique et stabilité,PRIORITY_STANDARD,STABLE,120
SOM,2020,PHUM,AFE,PROGRESSING,PROGRESSION_SIGNAL,Capital humain,PRIORITY_STANDARD,IMPROVEMENT,97
SOM,2020,PMIL,AFE,ACCELERATING,ACCELERATION_SIGNAL,Résilience sécuritaire,PRIORITY_STANDARD,STRONG_IMPROVEMENT,85
SOM,2020,PMIN,AFE,PROGRESSING,PROGRESSION_SIGNAL,Chaîne de valeur minière,PRIORITY_STANDARD,IMPROVEMENT,241
SOM,2020,PMON,AFE,PROGRESSING,PROGRESSION_SIGNAL,Résilience monétaire et financière,PRIORITY_STANDARD,IMPROVEMENT,93
SOM,2020,PNUM,AFE,ACCELERATING,PROGRESSION_SIGNAL,Souveraineté numérique,PRIORITY_STANDARD,STRONG_IMPROVEMENT,79
SOM,2020,PRES,AFE,DECLINING,DETERIORATION_ALERT,Certification énergie-eau,PRIORITY_HIGH,DETERIORATION,97
SOM,2020,PTRA,AFE,DECLINING,DETERIORATION_ALERT,Transport et logistique,PRIORITY_HIGH,DETERIORATION,266
SOM,2021,PECO,AFE,PROGRESSING,PROGRESSION_SIGNAL,Diversification économique,PRIORITY_STANDARD,IMPROVEMENT,200
SOM,2021,PENV,AFE,CRITICAL,DETERIORATION_ALERT,Résilience environnementale,PRIORITY_CRITICAL,STRONG_DETERIORATION,108
SOM,2021,PGEO,AFE,STABLE,STABILITY_SIGNAL,Gouvernance géopolitique et stabilité,PRIORITY_STANDARD,STABLE,121
SOM,2021,PHUM,AFE,PROGRESSING,PROGRESSION_SIGNAL,Capital humain,PRIORITY_STANDARD,IMPROVEMENT,97
SOM,2021,PMIL,AFE,ACCELERATING,ACCELERATION_SIGNAL,Résilience sécuritaire,PRIORITY_STANDARD,STRONG_IMPROVEMENT,116
SOM,2021,PMIN,AFE,PROGRESSING,PROGRESSION_SIGNAL,Chaîne de valeur minière,PRIORITY_STANDARD,IMPROVEMENT,241
SOM,2021,PMON,AFE,PROGRESSING,PROGRESSION_SIGNAL,Résilience monétaire et financière,PRIORITY_STANDARD,IMPROVEMENT,93
SOM,2021,PNUM,AFE,ACCELERATING,PROGRESSION_SIGNAL,Souveraineté numérique,PRIORITY_STANDARD,STRONG_IMPROVEMENT,82
SOM,2021,PRES,AFE,DECLINING,DETERIORATION_ALERT,Certification énergie-eau,PRIORITY_HIGH,DETERIORATION,97
SOM,2021,PTRA,AFE,DECLINING,DETERIORATION_ALERT,Transport et logistique,PRIORITY_HIGH,DETERIORATION,266
SOM,2022,PECO,AFE,PROGRESSING,PROGRESSION_SIGNAL,Diversification économique,PRIORITY_STANDARD,IMPROVEMENT,200
SOM,2022,PENV,AFE,CRITICAL,DETERIORATION_ALERT,Résilience environnementale,PRIORITY_CRITICAL,STRONG_DETERIORATION,131
SOM,2022,PGEO,AFE,STABLE,STABILITY_SIGNAL,Gouvernance géopolitique et stabilité,PRIORITY_STANDARD,STABLE,120
SOM,2022,PHUM,AFE,PROGRESSING,PROGRESSION_SIGNAL,Capital humain,PRIORITY_STANDARD,IMPROVEMENT,93
SOM,2022,PMIL,AFE,ACCELERATING,ACCELERATION_SIGNAL,Résilience sécuritaire,PRIORITY_STANDARD,STRONG_IMPROVEMENT,116
SOM,2022,PMIN,AFE,PROGRESSING,PROGRESSION_SIGNAL,Chaîne de valeur minière,PRIORITY_STANDARD,IMPROVEMENT,249
SOM,2022,PMON,AFE,PROGRESSING,PROGRESSION_SIGNAL,Résilience monétaire et financière,PRIORITY_STANDARD,IMPROVEMENT,93
SOM,2022,PNUM,AFE,ACCELERATING,PROGRESSION_SIGNAL,Souveraineté numérique,PRIORITY_STANDARD,STRONG_IMPROVEMENT,79
SOM,2022,PRES,AFE,DECLINING,DETERIORATION_ALERT,Certification énergie-eau,PRIORITY_HIGH,DETERIORATION,159
SOM,2022,PTRA,AFE,DECLINING,DETERIORATION_ALERT,Transport et logistique,PRIORITY_HIGH,DETERIORATION,297
SOM,2023,PECO,AFE,PROGRESSING,PROGRESSION_SIGNAL,Diversification économique,PRIORITY_STANDARD,IMPROVEMENT,200
SOM,2023,PENV,AFE,CRITICAL,DETERIORATION_ALERT,Résilience environnementale,PRIORITY_CRITICAL,STRONG_DETERIORATION,158
SOM,2023,PGEO,AFE,STABLE,STABILITY_SIGNAL,Gouvernance géopolitique et stabilité,PRIORITY_STANDARD,STABLE,120
SOM,2023,PHUM,AFE,PROGRESSING,PROGRESSION_SIGNAL,Capital humain,PRIORITY_STANDARD,IMPROVEMENT,94
SOM,2023,PMIL,AFE,ACCELERATING,ACCELERATION_SIGNAL,Résilience sécuritaire,PRIORITY_STANDARD,STRONG_IMPROVEMENT,117
SOM,2023,PMIN,AFE,PROGRESSING,PROGRESSION_SIGNAL,Chaîne de valeur minière,PRIORITY_STANDARD,IMPROVEMENT,249
SOM,2023,PMON,AFE,PROGRESSING,PROGRESSION_SIGNAL,Résilience monétaire et financière,PRIORITY_STANDARD,IMPROVEMENT,93
SOM,2023,PNUM,AFE,ACCELERATING,PROGRESSION_SIGNAL,Souveraineté numérique,PRIORITY_STANDARD,STRONG_IMPROVEMENT,83
SOM,2023,PRES,AFE,DECLINING,DETERIORATION_ALERT,Certification énergie-eau,PRIORITY_HIGH,DETERIORATION,252
SOM,2023,PTRA,AFE,DECLINING,DETERIORATION_ALERT,Transport et logistique,PRIORITY_HIGH,DETERIORATION,297
SOM,2024,PECO,AFE,PROGRESSING,PROGRESSION_SIGNAL,Diversification économique,PRIORITY_STANDARD,IMPROVEMENT,200
SOM,2024,PENV,AFE,CRITICAL,DETERIORATION_ALERT,Résilience environnementale,PRIORITY_CRITICAL,STRONG_DETERIORATION,166
SOM,2024,PGEO,AFE,STABLE,STABILITY_SIGNAL,Gouvernance géopolitique et stabilité,PRIORITY_STANDARD,STABLE,120
SOM,2024,PHUM,AFE,PROGRESSING,PROGRESSION_SIGNAL,Capital humain,PRIORITY_STANDARD,IMPROVEMENT,99
SOM,2024,PMIL,AFE,ACCELERATING,ACCELERATION_SIGNAL,Résilience sécuritaire,PRIORITY_STANDARD,STRONG_IMPROVEMENT,117
SOM,2024,PMIN,AFE,PROGRESSING,PROGRESSION_SIGNAL,Chaîne de valeur minière,PRIORITY_STANDARD,IMPROVEMENT,249
SOM,2024,PMON,AFE,PROGRESSING,PROGRESSION_SIGNAL,Résilience monétaire et financière,PRIORITY_STANDARD,IMPROVEMENT,93
SOM,2024,PNUM,AFE,ACCELERATING,PROGRESSION_SIGNAL,Souveraineté numérique,PRIORITY_HIGH,STRONG_IMPROVEMENT,142
SOM,2024,PRES,AFE,DECLINING,DETERIORATION_ALERT,Certification énergie-eau,PRIORITY_HIGH,DETERIORATION,252
SOM,2024,PTRA,AFE,DECLINING,DETERIORATION_ALERT,Transport et logistique,PRIORITY_HIGH,DETERIORATION,297
SSD,2020,PECO,AFE,ACCELERATING,PROGRESSION_SIGNAL,Diversification économique,PRIORITY_STANDARD,STRONG_IMPROVEMENT,205
SSD,2020,PENV,AFE,DECLINING,DETERIORATION_ALERT,Résilience environnementale,PRIORITY_HIGH,DETERIORATION,106
SSD,2020,PGEO,AFE,STABLE,STABILITY_SIGNAL,Gouvernance géopolitique et stabilité,PRIORITY_STANDARD,STABLE,122
SSD,2020,PHUM,AFE,PROGRESSING,PROGRESSION_SIGNAL,Capital humain,PRIORITY_STANDARD,IMPROVEMENT,121
SSD,2020,PMIL,AFE,STABLE,STABILITY_SIGNAL,Résilience sécuritaire,PRIORITY_HIGH,STABLE,117
SSD,2020,PMIN,AFE,STABLE,STABILITY_SIGNAL,Chaîne de valeur minière,PRIORITY_STANDARD,STABLE,288
SSD,2020,PMON,AFE,PROGRESSING,PROGRESSION_SIGNAL,Résilience monétaire et financière,PRIORITY_STANDARD,IMPROVEMENT,121
SSD,2020,PNUM,AFE,PROGRESSING,PROGRESSION_SIGNAL,Souveraineté numérique,PRIORITY_STANDARD,IMPROVEMENT,173
SSD,2020,PRES,AFE,DECLINING,DETERIORATION_ALERT,Certification énergie-eau,PRIORITY_HIGH,DETERIORATION,152
SSD,2020,PTRA,AFE,PROGRESSING,PROGRESSION_SIGNAL,Transport et logistique,PRIORITY_STANDARD,IMPROVEMENT,145
SSD,2021,PECO,AFE,ACCELERATING,ACCELERATION_SIGNAL,Diversification économique,PRIORITY_STANDARD,STRONG_IMPROVEMENT,205
SSD,2021,PENV,AFE,DECLINING,DETERIORATION_ALERT,Résilience environnementale,PRIORITY_HIGH,DETERIORATION,108
SSD,2021,PGEO,AFE,STABLE,STABILITY_SIGNAL,Gouvernance géopolitique et stabilité,PRIORITY_STANDARD,STABLE,122
SSD,2021,PHUM,AFE,PROGRESSING,PROGRESSION_SIGNAL,Capital humain,PRIORITY_STANDARD,IMPROVEMENT,121
SSD,2021,PMIL,AFE,STABLE,STABILITY_SIGNAL,Résilience sécuritaire,PRIORITY_STANDARD,STABLE,148
SSD,2021,PMIN,AFE,STABLE,STABILITY_SIGNAL,Chaîne de valeur minière,PRIORITY_STANDARD,STABLE,249
SSD,2021,PMON,AFE,PROGRESSING,PROGRESSION_SIGNAL,Résilience monétaire et financière,PRIORITY_STANDARD,IMPROVEMENT,121
SSD,2021,PNUM,AFE,PROGRESSING,PROGRESSION_SIGNAL,Souveraineté numérique,PRIORITY_STANDARD,IMPROVEMENT,114
SSD,2021,PRES,AFE,DECLINING,DETERIORATION_ALERT,Certification énergie-eau,PRIORITY_HIGH,DETERIORATION,152
SSD,2021,PTRA,AFE,PROGRESSING,PROGRESSION_SIGNAL,Transport et logistique,PRIORITY_STANDARD,IMPROVEMENT,145
SSD,2022,PECO,AFE,ACCELERATING,ACCELERATION_SIGNAL,Diversification économique,PRIORITY_STANDARD,STRONG_IMPROVEMENT,205
SSD,2022,PENV,AFE,DECLINING,DETERIORATION_ALERT,Résilience environnementale,PRIORITY_HIGH,DETERIORATION,154
SSD,2022,PGEO,AFE,STABLE,STABILITY_SIGNAL,Gouvernance géopolitique et stabilité,PRIORITY_STANDARD,STABLE,122
SSD,2022,PHUM,AFE,PROGRESSING,PROGRESSION_SIGNAL,Capital humain,PRIORITY_STANDARD,IMPROVEMENT,121
SSD,2022,PMIL,AFE,STABLE,STABILITY_SIGNAL,Résilience sécuritaire,PRIORITY_STANDARD,STABLE,148
SSD,2022,PMIN,AFE,STABLE,STABILITY_SIGNAL,Chaîne de valeur minière,PRIORITY_STANDARD,STABLE,288
SSD,2022,PMON,AFE,PROGRESSING,PROGRESSION_SIGNAL,Résilience monétaire et financière,PRIORITY_STANDARD,IMPROVEMENT,121
SSD,2022,PNUM,AFE,PROGRESSING,PROGRESSION_SIGNAL,Souveraineté numérique,PRIORITY_STANDARD,IMPROVEMENT,111
SSD,2022,PRES,AFE,DECLINING,DETERIORATION_ALERT,Certification énergie-eau,PRIORITY_HIGH,DETERIORATION,222
SSD,2022,PTRA,AFE,PROGRESSING,PROGRESSION_SIGNAL,Transport et logistique,PRIORITY_STANDARD,IMPROVEMENT,145
SSD,2023,PECO,AFE,ACCELERATING,PROGRESSION_SIGNAL,Diversification économique,PRIORITY_STANDARD,STRONG_IMPROVEMENT,205
SSD,2023,PENV,AFE,DECLINING,DETERIORATION_ALERT,Résilience environnementale,PRIORITY_HIGH,DETERIORATION,158
SSD,2023,PGEO,AFE,STABLE,STABILITY_SIGNAL,Gouvernance géopolitique et stabilité,PRIORITY_STANDARD,STABLE,122
SSD,2023,PHUM,AFE,PROGRESSING,PROGRESSION_SIGNAL,Capital humain,PRIORITY_STANDARD,IMPROVEMENT,122
SSD,2023,PMIL,AFE,STABLE,STABILITY_SIGNAL,Résilience sécuritaire,PRIORITY_STANDARD,STABLE,149
SSD,2023,PMIN,AFE,STABLE,STABILITY_SIGNAL,Chaîne de valeur minière,PRIORITY_STANDARD,STABLE,288
SSD,2023,PMON,AFE,PROGRESSING,PROGRESSION_SIGNAL,Résilience monétaire et financière,PRIORITY_STANDARD,IMPROVEMENT,121
SSD,2023,PNUM,AFE,PROGRESSING,PROGRESSION_SIGNAL,Souveraineté numérique,PRIORITY_STANDARD,IMPROVEMENT,115
SSD,2023,PRES,AFE,DECLINING,DETERIORATION_ALERT,Certification énergie-eau,PRIORITY_HIGH,DETERIORATION,284
SSD,2023,PTRA,AFE,PROGRESSING,PROGRESSION_SIGNAL,Transport et logistique,PRIORITY_STANDARD,IMPROVEMENT,145
SSD,2024,PECO,AFE,ACCELERATING,PROGRESSION_SIGNAL,Diversification économique,PRIORITY_STANDARD,STRONG_IMPROVEMENT,260
SSD,2024,PENV,AFE,DECLINING,DETERIORATION_ALERT,Résilience environnementale,PRIORITY_HIGH,DETERIORATION,166
SSD,2024,PGEO,AFE,STABLE,STABILITY_SIGNAL,Gouvernance géopolitique et stabilité,PRIORITY_STANDARD,STABLE,122
SSD,2024,PHUM,AFE,PROGRESSING,PROGRESSION_SIGNAL,Capital humain,PRIORITY_STANDARD,IMPROVEMENT,124
SSD,2024,PMIL,AFE,STABLE,STABILITY_SIGNAL,Résilience sécuritaire,PRIORITY_STANDARD,STABLE,149
SSD,2024,PMIN,AFE,STABLE,STABILITY_SIGNAL,Chaîne de valeur minière,PRIORITY_STANDARD,STABLE,288
SSD,2024,PMON,AFE,PROGRESSING,PROGRESSION_SIGNAL,Résilience monétaire et financière,PRIORITY_STANDARD,IMPROVEMENT,144
SSD,2024,PNUM,AFE,PROGRESSING,PROGRESSION_SIGNAL,Souveraineté numérique,PRIORITY_STANDARD,IMPROVEMENT,174
SSD,2024,PRES,AFE,DECLINING,DETERIORATION_ALERT,Certification énergie-eau,PRIORITY_HIGH,DETERIORATION,315
SSD,2024,PTRA,AFE,PROGRESSING,PROGRESSION_SIGNAL,Transport et logistique,PRIORITY_STANDARD,IMPROVEMENT,145
STP,2020,PECO,AFC,CRITICAL,DETERIORATION_ALERT,Diversification économique,PRIORITY_HIGH,STRONG_DETERIORATION,215
STP,2020,PENV,AFC,CRITICAL,DETERIORATION_ALERT,Résilience environnementale,PRIORITY_CRITICAL,STRONG_DETERIORATION,105
STP,2020,PGEO,AFC,STABLE,STABILITY_SIGNAL,Gouvernance géopolitique et stabilité,PRIORITY_STANDARD,STABLE,129
STP,2020,PHUM,AFC,CRITICAL,DECLINE_SIGNAL,Capital humain,PRIORITY_HIGH,STRONG_DETERIORATION,119
STP,2020,PMIL,AFC,DECLINING,DETERIORATION_ALERT,Résilience sécuritaire,PRIORITY_HIGH,DETERIORATION,118
STP,2020,PMIN,AFC,STABLE,STABILITY_SIGNAL,Chaîne de valeur minière,PRIORITY_STANDARD,STABLE,278
STP,2020,PMON,AFC,DECLINING,DETERIORATION_ALERT,Résilience monétaire et financière,PRIORITY_HIGH,DETERIORATION,95
STP,2020,PNUM,AFC,DECLINING,DETERIORATION_ALERT,Souveraineté numérique,PRIORITY_HIGH,DETERIORATION,111
STP,2020,PRES,AFC,CRITICAL,DETERIORATION_ALERT,Certification énergie-eau,PRIORITY_CRITICAL,STRONG_DETERIORATION,97
STP,2020,PTRA,AFC,PROGRESSING,PROGRESSION_SIGNAL,Transport et logistique,PRIORITY_STANDARD,IMPROVEMENT,149
STP,2021,PECO,AFC,CRITICAL,DETERIORATION_ALERT,Diversification économique,PRIORITY_HIGH,STRONG_DETERIORATION,215
STP,2021,PENV,AFC,CRITICAL,DETERIORATION_ALERT,Résilience environnementale,PRIORITY_CRITICAL,STRONG_DETERIORATION,107
STP,2021,PGEO,AFC,STABLE,STABILITY_SIGNAL,Gouvernance géopolitique et stabilité,PRIORITY_STANDARD,STABLE,128
STP,2021,PHUM,AFC,CRITICAL,DECLINE_SIGNAL,Capital humain,PRIORITY_HIGH,STRONG_DETERIORATION,119
STP,2021,PMIL,AFC,DECLINING,DETERIORATION_ALERT,Résilience sécuritaire,PRIORITY_HIGH,DETERIORATION,118
STP,2021,PMIN,AFC,STABLE,STABILITY_SIGNAL,Chaîne de valeur minière,PRIORITY_STANDARD,STABLE,279
STP,2021,PMON,AFC,DECLINING,DETERIORATION_ALERT,Résilience monétaire et financière,PRIORITY_HIGH,DETERIORATION,95
STP,2021,PNUM,AFC,DECLINING,DETERIORATION_ALERT,Souveraineté numérique,PRIORITY_HIGH,DETERIORATION,114
STP,2021,PRES,AFC,CRITICAL,DETERIORATION_ALERT,Certification énergie-eau,PRIORITY_CRITICAL,STRONG_DETERIORATION,97
STP,2021,PTRA,AFC,PROGRESSING,PROGRESSION_SIGNAL,Transport et logistique,PRIORITY_STANDARD,IMPROVEMENT,149
STP,2022,PECO,AFC,CRITICAL,DETERIORATION_ALERT,Diversification économique,PRIORITY_HIGH,STRONG_DETERIORATION,215
STP,2022,PENV,AFC,CRITICAL,DETERIORATION_ALERT,Résilience environnementale,PRIORITY_CRITICAL,STRONG_DETERIORATION,130
STP,2022,PGEO,AFC,STABLE,STABILITY_SIGNAL,Gouvernance géopolitique et stabilité,PRIORITY_STANDARD,STABLE,128
STP,2022,PHUM,AFC,CRITICAL,DECLINE_SIGNAL,Capital humain,PRIORITY_HIGH,STRONG_DETERIORATION,119
STP,2022,PMIL,AFC,DECLINING,DETERIORATION_ALERT,Résilience sécuritaire,PRIORITY_HIGH,DETERIORATION,118
STP,2022,PMIN,AFC,STABLE,STABILITY_SIGNAL,Chaîne de valeur minière,PRIORITY_STANDARD,STABLE,287
STP,2022,PMON,AFC,DECLINING,DETERIORATION_ALERT,Résilience monétaire et financière,PRIORITY_HIGH,DETERIORATION,95
STP,2022,PNUM,AFC,DECLINING,DETERIORATION_ALERT,Souveraineté numérique,PRIORITY_HIGH,DETERIORATION,111
STP,2022,PRES,AFC,CRITICAL,DETERIORATION_ALERT,Certification énergie-eau,PRIORITY_CRITICAL,STRONG_DETERIORATION,159
STP,2022,PTRA,AFC,PROGRESSING,PROGRESSION_SIGNAL,Transport et logistique,PRIORITY_STANDARD,IMPROVEMENT,180
STP,2023,PECO,AFC,CRITICAL,DETERIORATION_ALERT,Diversification économique,PRIORITY_HIGH,STRONG_DETERIORATION,215
STP,2023,PENV,AFC,CRITICAL,DETERIORATION_ALERT,Résilience environnementale,PRIORITY_CRITICAL,STRONG_DETERIORATION,157
STP,2023,PGEO,AFC,STABLE,STABILITY_SIGNAL,Gouvernance géopolitique et stabilité,PRIORITY_STANDARD,STABLE,129
STP,2023,PHUM,AFC,CRITICAL,DECLINE_SIGNAL,Capital humain,PRIORITY_CRITICAL,STRONG_DETERIORATION,120
STP,2023,PMIL,AFC,DECLINING,DETERIORATION_ALERT,Résilience sécuritaire,PRIORITY_HIGH,DETERIORATION,119
STP,2023,PMIN,AFC,STABLE,STABILITY_SIGNAL,Chaîne de valeur minière,PRIORITY_STANDARD,STABLE,326
STP,2023,PMON,AFC,DECLINING,DETERIORATION_ALERT,Résilience monétaire et financière,PRIORITY_HIGH,DETERIORATION,95
STP,2023,PNUM,AFC,DECLINING,DETERIORATION_ALERT,Souveraineté numérique,PRIORITY_HIGH,DETERIORATION,115
STP,2023,PRES,AFC,CRITICAL,DETERIORATION_ALERT,Certification énergie-eau,PRIORITY_CRITICAL,STRONG_DETERIORATION,252
STP,2023,PTRA,AFC,PROGRESSING,PROGRESSION_SIGNAL,Transport et logistique,PRIORITY_STANDARD,IMPROVEMENT,180
STP,2024,PECO,AFC,CRITICAL,DETERIORATION_ALERT,Diversification économique,PRIORITY_HIGH,STRONG_DETERIORATION,215
STP,2024,PENV,AFC,CRITICAL,DETERIORATION_ALERT,Résilience environnementale,PRIORITY_CRITICAL,STRONG_DETERIORATION,165
STP,2024,PGEO,AFC,STABLE,STABILITY_SIGNAL,Gouvernance géopolitique et stabilité,PRIORITY_STANDARD,STABLE,129
STP,2024,PHUM,AFC,CRITICAL,DECLINE_SIGNAL,Capital humain,PRIORITY_CRITICAL,STRONG_DETERIORATION,125
STP,2024,PMIL,AFC,DECLINING,DETERIORATION_ALERT,Résilience sécuritaire,PRIORITY_HIGH,DETERIORATION,119
STP,2024,PMIN,AFC,STABLE,STABILITY_SIGNAL,Chaîne de valeur minière,PRIORITY_STANDARD,STABLE,328
STP,2024,PMON,AFC,DECLINING,DETERIORATION_ALERT,Résilience monétaire et financière,PRIORITY_HIGH,DETERIORATION,126
STP,2024,PNUM,AFC,DECLINING,DETERIORATION_ALERT,Souveraineté numérique,PRIORITY_HIGH,DETERIORATION,112
STP,2024,PRES,AFC,CRITICAL,DETERIORATION_ALERT,Certification énergie-eau,PRIORITY_CRITICAL,STRONG_DETERIORATION,252
STP,2024,PTRA,AFC,PROGRESSING,PROGRESSION_SIGNAL,Transport et logistique,PRIORITY_STANDARD,IMPROVEMENT,297
SWZ,2020,PECO,AFS,DECLINING,DECLINE_SIGNAL,Diversification économique,PRIORITY_HIGH,DETERIORATION,147
SWZ,2020,PENV,AFS,CRITICAL,DECLINE_SIGNAL,Résilience environnementale,PRIORITY_HIGH,STRONG_DETERIORATION,106
SWZ,2020,PGEO,AFS,STABLE,STABILITY_SIGNAL,Gouvernance géopolitique et stabilité,PRIORITY_STANDARD,STABLE,130
SWZ,2020,PHUM,AFS,DECLINING,DECLINE_SIGNAL,Capital humain,PRIORITY_HIGH,DETERIORATION,119
SWZ,2020,PMIL,AFS,CRITICAL,DETERIORATION_ALERT,Résilience sécuritaire,PRIORITY_CRITICAL,STRONG_DETERIORATION,117
SWZ,2020,PMIN,AFS,DECLINING,DETERIORATION_ALERT,Chaîne de valeur minière,PRIORITY_HIGH,DETERIORATION,322
SWZ,2020,PMON,AFS,DECLINING,DETERIORATION_ALERT,Résilience monétaire et financière,PRIORITY_HIGH,DETERIORATION,128
SWZ,2020,PNUM,AFS,STABLE,STABILITY_SIGNAL,Souveraineté numérique,PRIORITY_STANDARD,STABLE,111
SWZ,2020,PRES,AFS,DECLINING,DETERIORATION_ALERT,Certification énergie-eau,PRIORITY_HIGH,DETERIORATION,98
SWZ,2020,PTRA,AFS,PROGRESSING,PROGRESSION_SIGNAL,Transport et logistique,PRIORITY_STANDARD,IMPROVEMENT,115
SWZ,2021,PECO,AFS,DECLINING,DETERIORATION_ALERT,Diversification économique,PRIORITY_HIGH,DETERIORATION,143
SWZ,2021,PENV,AFS,CRITICAL,DECLINE_SIGNAL,Résilience environnementale,PRIORITY_CRITICAL,STRONG_DETERIORATION,108
SWZ,2021,PGEO,AFS,STABLE,STABILITY_SIGNAL,Gouvernance géopolitique et stabilité,PRIORITY_STANDARD,STABLE,130
SWZ,2021,PHUM,AFS,DECLINING,DECLINE_SIGNAL,Capital humain,PRIORITY_HIGH,DETERIORATION,119
SWZ,2021,PMIL,AFS,CRITICAL,DETERIORATION_ALERT,Résilience sécuritaire,PRIORITY_CRITICAL,STRONG_DETERIORATION,86
SWZ,2021,PMIN,AFS,DECLINING,DETERIORATION_ALERT,Chaîne de valeur minière,PRIORITY_HIGH,DETERIORATION,283
SWZ,2021,PMON,AFS,DECLINING,DETERIORATION_ALERT,Résilience monétaire et financière,PRIORITY_HIGH,DETERIORATION,128
SWZ,2021,PNUM,AFS,STABLE,STABILITY_SIGNAL,Souveraineté numérique,PRIORITY_STANDARD,STABLE,114
SWZ,2021,PRES,AFS,DECLINING,DETERIORATION_ALERT,Certification énergie-eau,PRIORITY_HIGH,DETERIORATION,98
SWZ,2021,PTRA,AFS,PROGRESSING,PROGRESSION_SIGNAL,Transport et logistique,PRIORITY_STANDARD,IMPROVEMENT,115
SWZ,2022,PECO,AFS,DECLINING,DETERIORATION_ALERT,Diversification économique,PRIORITY_HIGH,DETERIORATION,943
SWZ,2022,PENV,AFS,CRITICAL,DETERIORATION_ALERT,Résilience environnementale,PRIORITY_CRITICAL,STRONG_DETERIORATION,131
SWZ,2022,PGEO,AFS,STABLE,STABILITY_SIGNAL,Gouvernance géopolitique et stabilité,PRIORITY_STANDARD,STABLE,481
SWZ,2022,PHUM,AFS,DECLINING,DECLINE_SIGNAL,Capital humain,PRIORITY_HIGH,DETERIORATION,119
SWZ,2022,PMIL,AFS,CRITICAL,DETERIORATION_ALERT,Résilience sécuritaire,PRIORITY_CRITICAL,STRONG_DETERIORATION,117
SWZ,2022,PMIN,AFS,DECLINING,DETERIORATION_ALERT,Chaîne de valeur minière,PRIORITY_HIGH,DETERIORATION,330
SWZ,2022,PMON,AFS,DECLINING,DETERIORATION_ALERT,Résilience monétaire et financière,PRIORITY_HIGH,DETERIORATION,159
SWZ,2022,PNUM,AFS,STABLE,STABILITY_SIGNAL,Souveraineté numérique,PRIORITY_STANDARD,STABLE,111
SWZ,2022,PRES,AFS,DECLINING,DETERIORATION_ALERT,Certification énergie-eau,PRIORITY_HIGH,DETERIORATION,160
SWZ,2022,PTRA,AFS,PROGRESSING,PROGRESSION_SIGNAL,Transport et logistique,PRIORITY_STANDARD,IMPROVEMENT,115
SWZ,2023,PECO,AFS,DECLINING,DETERIORATION_ALERT,Diversification économique,PRIORITY_HIGH,DETERIORATION,939
SWZ,2023,PENV,AFS,CRITICAL,DETERIORATION_ALERT,Résilience environnementale,PRIORITY_CRITICAL,STRONG_DETERIORATION,158
SWZ,2023,PGEO,AFS,STABLE,STABILITY_SIGNAL,Gouvernance géopolitique et stabilité,PRIORITY_STANDARD,STABLE,481
SWZ,2023,PHUM,AFS,DECLINING,DECLINE_SIGNAL,Capital humain,PRIORITY_HIGH,DETERIORATION,120
SWZ,2023,PMIL,AFS,CRITICAL,DETERIORATION_ALERT,Résilience sécuritaire,PRIORITY_CRITICAL,STRONG_DETERIORATION,118
SWZ,2023,PMIN,AFS,DECLINING,DETERIORATION_ALERT,Chaîne de valeur minière,PRIORITY_HIGH,DETERIORATION,330
SWZ,2023,PMON,AFS,DECLINING,DECLINE_SIGNAL,Résilience monétaire et financière,PRIORITY_HIGH,DETERIORATION,190
SWZ,2023,PNUM,AFS,STABLE,STABILITY_SIGNAL,Souveraineté numérique,PRIORITY_STANDARD,STABLE,115
SWZ,2023,PRES,AFS,DECLINING,DETERIORATION_ALERT,Certification énergie-eau,PRIORITY_HIGH,DETERIORATION,253
SWZ,2023,PTRA,AFS,PROGRESSING,PROGRESSION_SIGNAL,Transport et logistique,PRIORITY_STANDARD,IMPROVEMENT,154
SWZ,2024,PECO,AFS,DECLINING,DETERIORATION_ALERT,Diversification économique,PRIORITY_HIGH,DETERIORATION,943
SWZ,2024,PENV,AFS,CRITICAL,DETERIORATION_ALERT,Résilience environnementale,PRIORITY_CRITICAL,STRONG_DETERIORATION,166
SWZ,2024,PGEO,AFS,STABLE,STABILITY_SIGNAL,Gouvernance géopolitique et stabilité,PRIORITY_STANDARD,STABLE,481
SWZ,2024,PHUM,AFS,DECLINING,DECLINE_SIGNAL,Capital humain,PRIORITY_HIGH,DETERIORATION,125
SWZ,2024,PMIL,AFS,CRITICAL,DETERIORATION_ALERT,Résilience sécuritaire,PRIORITY_CRITICAL,STRONG_DETERIORATION,118
SWZ,2024,PMIN,AFS,DECLINING,DETERIORATION_ALERT,Chaîne de valeur minière,PRIORITY_HIGH,DETERIORATION,449
SWZ,2024,PMON,AFS,DECLINING,DETERIORATION_ALERT,Résilience monétaire et financière,PRIORITY_HIGH,DETERIORATION,221
SWZ,2024,PNUM,AFS,STABLE,STABILITY_SIGNAL,Souveraineté numérique,PRIORITY_STANDARD,STABLE,112
SWZ,2024,PRES,AFS,DECLINING,DETERIORATION_ALERT,Certification énergie-eau,PRIORITY_HIGH,DETERIORATION,284
SWZ,2024,PTRA,AFS,PROGRESSING,PROGRESSION_SIGNAL,Transport et logistique,PRIORITY_STANDARD,IMPROVEMENT,193
SYC,2020,PECO,AFE,CRITICAL,DECLINE_SIGNAL,Diversification économique,PRIORITY_CRITICAL,STRONG_DETERIORATION,269
SYC,2020,PENV,AFE,DECLINING,DETERIORATION_ALERT,Résilience environnementale,PRIORITY_HIGH,DETERIORATION,131
SYC,2020,PGEO,AFE,STABLE,STABILITY_SIGNAL,Gouvernance géopolitique et stabilité,PRIORITY_STANDARD,STABLE,126
SYC,2020,PHUM,AFE,DECLINING,DECLINE_SIGNAL,Capital humain,PRIORITY_STANDARD,DETERIORATION,121
SYC,2020,PMIL,AFE,CRITICAL,DETERIORATION_ALERT,Résilience sécuritaire,PRIORITY_CRITICAL,STRONG_DETERIORATION,86
SYC,2020,PMIN,AFE,STABLE,STABILITY_SIGNAL,Chaîne de valeur minière,PRIORITY_STANDARD,STABLE,279
SYC,2020,PMON,AFE,STABLE,STABILITY_SIGNAL,Résilience monétaire et financière,PRIORITY_STANDARD,STABLE,130
SYC,2020,PNUM,AFE,PROGRESSING,PROGRESSION_SIGNAL,Souveraineté numérique,PRIORITY_STANDARD,IMPROVEMENT,80
SYC,2020,PRES,AFE,CRITICAL,DETERIORATION_ALERT,Certification énergie-eau,PRIORITY_CRITICAL,STRONG_DETERIORATION,95
SYC,2020,PTRA,AFE,CRITICAL,DETERIORATION_ALERT,Transport et logistique,PRIORITY_HIGH,STRONG_DETERIORATION,196
SYC,2021,PECO,AFE,CRITICAL,DECLINE_SIGNAL,Diversification économique,PRIORITY_CRITICAL,STRONG_DETERIORATION,273
SYC,2021,PENV,AFE,DECLINING,DETERIORATION_ALERT,Résilience environnementale,PRIORITY_HIGH,DETERIORATION,133
SYC,2021,PGEO,AFE,STABLE,STABILITY_SIGNAL,Gouvernance géopolitique et stabilité,PRIORITY_STANDARD,STABLE,126
SYC,2021,PHUM,AFE,DECLINING,DECLINE_SIGNAL,Capital humain,PRIORITY_STANDARD,DETERIORATION,121
SYC,2021,PMIL,AFE,CRITICAL,DETERIORATION_ALERT,Résilience sécuritaire,PRIORITY_CRITICAL,STRONG_DETERIORATION,117
SYC,2021,PMIN,AFE,STABLE,STABILITY_SIGNAL,Chaîne de valeur minière,PRIORITY_STANDARD,STABLE,280
SYC,2021,PMON,AFE,STABLE,STABILITY_SIGNAL,Résilience monétaire et financière,PRIORITY_STANDARD,STABLE,130
SYC,2021,PNUM,AFE,PROGRESSING,PROGRESSION_SIGNAL,Souveraineté numérique,PRIORITY_STANDARD,IMPROVEMENT,83
SYC,2021,PRES,AFE,CRITICAL,DETERIORATION_ALERT,Certification énergie-eau,PRIORITY_CRITICAL,STRONG_DETERIORATION,95
SYC,2021,PTRA,AFE,CRITICAL,DETERIORATION_ALERT,Transport et logistique,PRIORITY_HIGH,STRONG_DETERIORATION,196
SYC,2022,PECO,AFE,CRITICAL,DECLINE_SIGNAL,Diversification économique,PRIORITY_CRITICAL,STRONG_DETERIORATION,273
SYC,2022,PENV,AFE,DECLINING,DETERIORATION_ALERT,Résilience environnementale,PRIORITY_HIGH,DETERIORATION,156
SYC,2022,PGEO,AFE,STABLE,STABILITY_SIGNAL,Gouvernance géopolitique et stabilité,PRIORITY_STANDARD,STABLE,128
SYC,2022,PHUM,AFE,DECLINING,DECLINE_SIGNAL,Capital humain,PRIORITY_STANDARD,DETERIORATION,121
SYC,2022,PMIL,AFE,CRITICAL,DETERIORATION_ALERT,Résilience sécuritaire,PRIORITY_CRITICAL,STRONG_DETERIORATION,118
SYC,2022,PMIN,AFE,STABLE,STABILITY_SIGNAL,Chaîne de valeur minière,PRIORITY_STANDARD,STABLE,288
SYC,2022,PMON,AFE,STABLE,STABILITY_SIGNAL,Résilience monétaire et financière,PRIORITY_STANDARD,STABLE,161
SYC,2022,PNUM,AFE,PROGRESSING,PROGRESSION_SIGNAL,Souveraineté numérique,PRIORITY_STANDARD,IMPROVEMENT,80
SYC,2022,PRES,AFE,CRITICAL,DETERIORATION_ALERT,Certification énergie-eau,PRIORITY_CRITICAL,STRONG_DETERIORATION,157
SYC,2022,PTRA,AFE,CRITICAL,DETERIORATION_ALERT,Transport et logistique,PRIORITY_CRITICAL,STRONG_DETERIORATION,227
SYC,2023,PECO,AFE,CRITICAL,DECLINE_SIGNAL,Diversification économique,PRIORITY_CRITICAL,STRONG_DETERIORATION,269
SYC,2023,PENV,AFE,DECLINING,DETERIORATION_ALERT,Résilience environnementale,PRIORITY_HIGH,DETERIORATION,181
SYC,2023,PGEO,AFE,STABLE,STABILITY_SIGNAL,Gouvernance géopolitique et stabilité,PRIORITY_STANDARD,STABLE,128
SYC,2023,PHUM,AFE,DECLINING,DECLINE_SIGNAL,Capital humain,PRIORITY_STANDARD,DETERIORATION,122
SYC,2023,PMIL,AFE,CRITICAL,DETERIORATION_ALERT,Résilience sécuritaire,PRIORITY_CRITICAL,STRONG_DETERIORATION,150
SYC,2023,PMIN,AFE,STABLE,STABILITY_SIGNAL,Chaîne de valeur minière,PRIORITY_STANDARD,STABLE,288
SYC,2023,PMON,AFE,STABLE,STABILITY_SIGNAL,Résilience monétaire et financière,PRIORITY_STANDARD,STABLE,161
SYC,2023,PNUM,AFE,PROGRESSING,PROGRESSION_SIGNAL,Souveraineté numérique,PRIORITY_STANDARD,IMPROVEMENT,84
SYC,2023,PRES,AFE,CRITICAL,DETERIORATION_ALERT,Certification énergie-eau,PRIORITY_CRITICAL,STRONG_DETERIORATION,188
SYC,2023,PTRA,AFE,CRITICAL,DETERIORATION_ALERT,Transport et logistique,PRIORITY_CRITICAL,STRONG_DETERIORATION,227
SYC,2024,PECO,AFE,CRITICAL,DECLINE_SIGNAL,Diversification économique,PRIORITY_CRITICAL,STRONG_DETERIORATION,269
SYC,2024,PENV,AFE,DECLINING,DETERIORATION_ALERT,Résilience environnementale,PRIORITY_HIGH,DETERIORATION,166
SYC,2024,PGEO,AFE,STABLE,STABILITY_SIGNAL,Gouvernance géopolitique et stabilité,PRIORITY_STANDARD,STABLE,128
SYC,2024,PHUM,AFE,DECLINING,DECLINE_SIGNAL,Capital humain,PRIORITY_STANDARD,DETERIORATION,124
SYC,2024,PMIL,AFE,CRITICAL,DETERIORATION_ALERT,Résilience sécuritaire,PRIORITY_CRITICAL,STRONG_DETERIORATION,150
SYC,2024,PMIN,AFE,STABLE,STABILITY_SIGNAL,Chaîne de valeur minière,PRIORITY_STANDARD,STABLE,288
SYC,2024,PMON,AFE,STABLE,STABILITY_SIGNAL,Résilience monétaire et financière,PRIORITY_STANDARD,STABLE,161
SYC,2024,PNUM,AFE,PROGRESSING,PROGRESSION_SIGNAL,Souveraineté numérique,PRIORITY_STANDARD,IMPROVEMENT,81
SYC,2024,PRES,AFE,CRITICAL,DETERIORATION_ALERT,Certification énergie-eau,PRIORITY_CRITICAL,STRONG_DETERIORATION,188
SYC,2024,PTRA,AFE,CRITICAL,DETERIORATION_ALERT,Transport et logistique,PRIORITY_CRITICAL,STRONG_DETERIORATION,344
TCD,2020,PECO,AFC,DECLINING,DECLINE_SIGNAL,Diversification économique,PRIORITY_HIGH,DETERIORATION,217
TCD,2020,PENV,AFC,DECLINING,DETERIORATION_ALERT,Résilience environnementale,PRIORITY_HIGH,DETERIORATION,106
TCD,2020,PGEO,AFC,DECLINING,DETERIORATION_ALERT,Gouvernance géopolitique et stabilité,PRIORITY_HIGH,DETERIORATION,123
TCD,2020,PHUM,AFC,STABLE,STABILITY_SIGNAL,Capital humain,PRIORITY_HIGH,STABLE,121
TCD,2020,PMIL,AFC,ACCELERATING,PROGRESSION_SIGNAL,Résilience sécuritaire,PRIORITY_STANDARD,STRONG_IMPROVEMENT,85
TCD,2020,PMIN,AFC,STABLE,STABILITY_SIGNAL,Chaîne de valeur minière,PRIORITY_STANDARD,STABLE,363
TCD,2020,PMON,AFC,CRITICAL,DETERIORATION_ALERT,Résilience monétaire et financière,PRIORITY_CRITICAL,STRONG_DETERIORATION,97
TCD,2020,PNUM,AFC,PROGRESSING,PROGRESSION_SIGNAL,Souveraineté numérique,PRIORITY_STANDARD,IMPROVEMENT,80
TCD,2020,PRES,AFC,DECLINING,DETERIORATION_ALERT,Certification énergie-eau,PRIORITY_HIGH,DETERIORATION,98
TCD,2020,PTRA,AFC,CRITICAL,DETERIORATION_ALERT,Transport et logistique,PRIORITY_CRITICAL,STRONG_DETERIORATION,225
TCD,2021,PECO,AFC,DECLINING,DECLINE_SIGNAL,Diversification économique,PRIORITY_HIGH,DETERIORATION,217
TCD,2021,PENV,AFC,DECLINING,DETERIORATION_ALERT,Résilience environnementale,PRIORITY_HIGH,DETERIORATION,108
TCD,2021,PGEO,AFC,DECLINING,DETERIORATION_ALERT,Gouvernance géopolitique et stabilité,PRIORITY_HIGH,DETERIORATION,123
TCD,2021,PHUM,AFC,STABLE,STABILITY_SIGNAL,Capital humain,PRIORITY_HIGH,STABLE,121
TCD,2021,PMIL,AFC,ACCELERATING,ACCELERATION_SIGNAL,Résilience sécuritaire,PRIORITY_STANDARD,STRONG_IMPROVEMENT,116
TCD,2021,PMIN,AFC,STABLE,STABILITY_SIGNAL,Chaîne de valeur minière,PRIORITY_STANDARD,STABLE,285
TCD,2021,PMON,AFC,CRITICAL,DETERIORATION_ALERT,Résilience monétaire et financière,PRIORITY_CRITICAL,STRONG_DETERIORATION,97
TCD,2021,PNUM,AFC,PROGRESSING,PROGRESSION_SIGNAL,Souveraineté numérique,PRIORITY_STANDARD,IMPROVEMENT,114
TCD,2021,PRES,AFC,DECLINING,DETERIORATION_ALERT,Certification énergie-eau,PRIORITY_HIGH,DETERIORATION,98
TCD,2021,PTRA,AFC,CRITICAL,DETERIORATION_ALERT,Transport et logistique,PRIORITY_CRITICAL,STRONG_DETERIORATION,225
TCD,2022,PECO,AFC,DECLINING,DECLINE_SIGNAL,Diversification économique,PRIORITY_HIGH,DETERIORATION,214
TCD,2022,PENV,AFC,DECLINING,DETERIORATION_ALERT,Résilience environnementale,PRIORITY_HIGH,DETERIORATION,131
TCD,2022,PGEO,AFC,DECLINING,DETERIORATION_ALERT,Gouvernance géopolitique et stabilité,PRIORITY_HIGH,DETERIORATION,123
TCD,2022,PHUM,AFC,STABLE,STABILITY_SIGNAL,Capital humain,PRIORITY_STANDARD,STABLE,98
TCD,2022,PMIL,AFC,ACCELERATING,ACCELERATION_SIGNAL,Résilience sécuritaire,PRIORITY_STANDARD,STRONG_IMPROVEMENT,116
TCD,2022,PMIN,AFC,STABLE,STABILITY_SIGNAL,Chaîne de valeur minière,PRIORITY_STANDARD,STABLE,371
TCD,2022,PMON,AFC,CRITICAL,DETERIORATION_ALERT,Résilience monétaire et financière,PRIORITY_CRITICAL,STRONG_DETERIORATION,159
TCD,2022,PNUM,AFC,PROGRESSING,PROGRESSION_SIGNAL,Souveraineté numérique,PRIORITY_STANDARD,IMPROVEMENT,111
TCD,2022,PRES,AFC,DECLINING,DETERIORATION_ALERT,Certification énergie-eau,PRIORITY_HIGH,DETERIORATION,191
TCD,2022,PTRA,AFC,CRITICAL,DETERIORATION_ALERT,Transport et logistique,PRIORITY_CRITICAL,STRONG_DETERIORATION,225
TCD,2023,PECO,AFC,DECLINING,DECLINE_SIGNAL,Diversification économique,PRIORITY_HIGH,DETERIORATION,217
TCD,2023,PENV,AFC,DECLINING,DETERIORATION_ALERT,Résilience environnementale,PRIORITY_HIGH,DETERIORATION,158
TCD,2023,PGEO,AFC,DECLINING,DETERIORATION_ALERT,Gouvernance géopolitique et stabilité,PRIORITY_HIGH,DETERIORATION,123
TCD,2023,PHUM,AFC,STABLE,STABILITY_SIGNAL,Capital humain,PRIORITY_HIGH,STABLE,122
TCD,2023,PMIL,AFC,ACCELERATING,PROGRESSION_SIGNAL,Résilience sécuritaire,PRIORITY_STANDARD,STRONG_IMPROVEMENT,117
TCD,2023,PMIN,AFC,STABLE,STABILITY_SIGNAL,Chaîne de valeur minière,PRIORITY_STANDARD,STABLE,371
TCD,2023,PMON,AFC,CRITICAL,DETERIORATION_ALERT,Résilience monétaire et financière,PRIORITY_CRITICAL,STRONG_DETERIORATION,159
TCD,2023,PNUM,AFC,PROGRESSING,PROGRESSION_SIGNAL,Souveraineté numérique,PRIORITY_STANDARD,IMPROVEMENT,115
TCD,2023,PRES,AFC,DECLINING,DETERIORATION_ALERT,Certification énergie-eau,PRIORITY_HIGH,DETERIORATION,284
TCD,2023,PTRA,AFC,CRITICAL,DETERIORATION_ALERT,Transport et logistique,PRIORITY_CRITICAL,STRONG_DETERIORATION,225
TCD,2024,PECO,AFC,DECLINING,DECLINE_SIGNAL,Diversification économique,PRIORITY_HIGH,DETERIORATION,217
TCD,2024,PENV,AFC,DECLINING,DETERIORATION_ALERT,Résilience environnementale,PRIORITY_HIGH,DETERIORATION,166
TCD,2024,PGEO,AFC,DECLINING,DETERIORATION_ALERT,Gouvernance géopolitique et stabilité,PRIORITY_HIGH,DETERIORATION,123
TCD,2024,PHUM,AFC,STABLE,STABILITY_SIGNAL,Capital humain,PRIORITY_HIGH,STABLE,138
TCD,2024,PMIL,AFC,ACCELERATING,PROGRESSION_SIGNAL,Résilience sécuritaire,PRIORITY_STANDARD,STRONG_IMPROVEMENT,117
TCD,2024,PMIN,AFC,STABLE,STABILITY_SIGNAL,Chaîne de valeur minière,PRIORITY_STANDARD,STABLE,371
TCD,2024,PMON,AFC,CRITICAL,DETERIORATION_ALERT,Résilience monétaire et financière,PRIORITY_CRITICAL,STRONG_DETERIORATION,190
TCD,2024,PNUM,AFC,PROGRESSING,PROGRESSION_SIGNAL,Souveraineté numérique,PRIORITY_STANDARD,IMPROVEMENT,112
TCD,2024,PRES,AFC,DECLINING,DETERIORATION_ALERT,Certification énergie-eau,PRIORITY_HIGH,DETERIORATION,315
TCD,2024,PTRA,AFC,CRITICAL,DETERIORATION_ALERT,Transport et logistique,PRIORITY_CRITICAL,STRONG_DETERIORATION,225
TGO,2020,PECO,AFW,DECLINING,DECLINE_SIGNAL,Diversification économique,PRIORITY_HIGH,DETERIORATION,156
TGO,2020,PENV,AFW,CRITICAL,DETERIORATION_ALERT,Résilience environnementale,PRIORITY_CRITICAL,STRONG_DETERIORATION,107
TGO,2020,PGEO,AFW,DECLINING,DECLINE_SIGNAL,Gouvernance géopolitique et stabilité,PRIORITY_HIGH,DETERIORATION,121
TGO,2020,PHUM,AFW,STABLE,STABILITY_SIGNAL,Capital humain,PRIORITY_STANDARD,STABLE,123
TGO,2020,PMIL,AFW,STABLE,STABILITY_SIGNAL,Résilience sécuritaire,PRIORITY_STANDARD,STABLE,85
TGO,2020,PMIN,AFW,PROGRESSING,PROGRESSION_SIGNAL,Chaîne de valeur minière,PRIORITY_STANDARD,IMPROVEMENT,445
TGO,2020,PMON,AFW,DECLINING,DETERIORATION_ALERT,Résilience monétaire et financière,PRIORITY_HIGH,DETERIORATION,160
TGO,2020,PNUM,AFW,PROGRESSING,PROGRESSION_SIGNAL,Souveraineté numérique,PRIORITY_STANDARD,IMPROVEMENT,80
TGO,2020,PRES,AFW,CRITICAL,DETERIORATION_ALERT,Certification énergie-eau,PRIORITY_CRITICAL,STRONG_DETERIORATION,98
TGO,2020,PTRA,AFW,DECLINING,DETERIORATION_ALERT,Transport et logistique,PRIORITY_HIGH,DETERIORATION,110
TGO,2021,PECO,AFW,DECLINING,DECLINE_SIGNAL,Diversification économique,PRIORITY_HIGH,DETERIORATION,156
TGO,2021,PENV,AFW,CRITICAL,DETERIORATION_ALERT,Résilience environnementale,PRIORITY_CRITICAL,STRONG_DETERIORATION,109
TGO,2021,PGEO,AFW,DECLINING,DECLINE_SIGNAL,Gouvernance géopolitique et stabilité,PRIORITY_HIGH,DETERIORATION,121
TGO,2021,PHUM,AFW,STABLE,STABILITY_SIGNAL,Capital humain,PRIORITY_STANDARD,STABLE,100
TGO,2021,PMIL,AFW,STABLE,STABILITY_SIGNAL,Résilience sécuritaire,PRIORITY_STANDARD,STABLE,116
TGO,2021,PMIN,AFW,PROGRESSING,PROGRESSION_SIGNAL,Chaîne de valeur minière,PRIORITY_STANDARD,IMPROVEMENT,289
TGO,2021,PMON,AFW,DECLINING,DECLINE_SIGNAL,Résilience monétaire et financière,PRIORITY_HIGH,DETERIORATION,183
TGO,2021,PNUM,AFW,PROGRESSING,PROGRESSION_SIGNAL,Souveraineté numérique,PRIORITY_STANDARD,IMPROVEMENT,114
TGO,2021,PRES,AFW,CRITICAL,DETERIORATION_ALERT,Certification énergie-eau,PRIORITY_CRITICAL,STRONG_DETERIORATION,98
TGO,2021,PTRA,AFW,DECLINING,DETERIORATION_ALERT,Transport et logistique,PRIORITY_HIGH,DETERIORATION,110
TGO,2022,PECO,AFW,DECLINING,DETERIORATION_ALERT,Diversification économique,PRIORITY_HIGH,DETERIORATION,153
TGO,2022,PENV,AFW,CRITICAL,DETERIORATION_ALERT,Résilience environnementale,PRIORITY_CRITICAL,STRONG_DETERIORATION,155
TGO,2022,PGEO,AFW,DECLINING,DECLINE_SIGNAL,Gouvernance géopolitique et stabilité,PRIORITY_HIGH,DETERIORATION,119
TGO,2022,PHUM,AFW,STABLE,STABILITY_SIGNAL,Capital humain,PRIORITY_STANDARD,STABLE,123
TGO,2022,PMIL,AFW,STABLE,STABILITY_SIGNAL,Résilience sécuritaire,PRIORITY_STANDARD,STABLE,116
TGO,2022,PMIN,AFW,PROGRESSING,PROGRESSION_SIGNAL,Chaîne de valeur minière,PRIORITY_STANDARD,IMPROVEMENT,415
TGO,2022,PMON,AFW,DECLINING,DECLINE_SIGNAL,Résilience monétaire et financière,PRIORITY_HIGH,DETERIORATION,183
TGO,2022,PNUM,AFW,PROGRESSING,PROGRESSION_SIGNAL,Souveraineté numérique,PRIORITY_STANDARD,IMPROVEMENT,111
TGO,2022,PRES,AFW,CRITICAL,DETERIORATION_ALERT,Certification énergie-eau,PRIORITY_CRITICAL,STRONG_DETERIORATION,191
TGO,2022,PTRA,AFW,DECLINING,DETERIORATION_ALERT,Transport et logistique,PRIORITY_HIGH,DETERIORATION,141
TGO,2023,PECO,AFW,DECLINING,DETERIORATION_ALERT,Diversification économique,PRIORITY_HIGH,DETERIORATION,156
TGO,2023,PENV,AFW,CRITICAL,DETERIORATION_ALERT,Résilience environnementale,PRIORITY_CRITICAL,STRONG_DETERIORATION,159
TGO,2023,PGEO,AFW,DECLINING,DECLINE_SIGNAL,Gouvernance géopolitique et stabilité,PRIORITY_HIGH,DETERIORATION,119
TGO,2023,PHUM,AFW,STABLE,STABILITY_SIGNAL,Capital humain,PRIORITY_STANDARD,STABLE,123
TGO,2023,PMIL,AFW,STABLE,STABILITY_SIGNAL,Résilience sécuritaire,PRIORITY_STANDARD,STABLE,117
TGO,2023,PMIN,AFW,PROGRESSING,PROGRESSION_SIGNAL,Chaîne de valeur minière,PRIORITY_STANDARD,IMPROVEMENT,413
TGO,2023,PMON,AFW,DECLINING,DECLINE_SIGNAL,Résilience monétaire et financière,PRIORITY_HIGH,DETERIORATION,183
TGO,2023,PNUM,AFW,PROGRESSING,PROGRESSION_SIGNAL,Souveraineté numérique,PRIORITY_STANDARD,IMPROVEMENT,115
TGO,2023,PRES,AFW,CRITICAL,DETERIORATION_ALERT,Certification énergie-eau,PRIORITY_CRITICAL,STRONG_DETERIORATION,253
TGO,2023,PTRA,AFW,DECLINING,DETERIORATION_ALERT,Transport et logistique,PRIORITY_HIGH,DETERIORATION,180
TGO,2024,PECO,AFW,DECLINING,DETERIORATION_ALERT,Diversification économique,PRIORITY_HIGH,DETERIORATION,255
TGO,2024,PENV,AFW,CRITICAL,DECLINE_SIGNAL,Résilience environnementale,PRIORITY_CRITICAL,STRONG_DETERIORATION,190
TGO,2024,PGEO,AFW,DECLINING,DECLINE_SIGNAL,Gouvernance géopolitique et stabilité,PRIORITY_HIGH,DETERIORATION,149
TGO,2024,PHUM,AFW,STABLE,STABILITY_SIGNAL,Capital humain,PRIORITY_STANDARD,STABLE,128
TGO,2024,PMIL,AFW,STABLE,STABILITY_SIGNAL,Résilience sécuritaire,PRIORITY_STANDARD,STABLE,117
TGO,2024,PMIN,AFW,PROGRESSING,PROGRESSION_SIGNAL,Chaîne de valeur minière,PRIORITY_STANDARD,IMPROVEMENT,415
TGO,2024,PMON,AFW,DECLINING,DETERIORATION_ALERT,Résilience monétaire et financière,PRIORITY_HIGH,DETERIORATION,183
TGO,2024,PNUM,AFW,PROGRESSING,PROGRESSION_SIGNAL,Souveraineté numérique,PRIORITY_STANDARD,IMPROVEMENT,112
TGO,2024,PRES,AFW,CRITICAL,DETERIORATION_ALERT,Certification énergie-eau,PRIORITY_CRITICAL,STRONG_DETERIORATION,284
TGO,2024,PTRA,AFW,DECLINING,DETERIORATION_ALERT,Transport et logistique,PRIORITY_HIGH,DETERIORATION,297
TUN,2020,PECO,AFN,CRITICAL,DETERIORATION_ALERT,Diversification économique,PRIORITY_CRITICAL,STRONG_DETERIORATION,311
TUN,2020,PENV,AFN,CRITICAL,DETERIORATION_ALERT,Résilience environnementale,PRIORITY_CRITICAL,STRONG_DETERIORATION,107
TUN,2020,PGEO,AFN,STABLE,STABILITY_SIGNAL,Gouvernance géopolitique et stabilité,PRIORITY_STANDARD,STABLE,149
TUN,2020,PHUM,AFN,CRITICAL,DECLINE_SIGNAL,Capital humain,PRIORITY_CRITICAL,STRONG_DETERIORATION,121
TUN,2020,PMIL,AFN,ACCELERATING,PROGRESSION_SIGNAL,Résilience sécuritaire,PRIORITY_STANDARD,STRONG_IMPROVEMENT,86
TUN,2020,PMIN,AFN,DECLINING,DECLINE_SIGNAL,Chaîne de valeur minière,PRIORITY_STANDARD,DETERIORATION,245
TUN,2020,PMON,AFN,STABLE,STABILITY_SIGNAL,Résilience monétaire et financière,PRIORITY_STANDARD,STABLE,97
TUN,2020,PNUM,AFN,PROGRESSING,PROGRESSION_SIGNAL,Souveraineté numérique,PRIORITY_STANDARD,IMPROVEMENT,80
TUN,2020,PRES,AFN,CRITICAL,DETERIORATION_ALERT,Certification énergie-eau,PRIORITY_CRITICAL,STRONG_DETERIORATION,130
TUN,2020,PTRA,AFN,CRITICAL,DETERIORATION_ALERT,Transport et logistique,PRIORITY_CRITICAL,STRONG_DETERIORATION,189
TUN,2021,PECO,AFN,CRITICAL,DETERIORATION_ALERT,Diversification économique,PRIORITY_CRITICAL,STRONG_DETERIORATION,256
TUN,2021,PENV,AFN,CRITICAL,DETERIORATION_ALERT,Résilience environnementale,PRIORITY_CRITICAL,STRONG_DETERIORATION,109
TUN,2021,PGEO,AFN,STABLE,STABILITY_SIGNAL,Gouvernance géopolitique et stabilité,PRIORITY_STANDARD,STABLE,149
TUN,2021,PHUM,AFN,CRITICAL,DECLINE_SIGNAL,Capital humain,PRIORITY_CRITICAL,STRONG_DETERIORATION,98
TUN,2021,PMIL,AFN,ACCELERATING,PROGRESSION_SIGNAL,Résilience sécuritaire,PRIORITY_STANDARD,STRONG_IMPROVEMENT,148
TUN,2021,PMIN,AFN,DECLINING,DECLINE_SIGNAL,Chaîne de valeur minière,PRIORITY_STANDARD,DETERIORATION,245
TUN,2021,PMON,AFN,STABLE,STABILITY_SIGNAL,Résilience monétaire et financière,PRIORITY_STANDARD,STABLE,97
TUN,2021,PNUM,AFN,PROGRESSING,PROGRESSION_SIGNAL,Souveraineté numérique,PRIORITY_STANDARD,IMPROVEMENT,83
TUN,2021,PRES,AFN,CRITICAL,DETERIORATION_ALERT,Certification énergie-eau,PRIORITY_CRITICAL,STRONG_DETERIORATION,130
TUN,2021,PTRA,AFN,CRITICAL,DETERIORATION_ALERT,Transport et logistique,PRIORITY_CRITICAL,STRONG_DETERIORATION,189
TUN,2022,PECO,AFN,CRITICAL,DETERIORATION_ALERT,Diversification économique,PRIORITY_CRITICAL,STRONG_DETERIORATION,256
TUN,2022,PENV,AFN,CRITICAL,DETERIORATION_ALERT,Résilience environnementale,PRIORITY_CRITICAL,STRONG_DETERIORATION,132
TUN,2022,PGEO,AFN,STABLE,STABILITY_SIGNAL,Gouvernance géopolitique et stabilité,PRIORITY_STANDARD,STABLE,149
TUN,2022,PHUM,AFN,CRITICAL,DECLINE_SIGNAL,Capital humain,PRIORITY_CRITICAL,STRONG_DETERIORATION,121
TUN,2022,PMIL,AFN,ACCELERATING,ACCELERATION_SIGNAL,Résilience sécuritaire,PRIORITY_STANDARD,STRONG_IMPROVEMENT,148
TUN,2022,PMIN,AFN,DECLINING,DECLINE_SIGNAL,Chaîne de valeur minière,PRIORITY_STANDARD,DETERIORATION,253
TUN,2022,PMON,AFN,STABLE,STABILITY_SIGNAL,Résilience monétaire et financière,PRIORITY_STANDARD,STABLE,97
TUN,2022,PNUM,AFN,PROGRESSING,PROGRESSION_SIGNAL,Souveraineté numérique,PRIORITY_STANDARD,IMPROVEMENT,111
TUN,2022,PRES,AFN,CRITICAL,DETERIORATION_ALERT,Certification énergie-eau,PRIORITY_CRITICAL,STRONG_DETERIORATION,285
TUN,2022,PTRA,AFN,CRITICAL,DETERIORATION_ALERT,Transport et logistique,PRIORITY_CRITICAL,STRONG_DETERIORATION,259
TUN,2023,PECO,AFN,CRITICAL,DETERIORATION_ALERT,Diversification économique,PRIORITY_CRITICAL,STRONG_DETERIORATION,256
TUN,2023,PENV,AFN,CRITICAL,DETERIORATION_ALERT,Résilience environnementale,PRIORITY_CRITICAL,STRONG_DETERIORATION,159
TUN,2023,PGEO,AFN,STABLE,STABILITY_SIGNAL,Gouvernance géopolitique et stabilité,PRIORITY_STANDARD,STABLE,149
TUN,2023,PHUM,AFN,CRITICAL,DECLINE_SIGNAL,Capital humain,PRIORITY_CRITICAL,STRONG_DETERIORATION,121
TUN,2023,PMIL,AFN,ACCELERATING,PROGRESSION_SIGNAL,Résilience sécuritaire,PRIORITY_STANDARD,STRONG_IMPROVEMENT,149
TUN,2023,PMIN,AFN,DECLINING,DECLINE_SIGNAL,Chaîne de valeur minière,PRIORITY_STANDARD,DETERIORATION,290
TUN,2023,PMON,AFN,STABLE,STABILITY_SIGNAL,Résilience monétaire et financière,PRIORITY_STANDARD,STABLE,97
TUN,2023,PNUM,AFN,PROGRESSING,PROGRESSION_SIGNAL,Souveraineté numérique,PRIORITY_STANDARD,IMPROVEMENT,115
TUN,2023,PRES,AFN,CRITICAL,DETERIORATION_ALERT,Certification énergie-eau,PRIORITY_CRITICAL,STRONG_DETERIORATION,347
TUN,2023,PTRA,AFN,CRITICAL,DETERIORATION_ALERT,Transport et logistique,PRIORITY_CRITICAL,STRONG_DETERIORATION,259
TUN,2024,PECO,AFN,CRITICAL,DETERIORATION_ALERT,Diversification économique,PRIORITY_CRITICAL,STRONG_DETERIORATION,311
TUN,2024,PENV,AFN,CRITICAL,DETERIORATION_ALERT,Résilience environnementale,PRIORITY_CRITICAL,STRONG_DETERIORATION,190
TUN,2024,PGEO,AFN,STABLE,STABILITY_SIGNAL,Gouvernance géopolitique et stabilité,PRIORITY_STANDARD,STABLE,151
TUN,2024,PHUM,AFN,CRITICAL,DECLINE_SIGNAL,Capital humain,PRIORITY_CRITICAL,STRONG_DETERIORATION,126
TUN,2024,PMIL,AFN,ACCELERATING,PROGRESSION_SIGNAL,Résilience sécuritaire,PRIORITY_STANDARD,STRONG_IMPROVEMENT,149
TUN,2024,PMIN,AFN,DECLINING,DECLINE_SIGNAL,Chaîne de valeur minière,PRIORITY_STANDARD,DETERIORATION,292
TUN,2024,PMON,AFN,STABLE,STABILITY_SIGNAL,Résilience monétaire et financière,PRIORITY_STANDARD,STABLE,97
TUN,2024,PNUM,AFN,PROGRESSING,PROGRESSION_SIGNAL,Souveraineté numérique,PRIORITY_STANDARD,IMPROVEMENT,112
TUN,2024,PRES,AFN,CRITICAL,DETERIORATION_ALERT,Certification énergie-eau,PRIORITY_CRITICAL,STRONG_DETERIORATION,378
TUN,2024,PTRA,AFN,CRITICAL,DETERIORATION_ALERT,Transport et logistique,PRIORITY_CRITICAL,STRONG_DETERIORATION,376
TZA,2020,PECO,AFE,PROGRESSING,PROGRESSION_SIGNAL,Diversification économique,PRIORITY_STANDARD,IMPROVEMENT,149
TZA,2020,PENV,AFE,CRITICAL,DETERIORATION_ALERT,Résilience environnementale,PRIORITY_CRITICAL,STRONG_DETERIORATION,106
TZA,2020,PGEO,AFE,DECLINING,DECLINE_SIGNAL,Gouvernance géopolitique et stabilité,PRIORITY_STANDARD,DETERIORATION,121
TZA,2020,PHUM,AFE,STABLE,STABILITY_SIGNAL,Capital humain,PRIORITY_STANDARD,STABLE,121
TZA,2020,PMIL,AFE,STABLE,STABILITY_SIGNAL,Résilience sécuritaire,PRIORITY_STANDARD,STABLE,86
TZA,2020,PMIN,AFE,PROGRESSING,PROGRESSION_SIGNAL,Chaîne de valeur minière,PRIORITY_STANDARD,IMPROVEMENT,487
TZA,2020,PMON,AFE,ACCELERATING,ACCELERATION_SIGNAL,Résilience monétaire et financière,PRIORITY_STANDARD,STRONG_IMPROVEMENT,128
TZA,2020,PNUM,AFE,ACCELERATING,PROGRESSION_SIGNAL,Souveraineté numérique,PRIORITY_STANDARD,STRONG_IMPROVEMENT,80
TZA,2020,PRES,AFE,STABLE,STABILITY_SIGNAL,Certification énergie-eau,PRIORITY_STANDARD,STABLE,96
TZA,2020,PTRA,AFE,CRITICAL,DETERIORATION_ALERT,Transport et logistique,PRIORITY_HIGH,STRONG_DETERIORATION,110
TZA,2021,PECO,AFE,PROGRESSING,PROGRESSION_SIGNAL,Diversification économique,PRIORITY_STANDARD,IMPROVEMENT,153
TZA,2021,PENV,AFE,CRITICAL,DETERIORATION_ALERT,Résilience environnementale,PRIORITY_CRITICAL,STRONG_DETERIORATION,108
TZA,2021,PGEO,AFE,DECLINING,DECLINE_SIGNAL,Gouvernance géopolitique et stabilité,PRIORITY_STANDARD,DETERIORATION,121
TZA,2021,PHUM,AFE,STABLE,STABILITY_SIGNAL,Capital humain,PRIORITY_STANDARD,STABLE,121
TZA,2021,PMIL,AFE,STABLE,STABILITY_SIGNAL,Résilience sécuritaire,PRIORITY_STANDARD,STABLE,148
TZA,2021,PMIN,AFE,PROGRESSING,PROGRESSION_SIGNAL,Chaîne de valeur minière,PRIORITY_STANDARD,IMPROVEMENT,252
TZA,2021,PMON,AFE,ACCELERATING,PROGRESSION_SIGNAL,Résilience monétaire et financière,PRIORITY_STANDARD,STRONG_IMPROVEMENT,159
TZA,2021,PNUM,AFE,ACCELERATING,PROGRESSION_SIGNAL,Souveraineté numérique,PRIORITY_STANDARD,STRONG_IMPROVEMENT,83
TZA,2021,PRES,AFE,STABLE,STABILITY_SIGNAL,Certification énergie-eau,PRIORITY_STANDARD,STABLE,96
TZA,2021,PTRA,AFE,CRITICAL,DETERIORATION_ALERT,Transport et logistique,PRIORITY_HIGH,STRONG_DETERIORATION,110
TZA,2022,PECO,AFE,PROGRESSING,PROGRESSION_SIGNAL,Diversification économique,PRIORITY_STANDARD,IMPROVEMENT,153
TZA,2022,PENV,AFE,CRITICAL,DETERIORATION_ALERT,Résilience environnementale,PRIORITY_CRITICAL,STRONG_DETERIORATION,154
TZA,2022,PGEO,AFE,DECLINING,DECLINE_SIGNAL,Gouvernance géopolitique et stabilité,PRIORITY_STANDARD,DETERIORATION,121
TZA,2022,PHUM,AFE,STABLE,STABILITY_SIGNAL,Capital humain,PRIORITY_STANDARD,STABLE,121
TZA,2022,PMIL,AFE,STABLE,STABILITY_SIGNAL,Résilience sécuritaire,PRIORITY_STANDARD,STABLE,148
TZA,2022,PMIN,AFE,PROGRESSING,PROGRESSION_SIGNAL,Chaîne de valeur minière,PRIORITY_STANDARD,IMPROVEMENT,495
TZA,2022,PMON,AFE,ACCELERATING,PROGRESSION_SIGNAL,Résilience monétaire et financière,PRIORITY_STANDARD,STRONG_IMPROVEMENT,159
TZA,2022,PNUM,AFE,ACCELERATING,PROGRESSION_SIGNAL,Souveraineté numérique,PRIORITY_STANDARD,STRONG_IMPROVEMENT,80
TZA,2022,PRES,AFE,STABLE,STABILITY_SIGNAL,Certification énergie-eau,PRIORITY_STANDARD,STABLE,220
TZA,2022,PTRA,AFE,CRITICAL,DETERIORATION_ALERT,Transport et logistique,PRIORITY_HIGH,STRONG_DETERIORATION,141
TZA,2023,PECO,AFE,PROGRESSING,PROGRESSION_SIGNAL,Diversification économique,PRIORITY_STANDARD,IMPROVEMENT,153
TZA,2023,PENV,AFE,CRITICAL,DETERIORATION_ALERT,Résilience environnementale,PRIORITY_CRITICAL,STRONG_DETERIORATION,158
TZA,2023,PGEO,AFE,DECLINING,DECLINE_SIGNAL,Gouvernance géopolitique et stabilité,PRIORITY_STANDARD,DETERIORATION,123
TZA,2023,PHUM,AFE,STABLE,STABILITY_SIGNAL,Capital humain,PRIORITY_STANDARD,STABLE,122
TZA,2023,PMIL,AFE,STABLE,STABILITY_SIGNAL,Résilience sécuritaire,PRIORITY_STANDARD,STABLE,149
TZA,2023,PMIN,AFE,PROGRESSING,PROGRESSION_SIGNAL,Chaîne de valeur minière,PRIORITY_STANDARD,IMPROVEMENT,532
TZA,2023,PMON,AFE,ACCELERATING,PROGRESSION_SIGNAL,Résilience monétaire et financière,PRIORITY_STANDARD,STRONG_IMPROVEMENT,190
TZA,2023,PNUM,AFE,ACCELERATING,PROGRESSION_SIGNAL,Souveraineté numérique,PRIORITY_STANDARD,STRONG_IMPROVEMENT,84
TZA,2023,PRES,AFE,STABLE,STABILITY_SIGNAL,Certification énergie-eau,PRIORITY_STANDARD,STABLE,282
TZA,2023,PTRA,AFE,CRITICAL,DETERIORATION_ALERT,Transport et logistique,PRIORITY_HIGH,STRONG_DETERIORATION,180
TZA,2024,PECO,AFE,PROGRESSING,PROGRESSION_SIGNAL,Diversification économique,PRIORITY_STANDARD,IMPROVEMENT,149
TZA,2024,PENV,AFE,CRITICAL,DECLINE_SIGNAL,Résilience environnementale,PRIORITY_CRITICAL,STRONG_DETERIORATION,166
TZA,2024,PGEO,AFE,DECLINING,DECLINE_SIGNAL,Gouvernance géopolitique et stabilité,PRIORITY_STANDARD,DETERIORATION,123
TZA,2024,PHUM,AFE,STABLE,STABILITY_SIGNAL,Capital humain,PRIORITY_STANDARD,STABLE,139
TZA,2024,PMIL,AFE,STABLE,STABILITY_SIGNAL,Résilience sécuritaire,PRIORITY_STANDARD,STABLE,149
TZA,2024,PMIN,AFE,PROGRESSING,PROGRESSION_SIGNAL,Chaîne de valeur minière,PRIORITY_STANDARD,IMPROVEMENT,534
TZA,2024,PMON,AFE,ACCELERATING,PROGRESSION_SIGNAL,Résilience monétaire et financière,PRIORITY_STANDARD,STRONG_IMPROVEMENT,221
TZA,2024,PNUM,AFE,ACCELERATING,PROGRESSION_SIGNAL,Souveraineté numérique,PRIORITY_STANDARD,STRONG_IMPROVEMENT,81
TZA,2024,PRES,AFE,STABLE,STABILITY_SIGNAL,Certification énergie-eau,PRIORITY_STANDARD,STABLE,313
TZA,2024,PTRA,AFE,CRITICAL,DETERIORATION_ALERT,Transport et logistique,PRIORITY_CRITICAL,STRONG_DETERIORATION,297
UGA,2020,PECO,AFE,ACCELERATING,ACCELERATION_SIGNAL,Diversification économique,PRIORITY_STANDARD,STRONG_IMPROVEMENT,156
UGA,2020,PENV,AFE,DECLINING,DECLINE_SIGNAL,Résilience environnementale,PRIORITY_HIGH,DETERIORATION,107
UGA,2020,PGEO,AFE,STABLE,STABILITY_SIGNAL,Gouvernance géopolitique et stabilité,PRIORITY_STANDARD,STABLE,123
UGA,2020,PHUM,AFE,STABLE,STABILITY_SIGNAL,Capital humain,PRIORITY_STANDARD,STABLE,121
UGA,2020,PMIL,AFE,ACCELERATING,PROGRESSION_SIGNAL,Résilience sécuritaire,PRIORITY_STANDARD,STRONG_IMPROVEMENT,86
UGA,2020,PMIN,AFE,PROGRESSING,PROGRESSION_SIGNAL,Chaîne de valeur minière,PRIORITY_STANDARD,IMPROVEMENT,444
UGA,2020,PMON,AFE,STABLE,STABILITY_SIGNAL,Résilience monétaire et financière,PRIORITY_STANDARD,STABLE,130
UGA,2020,PNUM,AFE,STABLE,STABILITY_SIGNAL,Souveraineté numérique,PRIORITY_STANDARD,STABLE,111
UGA,2020,PRES,AFE,DECLINING,DECLINE_SIGNAL,Certification énergie-eau,PRIORITY_HIGH,DETERIORATION,130
UGA,2020,PTRA,AFE,CRITICAL,DETERIORATION_ALERT,Transport et logistique,PRIORITY_CRITICAL,STRONG_DETERIORATION,147
UGA,2021,PECO,AFE,ACCELERATING,ACCELERATION_SIGNAL,Diversification économique,PRIORITY_STANDARD,STRONG_IMPROVEMENT,152
UGA,2021,PENV,AFE,DECLINING,DECLINE_SIGNAL,Résilience environnementale,PRIORITY_HIGH,DETERIORATION,109
UGA,2021,PGEO,AFE,STABLE,STABILITY_SIGNAL,Gouvernance géopolitique et stabilité,PRIORITY_STANDARD,STABLE,121
UGA,2021,PHUM,AFE,STABLE,STABILITY_SIGNAL,Capital humain,PRIORITY_STANDARD,STABLE,121
UGA,2021,PMIL,AFE,ACCELERATING,PROGRESSION_SIGNAL,Résilience sécuritaire,PRIORITY_STANDARD,STRONG_IMPROVEMENT,117
UGA,2021,PMIN,AFE,PROGRESSING,PROGRESSION_SIGNAL,Chaîne de valeur minière,PRIORITY_STANDARD,IMPROVEMENT,327
UGA,2021,PMON,AFE,STABLE,STABILITY_SIGNAL,Résilience monétaire et financière,PRIORITY_STANDARD,STABLE,130
UGA,2021,PNUM,AFE,STABLE,STABILITY_SIGNAL,Souveraineté numérique,PRIORITY_STANDARD,STABLE,114
UGA,2021,PRES,AFE,DECLINING,DECLINE_SIGNAL,Certification énergie-eau,PRIORITY_HIGH,DETERIORATION,130
UGA,2021,PTRA,AFE,CRITICAL,DETERIORATION_ALERT,Transport et logistique,PRIORITY_CRITICAL,STRONG_DETERIORATION,147
UGA,2022,PECO,AFE,ACCELERATING,ACCELERATION_SIGNAL,Diversification économique,PRIORITY_STANDARD,STRONG_IMPROVEMENT,156
UGA,2022,PENV,AFE,DECLINING,DETERIORATION_ALERT,Résilience environnementale,PRIORITY_HIGH,DETERIORATION,132
UGA,2022,PGEO,AFE,STABLE,STABILITY_SIGNAL,Gouvernance géopolitique et stabilité,PRIORITY_STANDARD,STABLE,121
UGA,2022,PHUM,AFE,STABLE,STABILITY_SIGNAL,Capital humain,PRIORITY_STANDARD,STABLE,121
UGA,2022,PMIL,AFE,ACCELERATING,PROGRESSION_SIGNAL,Résilience sécuritaire,PRIORITY_STANDARD,STRONG_IMPROVEMENT,117
UGA,2022,PMIN,AFE,PROGRESSING,PROGRESSION_SIGNAL,Chaîne de valeur minière,PRIORITY_STANDARD,IMPROVEMENT,453
UGA,2022,PMON,AFE,STABLE,STABILITY_SIGNAL,Résilience monétaire et financière,PRIORITY_STANDARD,STABLE,130
UGA,2022,PNUM,AFE,STABLE,STABILITY_SIGNAL,Souveraineté numérique,PRIORITY_STANDARD,STABLE,111
UGA,2022,PRES,AFE,DECLINING,DETERIORATION_ALERT,Certification énergie-eau,PRIORITY_HIGH,DETERIORATION,223
UGA,2022,PTRA,AFE,CRITICAL,DETERIORATION_ALERT,Transport et logistique,PRIORITY_CRITICAL,STRONG_DETERIORATION,147
UGA,2023,PECO,AFE,ACCELERATING,ACCELERATION_SIGNAL,Diversification économique,PRIORITY_STANDARD,STRONG_IMPROVEMENT,156
UGA,2023,PENV,AFE,DECLINING,DETERIORATION_ALERT,Résilience environnementale,PRIORITY_HIGH,DETERIORATION,159
UGA,2023,PGEO,AFE,STABLE,STABILITY_SIGNAL,Gouvernance géopolitique et stabilité,PRIORITY_STANDARD,STABLE,121
UGA,2023,PHUM,AFE,STABLE,STABILITY_SIGNAL,Capital humain,PRIORITY_STANDARD,STABLE,121
UGA,2023,PMIL,AFE,ACCELERATING,PROGRESSION_SIGNAL,Résilience sécuritaire,PRIORITY_STANDARD,STRONG_IMPROVEMENT,118
UGA,2023,PMIN,AFE,PROGRESSING,PROGRESSION_SIGNAL,Chaîne de valeur minière,PRIORITY_STANDARD,IMPROVEMENT,451
UGA,2023,PMON,AFE,STABLE,STABILITY_SIGNAL,Résilience monétaire et financière,PRIORITY_STANDARD,STABLE,130
UGA,2023,PNUM,AFE,STABLE,STABILITY_SIGNAL,Souveraineté numérique,PRIORITY_STANDARD,STABLE,115
UGA,2023,PRES,AFE,DECLINING,DETERIORATION_ALERT,Certification énergie-eau,PRIORITY_HIGH,DETERIORATION,316
UGA,2023,PTRA,AFE,CRITICAL,DETERIORATION_ALERT,Transport et logistique,PRIORITY_CRITICAL,STRONG_DETERIORATION,108
UGA,2024,PECO,AFE,ACCELERATING,ACCELERATION_SIGNAL,Diversification économique,PRIORITY_STANDARD,STRONG_IMPROVEMENT,156
UGA,2024,PENV,AFE,DECLINING,DETERIORATION_ALERT,Résilience environnementale,PRIORITY_HIGH,DETERIORATION,190
UGA,2024,PGEO,AFE,STABLE,STABILITY_SIGNAL,Gouvernance géopolitique et stabilité,PRIORITY_STANDARD,STABLE,123
UGA,2024,PHUM,AFE,STABLE,STABILITY_SIGNAL,Capital humain,PRIORITY_STANDARD,STABLE,125
UGA,2024,PMIL,AFE,ACCELERATING,PROGRESSION_SIGNAL,Résilience sécuritaire,PRIORITY_STANDARD,STRONG_IMPROVEMENT,149
UGA,2024,PMIN,AFE,PROGRESSING,PROGRESSION_SIGNAL,Chaîne de valeur minière,PRIORITY_STANDARD,IMPROVEMENT,453
UGA,2024,PMON,AFE,STABLE,STABILITY_SIGNAL,Résilience monétaire et financière,PRIORITY_HIGH,STABLE,161
UGA,2024,PNUM,AFE,STABLE,STABILITY_SIGNAL,Souveraineté numérique,PRIORITY_STANDARD,STABLE,112
UGA,2024,PRES,AFE,DECLINING,DETERIORATION_ALERT,Certification énergie-eau,PRIORITY_HIGH,DETERIORATION,347
UGA,2024,PTRA,AFE,CRITICAL,DETERIORATION_ALERT,Transport et logistique,PRIORITY_CRITICAL,STRONG_DETERIORATION,225
ZAF,2020,PECO,AFS,DECLINING,DETERIORATION_ALERT,Diversification économique,PRIORITY_HIGH,DETERIORATION,152
ZAF,2020,PENV,AFS,CRITICAL,DETERIORATION_ALERT,Résilience environnementale,PRIORITY_CRITICAL,STRONG_DETERIORATION,106
ZAF,2020,PGEO,AFS,DECLINING,DECLINE_SIGNAL,Gouvernance géopolitique et stabilité,PRIORITY_HIGH,DETERIORATION,123
ZAF,2020,PHUM,AFS,CRITICAL,DECLINE_SIGNAL,Capital humain,PRIORITY_HIGH,STRONG_DETERIORATION,121
ZAF,2020,PMIL,AFS,PROGRESSING,PROGRESSION_SIGNAL,Résilience sécuritaire,PRIORITY_STANDARD,IMPROVEMENT,86
ZAF,2020,PMIN,AFS,PROGRESSING,PROGRESSION_SIGNAL,Chaîne de valeur minière,PRIORITY_STANDARD,IMPROVEMENT,607
ZAF,2020,PMON,AFS,STABLE,STABILITY_SIGNAL,Résilience monétaire et financière,PRIORITY_STANDARD,STABLE,99
ZAF,2020,PNUM,AFS,PROGRESSING,PROGRESSION_SIGNAL,Souveraineté numérique,PRIORITY_STANDARD,IMPROVEMENT,80
ZAF,2020,PRES,AFS,CRITICAL,DETERIORATION_ALERT,Certification énergie-eau,PRIORITY_CRITICAL,STRONG_DETERIORATION,130
ZAF,2020,PTRA,AFS,DECLINING,DETERIORATION_ALERT,Transport et logistique,PRIORITY_HIGH,DETERIORATION,105
ZAF,2021,PECO,AFS,DECLINING,DECLINE_SIGNAL,Diversification économique,PRIORITY_HIGH,DETERIORATION,152
ZAF,2021,PENV,AFS,CRITICAL,DETERIORATION_ALERT,Résilience environnementale,PRIORITY_CRITICAL,STRONG_DETERIORATION,108
ZAF,2021,PGEO,AFS,DECLINING,DECLINE_SIGNAL,Gouvernance géopolitique et stabilité,PRIORITY_HIGH,DETERIORATION,123
ZAF,2021,PHUM,AFS,CRITICAL,DECLINE_SIGNAL,Capital humain,PRIORITY_HIGH,STRONG_DETERIORATION,121
ZAF,2021,PMIL,AFS,PROGRESSING,PROGRESSION_SIGNAL,Résilience sécuritaire,PRIORITY_STANDARD,IMPROVEMENT,117
ZAF,2021,PMIN,AFS,PROGRESSING,PROGRESSION_SIGNAL,Chaîne de valeur minière,PRIORITY_STANDARD,IMPROVEMENT,254
ZAF,2021,PMON,AFS,STABLE,STABILITY_SIGNAL,Résilience monétaire et financière,PRIORITY_STANDARD,STABLE,99
ZAF,2021,PNUM,AFS,PROGRESSING,PROGRESSION_SIGNAL,Souveraineté numérique,PRIORITY_STANDARD,IMPROVEMENT,83
ZAF,2021,PRES,AFS,CRITICAL,DETERIORATION_ALERT,Certification énergie-eau,PRIORITY_CRITICAL,STRONG_DETERIORATION,130
ZAF,2021,PTRA,AFS,DECLINING,DETERIORATION_ALERT,Transport et logistique,PRIORITY_HIGH,DETERIORATION,105
ZAF,2022,PECO,AFS,DECLINING,DETERIORATION_ALERT,Diversification économique,PRIORITY_HIGH,DETERIORATION,152
ZAF,2022,PENV,AFS,CRITICAL,DETERIORATION_ALERT,Résilience environnementale,PRIORITY_CRITICAL,STRONG_DETERIORATION,154
ZAF,2022,PGEO,AFS,DECLINING,DECLINE_SIGNAL,Gouvernance géopolitique et stabilité,PRIORITY_HIGH,DETERIORATION,123
ZAF,2022,PHUM,AFS,CRITICAL,DECLINE_SIGNAL,Capital humain,PRIORITY_HIGH,STRONG_DETERIORATION,98
ZAF,2022,PMIL,AFS,PROGRESSING,PROGRESSION_SIGNAL,Résilience sécuritaire,PRIORITY_STANDARD,IMPROVEMENT,117
ZAF,2022,PMIN,AFS,PROGRESSING,PROGRESSION_SIGNAL,Chaîne de valeur minière,PRIORITY_STANDARD,IMPROVEMENT,615
ZAF,2022,PMON,AFS,STABLE,STABILITY_SIGNAL,Résilience monétaire et financière,PRIORITY_STANDARD,STABLE,130
ZAF,2022,PNUM,AFS,PROGRESSING,PROGRESSION_SIGNAL,Souveraineté numérique,PRIORITY_STANDARD,IMPROVEMENT,80
ZAF,2022,PRES,AFS,CRITICAL,DETERIORATION_ALERT,Certification énergie-eau,PRIORITY_CRITICAL,STRONG_DETERIORATION,254
ZAF,2022,PTRA,AFS,DECLINING,DETERIORATION_ALERT,Transport et logistique,PRIORITY_HIGH,DETERIORATION,136
ZAF,2023,PECO,AFS,DECLINING,DETERIORATION_ALERT,Diversification économique,PRIORITY_HIGH,DETERIORATION,152
ZAF,2023,PENV,AFS,CRITICAL,DETERIORATION_ALERT,Résilience environnementale,PRIORITY_CRITICAL,STRONG_DETERIORATION,158
ZAF,2023,PGEO,AFS,DECLINING,DECLINE_SIGNAL,Gouvernance géopolitique et stabilité,PRIORITY_HIGH,DETERIORATION,123
ZAF,2023,PHUM,AFS,CRITICAL,DECLINE_SIGNAL,Capital humain,PRIORITY_HIGH,STRONG_DETERIORATION,122
ZAF,2023,PMIL,AFS,PROGRESSING,PROGRESSION_SIGNAL,Résilience sécuritaire,PRIORITY_STANDARD,IMPROVEMENT,149
ZAF,2023,PMIN,AFS,PROGRESSING,PROGRESSION_SIGNAL,Chaîne de valeur minière,PRIORITY_STANDARD,IMPROVEMENT,652
ZAF,2023,PMON,AFS,STABLE,STABILITY_SIGNAL,Résilience monétaire et financière,PRIORITY_STANDARD,STABLE,130
ZAF,2023,PNUM,AFS,PROGRESSING,PROGRESSION_SIGNAL,Souveraineté numérique,PRIORITY_STANDARD,IMPROVEMENT,84
ZAF,2023,PRES,AFS,CRITICAL,DETERIORATION_ALERT,Certification énergie-eau,PRIORITY_CRITICAL,STRONG_DETERIORATION,316
ZAF,2023,PTRA,AFS,DECLINING,DETERIORATION_ALERT,Transport et logistique,PRIORITY_HIGH,DETERIORATION,136
ZAF,2024,PECO,AFS,DECLINING,DETERIORATION_ALERT,Diversification économique,PRIORITY_HIGH,DETERIORATION,251
ZAF,2024,PENV,AFS,CRITICAL,DETERIORATION_ALERT,Résilience environnementale,PRIORITY_CRITICAL,STRONG_DETERIORATION,166
ZAF,2024,PGEO,AFS,DECLINING,DECLINE_SIGNAL,Gouvernance géopolitique et stabilité,PRIORITY_HIGH,DETERIORATION,153
ZAF,2024,PHUM,AFS,CRITICAL,DECLINE_SIGNAL,Capital humain,PRIORITY_HIGH,STRONG_DETERIORATION,140
ZAF,2024,PMIL,AFS,PROGRESSING,PROGRESSION_SIGNAL,Résilience sécuritaire,PRIORITY_STANDARD,IMPROVEMENT,149
ZAF,2024,PMIN,AFS,PROGRESSING,PROGRESSION_SIGNAL,Chaîne de valeur minière,PRIORITY_STANDARD,IMPROVEMENT,654
ZAF,2024,PMON,AFS,STABLE,STABILITY_SIGNAL,Résilience monétaire et financière,PRIORITY_STANDARD,STABLE,130
ZAF,2024,PNUM,AFS,PROGRESSING,PROGRESSION_SIGNAL,Souveraineté numérique,PRIORITY_STANDARD,IMPROVEMENT,112
ZAF,2024,PRES,AFS,CRITICAL,DETERIORATION_ALERT,Certification énergie-eau,PRIORITY_CRITICAL,STRONG_DETERIORATION,347
ZAF,2024,PTRA,AFS,DECLINING,DETERIORATION_ALERT,Transport et logistique,PRIORITY_HIGH,DETERIORATION,136
ZMB,2020,PECO,AFE,STABLE,STABILITY_SIGNAL,Diversification économique,PRIORITY_STANDARD,STABLE,152
ZMB,2020,PENV,AFE,DECLINING,DECLINE_SIGNAL,Résilience environnementale,PRIORITY_HIGH,DETERIORATION,107
ZMB,2020,PGEO,AFE,DECLINING,DECLINE_SIGNAL,Gouvernance géopolitique et stabilité,PRIORITY_HIGH,DETERIORATION,123
ZMB,2020,PHUM,AFE,STABLE,STABILITY_SIGNAL,Capital humain,PRIORITY_STANDARD,STABLE,123
ZMB,2020,PMIL,AFE,CRITICAL,DETERIORATION_ALERT,Résilience sécuritaire,PRIORITY_CRITICAL,STRONG_DETERIORATION,117
ZMB,2020,PMIN,AFE,STABLE,STABILITY_SIGNAL,Chaîne de valeur minière,PRIORITY_STANDARD,STABLE,559
ZMB,2020,PMON,AFE,STABLE,STABILITY_SIGNAL,Résilience monétaire et financière,PRIORITY_STANDARD,STABLE,99
ZMB,2020,PNUM,AFE,PROGRESSING,PROGRESSION_SIGNAL,Souveraineté numérique,PRIORITY_STANDARD,IMPROVEMENT,111
ZMB,2020,PRES,AFE,PROGRESSING,PROGRESSION_SIGNAL,Certification énergie-eau,PRIORITY_STANDARD,IMPROVEMENT,98
ZMB,2020,PTRA,AFE,DECLINING,DETERIORATION_ALERT,Transport et logistique,PRIORITY_HIGH,DETERIORATION,108
ZMB,2021,PECO,AFE,STABLE,STABILITY_SIGNAL,Diversification économique,PRIORITY_STANDARD,STABLE,152
ZMB,2021,PENV,AFE,DECLINING,DECLINE_SIGNAL,Résilience environnementale,PRIORITY_HIGH,DETERIORATION,109
ZMB,2021,PGEO,AFE,DECLINING,DECLINE_SIGNAL,Gouvernance géopolitique et stabilité,PRIORITY_HIGH,DETERIORATION,123
ZMB,2021,PHUM,AFE,STABLE,STABILITY_SIGNAL,Capital humain,PRIORITY_STANDARD,STABLE,123
ZMB,2021,PMIL,AFE,CRITICAL,DETERIORATION_ALERT,Résilience sécuritaire,PRIORITY_CRITICAL,STRONG_DETERIORATION,148
ZMB,2021,PMIN,AFE,STABLE,STABILITY_SIGNAL,Chaîne de valeur minière,PRIORITY_STANDARD,STABLE,295
ZMB,2021,PMON,AFE,STABLE,STABILITY_SIGNAL,Résilience monétaire et financière,PRIORITY_STANDARD,STABLE,130
ZMB,2021,PNUM,AFE,PROGRESSING,PROGRESSION_SIGNAL,Souveraineté numérique,PRIORITY_STANDARD,IMPROVEMENT,114
ZMB,2021,PRES,AFE,PROGRESSING,PROGRESSION_SIGNAL,Certification énergie-eau,PRIORITY_STANDARD,IMPROVEMENT,98
ZMB,2021,PTRA,AFE,DECLINING,DETERIORATION_ALERT,Transport et logistique,PRIORITY_HIGH,DETERIORATION,108
ZMB,2022,PECO,AFE,STABLE,STABILITY_SIGNAL,Diversification économique,PRIORITY_STANDARD,STABLE,251
ZMB,2022,PENV,AFE,DECLINING,DETERIORATION_ALERT,Résilience environnementale,PRIORITY_HIGH,DETERIORATION,155
ZMB,2022,PGEO,AFE,DECLINING,DECLINE_SIGNAL,Gouvernance géopolitique et stabilité,PRIORITY_HIGH,DETERIORATION,153
ZMB,2022,PHUM,AFE,STABLE,STABILITY_SIGNAL,Capital humain,PRIORITY_STANDARD,STABLE,100
ZMB,2022,PMIL,AFE,CRITICAL,DETERIORATION_ALERT,Résilience sécuritaire,PRIORITY_CRITICAL,STRONG_DETERIORATION,148
ZMB,2022,PMIN,AFE,STABLE,STABILITY_SIGNAL,Chaîne de valeur minière,PRIORITY_STANDARD,STABLE,568
ZMB,2022,PMON,AFE,STABLE,STABILITY_SIGNAL,Résilience monétaire et financière,PRIORITY_STANDARD,STABLE,130
ZMB,2022,PNUM,AFE,PROGRESSING,PROGRESSION_SIGNAL,Souveraineté numérique,PRIORITY_STANDARD,IMPROVEMENT,111
ZMB,2022,PRES,AFE,PROGRESSING,PROGRESSION_SIGNAL,Certification énergie-eau,PRIORITY_STANDARD,IMPROVEMENT,191
ZMB,2022,PTRA,AFE,DECLINING,DETERIORATION_ALERT,Transport et logistique,PRIORITY_HIGH,DETERIORATION,108
ZMB,2023,PECO,AFE,STABLE,STABILITY_SIGNAL,Diversification économique,PRIORITY_STANDARD,STABLE,251
ZMB,2023,PENV,AFE,DECLINING,DETERIORATION_ALERT,Résilience environnementale,PRIORITY_HIGH,DETERIORATION,159
ZMB,2023,PGEO,AFE,DECLINING,DECLINE_SIGNAL,Gouvernance géopolitique et stabilité,PRIORITY_HIGH,DETERIORATION,153
ZMB,2023,PHUM,AFE,STABLE,STABILITY_SIGNAL,Capital humain,PRIORITY_STANDARD,STABLE,123
ZMB,2023,PMIL,AFE,CRITICAL,DETERIORATION_ALERT,Résilience sécuritaire,PRIORITY_CRITICAL,STRONG_DETERIORATION,149
ZMB,2023,PMIN,AFE,STABLE,STABILITY_SIGNAL,Chaîne de valeur minière,PRIORITY_STANDARD,STABLE,536
ZMB,2023,PMON,AFE,STABLE,STABILITY_SIGNAL,Résilience monétaire et financière,PRIORITY_STANDARD,STABLE,161
ZMB,2023,PNUM,AFE,PROGRESSING,PROGRESSION_SIGNAL,Souveraineté numérique,PRIORITY_STANDARD,IMPROVEMENT,115
ZMB,2023,PRES,AFE,PROGRESSING,PROGRESSION_SIGNAL,Certification énergie-eau,PRIORITY_STANDARD,IMPROVEMENT,253
ZMB,2023,PTRA,AFE,DECLINING,DETERIORATION_ALERT,Transport et logistique,PRIORITY_HIGH,DETERIORATION,108
ZMB,2024,PECO,AFE,STABLE,STABILITY_SIGNAL,Diversification économique,PRIORITY_STANDARD,STABLE,251
ZMB,2024,PENV,AFE,DECLINING,DECLINE_SIGNAL,Résilience environnementale,PRIORITY_HIGH,DETERIORATION,190
ZMB,2024,PGEO,AFE,DECLINING,DECLINE_SIGNAL,Gouvernance géopolitique et stabilité,PRIORITY_HIGH,DETERIORATION,153
ZMB,2024,PHUM,AFE,STABLE,STABILITY_SIGNAL,Capital humain,PRIORITY_STANDARD,STABLE,126
ZMB,2024,PMIL,AFE,CRITICAL,DETERIORATION_ALERT,Résilience sécuritaire,PRIORITY_CRITICAL,STRONG_DETERIORATION,149
ZMB,2024,PMIN,AFE,STABLE,STABILITY_SIGNAL,Chaîne de valeur minière,PRIORITY_STANDARD,STABLE,568
ZMB,2024,PMON,AFE,STABLE,STABILITY_SIGNAL,Résilience monétaire et financière,PRIORITY_STANDARD,STABLE,161
ZMB,2024,PNUM,AFE,PROGRESSING,PROGRESSION_SIGNAL,Souveraineté numérique,PRIORITY_STANDARD,IMPROVEMENT,112
ZMB,2024,PRES,AFE,PROGRESSING,PROGRESSION_SIGNAL,Certification énergie-eau,PRIORITY_STANDARD,IMPROVEMENT,284
ZMB,2024,PTRA,AFE,DECLINING,DETERIORATION_ALERT,Transport et logistique,PRIORITY_HIGH,DETERIORATION,225
ZWE,2020,PECO,AFE,CRITICAL,DECLINE_SIGNAL,Diversification économique,PRIORITY_HIGH,STRONG_DETERIORATION,254
ZWE,2020,PENV,AFE,CRITICAL,DETERIORATION_ALERT,Résilience environnementale,PRIORITY_CRITICAL,STRONG_DETERIORATION,106
ZWE,2020,PGEO,AFE,STABLE,STABILITY_SIGNAL,Gouvernance géopolitique et stabilité,PRIORITY_STANDARD,STABLE,159
ZWE,2020,PHUM,AFE,DECLINING,DECLINE_SIGNAL,Capital humain,PRIORITY_HIGH,DETERIORATION,117
ZWE,2020,PMIL,AFE,ACCELERATING,PROGRESSION_SIGNAL,Résilience sécuritaire,PRIORITY_STANDARD,STRONG_IMPROVEMENT,86
ZWE,2020,PMIN,AFE,ACCELERATING,ACCELERATION_SIGNAL,Chaîne de valeur minière,PRIORITY_STANDARD,STRONG_IMPROVEMENT,532
ZWE,2020,PMON,AFE,DECLINING,DETERIORATION_ALERT,Résilience monétaire et financière,PRIORITY_HIGH,DETERIORATION,129
ZWE,2020,PNUM,AFE,STABLE,STABILITY_SIGNAL,Souveraineté numérique,PRIORITY_STANDARD,STABLE,111
ZWE,2020,PRES,AFE,PROGRESSING,PROGRESSION_SIGNAL,Certification énergie-eau,PRIORITY_STANDARD,IMPROVEMENT,98
ZWE,2020,PTRA,AFE,CRITICAL,DETERIORATION_ALERT,Transport et logistique,PRIORITY_CRITICAL,STRONG_DETERIORATION,108
ZWE,2021,PECO,AFE,CRITICAL,DECLINE_SIGNAL,Diversification économique,PRIORITY_HIGH,STRONG_DETERIORATION,231
ZWE,2021,PENV,AFE,CRITICAL,DECLINE_SIGNAL,Résilience environnementale,PRIORITY_CRITICAL,STRONG_DETERIORATION,108
ZWE,2021,PGEO,AFE,STABLE,STABILITY_SIGNAL,Gouvernance géopolitique et stabilité,PRIORITY_STANDARD,STABLE,159
ZWE,2021,PHUM,AFE,DECLINING,DECLINE_SIGNAL,Capital humain,PRIORITY_HIGH,DETERIORATION,117
ZWE,2021,PMIL,AFE,ACCELERATING,PROGRESSION_SIGNAL,Résilience sécuritaire,PRIORITY_STANDARD,STRONG_IMPROVEMENT,117
ZWE,2021,PMIN,AFE,ACCELERATING,ACCELERATION_SIGNAL,Chaîne de valeur minière,PRIORITY_STANDARD,STRONG_IMPROVEMENT,297
ZWE,2021,PMON,AFE,DECLINING,DETERIORATION_ALERT,Résilience monétaire et financière,PRIORITY_HIGH,DETERIORATION,98
ZWE,2021,PNUM,AFE,STABLE,STABILITY_SIGNAL,Souveraineté numérique,PRIORITY_STANDARD,STABLE,114
ZWE,2021,PRES,AFE,PROGRESSING,PROGRESSION_SIGNAL,Certification énergie-eau,PRIORITY_STANDARD,IMPROVEMENT,98
ZWE,2021,PTRA,AFE,CRITICAL,DETERIORATION_ALERT,Transport et logistique,PRIORITY_CRITICAL,STRONG_DETERIORATION,108
ZWE,2022,PECO,AFE,CRITICAL,DECLINE_SIGNAL,Diversification économique,PRIORITY_HIGH,STRONG_DETERIORATION,231
ZWE,2022,PENV,AFE,CRITICAL,DETERIORATION_ALERT,Résilience environnementale,PRIORITY_CRITICAL,STRONG_DETERIORATION,154
ZWE,2022,PGEO,AFE,STABLE,STABILITY_SIGNAL,Gouvernance géopolitique et stabilité,PRIORITY_STANDARD,STABLE,159
ZWE,2022,PHUM,AFE,DECLINING,DECLINE_SIGNAL,Capital humain,PRIORITY_HIGH,DETERIORATION,117
ZWE,2022,PMIL,AFE,ACCELERATING,PROGRESSION_SIGNAL,Résilience sécuritaire,PRIORITY_STANDARD,STRONG_IMPROVEMENT,117
ZWE,2022,PMIN,AFE,ACCELERATING,ACCELERATION_SIGNAL,Chaîne de valeur minière,PRIORITY_STANDARD,STRONG_IMPROVEMENT,540
ZWE,2022,PMON,AFE,DECLINING,DETERIORATION_ALERT,Résilience monétaire et financière,PRIORITY_HIGH,DETERIORATION,98
ZWE,2022,PNUM,AFE,STABLE,STABILITY_SIGNAL,Souveraineté numérique,PRIORITY_STANDARD,STABLE,111
ZWE,2022,PRES,AFE,PROGRESSING,PROGRESSION_SIGNAL,Certification énergie-eau,PRIORITY_STANDARD,IMPROVEMENT,191
ZWE,2022,PTRA,AFE,CRITICAL,DETERIORATION_ALERT,Transport et logistique,PRIORITY_CRITICAL,STRONG_DETERIORATION,108
ZWE,2023,PECO,AFE,CRITICAL,DETERIORATION_ALERT,Diversification économique,PRIORITY_HIGH,STRONG_DETERIORATION,231
ZWE,2023,PENV,AFE,CRITICAL,DETERIORATION_ALERT,Résilience environnementale,PRIORITY_CRITICAL,STRONG_DETERIORATION,158
ZWE,2023,PGEO,AFE,STABLE,STABILITY_SIGNAL,Gouvernance géopolitique et stabilité,PRIORITY_STANDARD,STABLE,159
ZWE,2023,PHUM,AFE,DECLINING,DECLINE_SIGNAL,Capital humain,PRIORITY_HIGH,DETERIORATION,118
ZWE,2023,PMIL,AFE,ACCELERATING,ACCELERATION_SIGNAL,Résilience sécuritaire,PRIORITY_STANDARD,STRONG_IMPROVEMENT,149
ZWE,2023,PMIN,AFE,ACCELERATING,ACCELERATION_SIGNAL,Chaîne de valeur minière,PRIORITY_STANDARD,STRONG_IMPROVEMENT,500
ZWE,2023,PMON,AFE,DECLINING,DETERIORATION_ALERT,Résilience monétaire et financière,PRIORITY_HIGH,DETERIORATION,129
ZWE,2023,PNUM,AFE,STABLE,STABILITY_SIGNAL,Souveraineté numérique,PRIORITY_STANDARD,STABLE,115
ZWE,2023,PRES,AFE,PROGRESSING,PROGRESSION_SIGNAL,Certification énergie-eau,PRIORITY_STANDARD,IMPROVEMENT,253
ZWE,2023,PTRA,AFE,CRITICAL,DETERIORATION_ALERT,Transport et logistique,PRIORITY_CRITICAL,STRONG_DETERIORATION,108
ZWE,2024,PECO,AFE,CRITICAL,DECLINE_SIGNAL,Diversification économique,PRIORITY_HIGH,STRONG_DETERIORATION,231
ZWE,2024,PENV,AFE,CRITICAL,DETERIORATION_ALERT,Résilience environnementale,PRIORITY_CRITICAL,STRONG_DETERIORATION,166
ZWE,2024,PGEO,AFE,STABLE,STABILITY_SIGNAL,Gouvernance géopolitique et stabilité,PRIORITY_STANDARD,STABLE,159
ZWE,2024,PHUM,AFE,DECLINING,DECLINE_SIGNAL,Capital humain,PRIORITY_HIGH,DETERIORATION,123
ZWE,2024,PMIL,AFE,ACCELERATING,PROGRESSION_SIGNAL,Résilience sécuritaire,PRIORITY_STANDARD,STRONG_IMPROVEMENT,149
ZWE,2024,PMIN,AFE,ACCELERATING,ACCELERATION_SIGNAL,Chaîne de valeur minière,PRIORITY_STANDARD,STRONG_IMPROVEMENT,540
ZWE,2024,PMON,AFE,DECLINING,DETERIORATION_ALERT,Résilience monétaire et financière,PRIORITY_HIGH,DETERIORATION,191
ZWE,2024,PNUM,AFE,STABLE,STABILITY_SIGNAL,Souveraineté numérique,PRIORITY_STANDARD,STABLE,81
ZWE,2024,PRES,AFE,PROGRESSING,PROGRESSION_SIGNAL,Certification énergie-eau,PRIORITY_STANDARD,IMPROVEMENT,284
ZWE,2024,PTRA,AFE,CRITICAL,DETERIORATION_ALERT,Transport et logistique,PRIORITY_CRITICAL,STRONG_DETERIORATION,225
