country_iso3,year,pillar_code,trajectory_class,trajectory_signal,intervention_family_label,country_sovereign_alert_level
AGO,2024,PECO,PROGRESSING,PROGRESSION_SIGNAL,Diversification économique,YELLOW
AGO,2024,PENV,CRITICAL,DECLINE_SIGNAL,Résilience environnementale,YELLOW
AGO,2024,PGEO,STABLE,STABILITY_SIGNAL,Gouvernance géopolitique et stabilité,YELLOW
AGO,2024,PHUM,STABLE,STABILITY_SIGNAL,Capital humain,YELLOW
AGO,2024,PMIL,PROGRESSING,PROGRESSION_SIGNAL,Résilience sécuritaire,YELLOW
AGO,2024,PMIN,PROGRESSING,PROGRESSION_SIGNAL,Chaîne de valeur minière,YELLOW
AGO,2024,PMON,ACCELERATING,ACCELERATION_SIGNAL,Résilience monétaire et financière,YELLOW
AGO,2024,PNUM,PROGRESSING,PROGRESSION_SIGNAL,Souveraineté numérique,YELLOW
AGO,2024,PRES,PROGRESSING,PROGRESSION_SIGNAL,Certification énergie-eau,YELLOW
AGO,2024,PTRA,CRITICAL,DETERIORATION_ALERT,Transport et logistique,YELLOW
BDI,2024,PECO,CRITICAL,DECLINE_SIGNAL,Diversification économique,YELLOW
BDI,2024,PENV,DECLINING,DETERIORATION_ALERT,Résilience environnementale,YELLOW
BDI,2024,PGEO,STABLE,STABILITY_SIGNAL,Gouvernance géopolitique et stabilité,YELLOW
BDI,2024,PHUM,STABLE,STABILITY_SIGNAL,Capital humain,YELLOW
BDI,2024,PMIL,ACCELERATING,PROGRESSION_SIGNAL,Résilience sécuritaire,YELLOW
BDI,2024,PMIN,STABLE,STABILITY_SIGNAL,Chaîne de valeur minière,YELLOW
BDI,2024,PMON,PROGRESSING,PROGRESSION_SIGNAL,Résilience monétaire et financière,YELLOW
BDI,2024,PNUM,STABLE,STABILITY_SIGNAL,Souveraineté numérique,YELLOW
BDI,2024,PRES,CRITICAL,DETERIORATION_ALERT,Certification énergie-eau,YELLOW
BDI,2024,PTRA,PROGRESSING,PROGRESSION_SIGNAL,Transport et logistique,YELLOW
BEN,2024,PECO,STABLE,STABILITY_SIGNAL,Diversification économique,YELLOW
BEN,2024,PENV,CRITICAL,DETERIORATION_ALERT,Résilience environnementale,YELLOW
BEN,2024,PGEO,DECLINING,DECLINE_SIGNAL,Gouvernance géopolitique et stabilité,YELLOW
BEN,2024,PHUM,DECLINING,DECLINE_SIGNAL,Capital humain,YELLOW
BEN,2024,PMIL,PROGRESSING,PROGRESSION_SIGNAL,Résilience sécuritaire,YELLOW
BEN,2024,PMIN,PROGRESSING,PROGRESSION_SIGNAL,Chaîne de valeur minière,YELLOW
BEN,2024,PMON,DECLINING,DETERIORATION_ALERT,Résilience monétaire et financière,YELLOW
BEN,2024,PNUM,PROGRESSING,PROGRESSION_SIGNAL,Souveraineté numérique,YELLOW
BEN,2024,PRES,STABLE,STABILITY_SIGNAL,Certification énergie-eau,YELLOW
BEN,2024,PTRA,CRITICAL,DETERIORATION_ALERT,Transport et logistique,YELLOW
BFA,2024,PECO,DECLINING,DECLINE_SIGNAL,Diversification économique,YELLOW
BFA,2024,PENV,CRITICAL,DETERIORATION_ALERT,Résilience environnementale,YELLOW
BFA,2024,PGEO,DECLINING,DECLINE_SIGNAL,Gouvernance géopolitique et stabilité,YELLOW
BFA,2024,PHUM,STABLE,STABILITY_SIGNAL,Capital humain,YELLOW
BFA,2024,PMIL,CRITICAL,DETERIORATION_ALERT,Résilience sécuritaire,YELLOW
BFA,2024,PMIN,ACCELERATING,PROGRESSION_SIGNAL,Chaîne de valeur minière,YELLOW
BFA,2024,PMON,STABLE,STABILITY_SIGNAL,Résilience monétaire et financière,YELLOW
BFA,2024,PNUM,ACCELERATING,PROGRESSION_SIGNAL,Souveraineté numérique,YELLOW
BFA,2024,PRES,STABLE,STABILITY_SIGNAL,Certification énergie-eau,YELLOW
BFA,2024,PTRA,CRITICAL,DETERIORATION_ALERT,Transport et logistique,YELLOW
BWA,2024,PECO,ACCELERATING,PROGRESSION_SIGNAL,Diversification économique,YELLOW
BWA,2024,PENV,CRITICAL,DETERIORATION_ALERT,Résilience environnementale,YELLOW
BWA,2024,PGEO,STABLE,STABILITY_SIGNAL,Gouvernance géopolitique et stabilité,YELLOW
BWA,2024,PHUM,DECLINING,DECLINE_SIGNAL,Capital humain,YELLOW
BWA,2024,PMIL,STABLE,STABILITY_SIGNAL,Résilience sécuritaire,YELLOW
BWA,2024,PMIN,STABLE,STABILITY_SIGNAL,Chaîne de valeur minière,YELLOW
BWA,2024,PMON,STABLE,STABILITY_SIGNAL,Résilience monétaire et financière,YELLOW
BWA,2024,PNUM,PROGRESSING,PROGRESSION_SIGNAL,Souveraineté numérique,YELLOW
BWA,2024,PRES,CRITICAL,DETERIORATION_ALERT,Certification énergie-eau,YELLOW
BWA,2024,PTRA,CRITICAL,DETERIORATION_ALERT,Transport et logistique,YELLOW
CAF,2024,PECO,DECLINING,DECLINE_SIGNAL,Diversification économique,YELLOW
CAF,2024,PENV,CRITICAL,DETERIORATION_ALERT,Résilience environnementale,YELLOW
CAF,2024,PGEO,STABLE,STABILITY_SIGNAL,Gouvernance géopolitique et stabilité,YELLOW
CAF,2024,PHUM,STABLE,STABILITY_SIGNAL,Capital humain,YELLOW
CAF,2024,PMIL,STABLE,STABILITY_SIGNAL,Résilience sécuritaire,YELLOW
CAF,2024,PMIN,STABLE,STABILITY_SIGNAL,Chaîne de valeur minière,YELLOW
CAF,2024,PMON,DECLINING,DETERIORATION_ALERT,Résilience monétaire et financière,YELLOW
CAF,2024,PNUM,STABLE,STABILITY_SIGNAL,Souveraineté numérique,YELLOW
CAF,2024,PRES,DECLINING,DETERIORATION_ALERT,Certification énergie-eau,YELLOW
CAF,2024,PTRA,DECLINING,DETERIORATION_ALERT,Transport et logistique,YELLOW
CIV,2024,PECO,DECLINING,DECLINE_SIGNAL,Diversification économique,YELLOW
CIV,2024,PENV,CRITICAL,DETERIORATION_ALERT,Résilience environnementale,YELLOW
CIV,2024,PGEO,STABLE,STABILITY_SIGNAL,Gouvernance géopolitique et stabilité,YELLOW
CIV,2024,PHUM,PROGRESSING,PROGRESSION_SIGNAL,Capital humain,YELLOW
CIV,2024,PMIL,DECLINING,DETERIORATION_ALERT,Résilience sécuritaire,YELLOW
CIV,2024,PMIN,PROGRESSING,PROGRESSION_SIGNAL,Chaîne de valeur minière,YELLOW
CIV,2024,PMON,DECLINING,DETERIORATION_ALERT,Résilience monétaire et financière,YELLOW
CIV,2024,PNUM,ACCELERATING,ACCELERATION_SIGNAL,Souveraineté numérique,YELLOW
CIV,2024,PRES,CRITICAL,DETERIORATION_ALERT,Certification énergie-eau,YELLOW
CIV,2024,PTRA,DECLINING,DETERIORATION_ALERT,Transport et logistique,YELLOW
CMR,2024,PECO,DECLINING,DECLINE_SIGNAL,Diversification économique,YELLOW
CMR,2024,PENV,CRITICAL,DETERIORATION_ALERT,Résilience environnementale,YELLOW
CMR,2024,PGEO,DECLINING,DECLINE_SIGNAL,Gouvernance géopolitique et stabilité,YELLOW
CMR,2024,PHUM,DECLINING,DECLINE_SIGNAL,Capital humain,YELLOW
CMR,2024,PMIL,PROGRESSING,PROGRESSION_SIGNAL,Résilience sécuritaire,YELLOW
CMR,2024,PMIN,PROGRESSING,PROGRESSION_SIGNAL,Chaîne de valeur minière,YELLOW
CMR,2024,PMON,CRITICAL,DETERIORATION_ALERT,Résilience monétaire et financière,YELLOW
CMR,2024,PNUM,STABLE,STABILITY_SIGNAL,Souveraineté numérique,YELLOW
CMR,2024,PRES,DECLINING,DETERIORATION_ALERT,Certification énergie-eau,YELLOW
CMR,2024,PTRA,DECLINING,DETERIORATION_ALERT,Transport et logistique,YELLOW
COD,2024,PECO,CRITICAL,DECLINE_SIGNAL,Diversification économique,YELLOW
COD,2024,PENV,CRITICAL,DECLINE_SIGNAL,Résilience environnementale,YELLOW
COD,2024,PGEO,STABLE,STABILITY_SIGNAL,Gouvernance géopolitique et stabilité,YELLOW
COD,2024,PHUM,DECLINING,DETERIORATION_ALERT,Capital humain,YELLOW
COD,2024,PMIL,ACCELERATING,PROGRESSION_SIGNAL,Résilience sécuritaire,YELLOW
COD,2024,PMIN,STABLE,STABILITY_SIGNAL,Chaîne de valeur minière,YELLOW
COD,2024,PMON,DECLINING,DECLINE_SIGNAL,Résilience monétaire et financière,YELLOW
COD,2024,PNUM,PROGRESSING,PROGRESSION_SIGNAL,Souveraineté numérique,YELLOW
COD,2024,PRES,STABLE,STABILITY_SIGNAL,Certification énergie-eau,YELLOW
COD,2024,PTRA,CRITICAL,DETERIORATION_ALERT,Transport et logistique,YELLOW
COG,2024,PECO,CRITICAL,DECLINE_SIGNAL,Diversification économique,YELLOW
COG,2024,PENV,CRITICAL,DETERIORATION_ALERT,Résilience environnementale,YELLOW
COG,2024,PGEO,STABLE,STABILITY_SIGNAL,Gouvernance géopolitique et stabilité,YELLOW
COG,2024,PHUM,CRITICAL,DETERIORATION_ALERT,Capital humain,YELLOW
COG,2024,PMIL,ACCELERATING,PROGRESSION_SIGNAL,Résilience sécuritaire,YELLOW
COG,2024,PMIN,PROGRESSING,PROGRESSION_SIGNAL,Chaîne de valeur minière,YELLOW
COG,2024,PMON,CRITICAL,DETERIORATION_ALERT,Résilience monétaire et financière,YELLOW
COG,2024,PNUM,STABLE,STABILITY_SIGNAL,Souveraineté numérique,YELLOW
COG,2024,PRES,STABLE,STABILITY_SIGNAL,Certification énergie-eau,YELLOW
COG,2024,PTRA,CRITICAL,DETERIORATION_ALERT,Transport et logistique,YELLOW
COM,2024,PECO,PROGRESSING,PROGRESSION_SIGNAL,Diversification économique,YELLOW
COM,2024,PENV,CRITICAL,DETERIORATION_ALERT,Résilience environnementale,YELLOW
COM,2024,PGEO,STABLE,STABILITY_SIGNAL,Gouvernance géopolitique et stabilité,YELLOW
COM,2024,PHUM,STABLE,STABILITY_SIGNAL,Capital humain,YELLOW
COM,2024,PMIL,STABLE,STABILITY_SIGNAL,Résilience sécuritaire,YELLOW
COM,2024,PMIN,STABLE,STABILITY_SIGNAL,Chaîne de valeur minière,YELLOW
COM,2024,PMON,STABLE,STABILITY_SIGNAL,Résilience monétaire et financière,YELLOW
COM,2024,PNUM,STABLE,STABILITY_SIGNAL,Souveraineté numérique,YELLOW
COM,2024,PRES,CRITICAL,DETERIORATION_ALERT,Certification énergie-eau,YELLOW
COM,2024,PTRA,CRITICAL,DETERIORATION_ALERT,Transport et logistique,YELLOW
CPV,2024,PECO,CRITICAL,DETERIORATION_ALERT,Diversification économique,YELLOW
CPV,2024,PENV,CRITICAL,DETERIORATION_ALERT,Résilience environnementale,YELLOW
CPV,2024,PGEO,STABLE,STABILITY_SIGNAL,Gouvernance géopolitique et stabilité,YELLOW
CPV,2024,PHUM,DECLINING,DECLINE_SIGNAL,Capital humain,YELLOW
CPV,2024,PMIL,DECLINING,DETERIORATION_ALERT,Résilience sécuritaire,YELLOW
CPV,2024,PMIN,STABLE,STABILITY_SIGNAL,Chaîne de valeur minière,YELLOW
CPV,2024,PMON,STABLE,STABILITY_SIGNAL,Résilience monétaire et financière,YELLOW
CPV,2024,PNUM,DECLINING,DECLINE_SIGNAL,Souveraineté numérique,YELLOW
CPV,2024,PRES,DECLINING,DETERIORATION_ALERT,Certification énergie-eau,YELLOW
CPV,2024,PTRA,CRITICAL,DETERIORATION_ALERT,Transport et logistique,YELLOW
DJI,2024,PECO,STABLE,STABILITY_SIGNAL,Diversification économique,YELLOW
DJI,2024,PENV,DECLINING,DETERIORATION_ALERT,Résilience environnementale,YELLOW
DJI,2024,PGEO,STABLE,STABILITY_SIGNAL,Gouvernance géopolitique et stabilité,YELLOW
DJI,2024,PHUM,DECLINING,DECLINE_SIGNAL,Capital humain,YELLOW
DJI,2024,PMIL,PROGRESSING,PROGRESSION_SIGNAL,Résilience sécuritaire,YELLOW
DJI,2024,PMIN,PROGRESSING,PROGRESSION_SIGNAL,Chaîne de valeur minière,YELLOW
DJI,2024,PMON,PROGRESSING,PROGRESSION_SIGNAL,Résilience monétaire et financière,YELLOW
DJI,2024,PNUM,STABLE,STABILITY_SIGNAL,Souveraineté numérique,YELLOW
DJI,2024,PRES,STABLE,STABILITY_SIGNAL,Certification énergie-eau,YELLOW
DJI,2024,PTRA,CRITICAL,DETERIORATION_ALERT,Transport et logistique,YELLOW
DZA,2024,PECO,CRITICAL,DECLINE_SIGNAL,Diversification économique,YELLOW
DZA,2024,PENV,DECLINING,DETERIORATION_ALERT,Résilience environnementale,YELLOW
DZA,2024,PGEO,STABLE,STABILITY_SIGNAL,Gouvernance géopolitique et stabilité,YELLOW
DZA,2024,PHUM,DECLINING,DECLINE_SIGNAL,Capital humain,YELLOW
DZA,2024,PMIL,ACCELERATING,ACCELERATION_SIGNAL,Résilience sécuritaire,YELLOW
DZA,2024,PMIN,PROGRESSING,PROGRESSION_SIGNAL,Chaîne de valeur minière,YELLOW
DZA,2024,PMON,PROGRESSING,PROGRESSION_SIGNAL,Résilience monétaire et financière,YELLOW
DZA,2024,PNUM,PROGRESSING,PROGRESSION_SIGNAL,Souveraineté numérique,YELLOW
DZA,2024,PRES,CRITICAL,DETERIORATION_ALERT,Certification énergie-eau,YELLOW
DZA,2024,PTRA,CRITICAL,DETERIORATION_ALERT,Transport et logistique,YELLOW
EGY,2024,PECO,CRITICAL,DECLINE_SIGNAL,Diversification économique,YELLOW
EGY,2024,PENV,CRITICAL,DETERIORATION_ALERT,Résilience environnementale,YELLOW
EGY,2024,PGEO,DECLINING,DECLINE_SIGNAL,Gouvernance géopolitique et stabilité,YELLOW
EGY,2024,PHUM,STABLE,STABILITY_SIGNAL,Capital humain,YELLOW
EGY,2024,PMIL,DECLINING,DETERIORATION_ALERT,Résilience sécuritaire,YELLOW
EGY,2024,PMIN,ACCELERATING,ACCELERATION_SIGNAL,Chaîne de valeur minière,YELLOW
EGY,2024,PMON,CRITICAL,DECLINE_SIGNAL,Résilience monétaire et financière,YELLOW
EGY,2024,PNUM,PROGRESSING,PROGRESSION_SIGNAL,Souveraineté numérique,YELLOW
EGY,2024,PRES,CRITICAL,DETERIORATION_ALERT,Certification énergie-eau,YELLOW
EGY,2024,PTRA,CRITICAL,DETERIORATION_ALERT,Transport et logistique,YELLOW
ERI,2024,PECO,CRITICAL,DECLINE_SIGNAL,Diversification économique,YELLOW
ERI,2024,PENV,CRITICAL,DETERIORATION_ALERT,Résilience environnementale,YELLOW
ERI,2024,PGEO,STABLE,STABILITY_SIGNAL,Gouvernance géopolitique et stabilité,YELLOW
ERI,2024,PHUM,CRITICAL,DETERIORATION_ALERT,Capital humain,YELLOW
ERI,2024,PMIL,ACCELERATING,ACCELERATION_SIGNAL,Résilience sécuritaire,YELLOW
ERI,2024,PMIN,ACCELERATING,PROGRESSION_SIGNAL,Chaîne de valeur minière,YELLOW
ERI,2024,PMON,STABLE,STABILITY_SIGNAL,Résilience monétaire et financière,YELLOW
ERI,2024,PNUM,PROGRESSING,PROGRESSION_SIGNAL,Souveraineté numérique,YELLOW
ERI,2024,PRES,PROGRESSING,PROGRESSION_SIGNAL,Certification énergie-eau,YELLOW
ERI,2024,PTRA,STABLE,STABILITY_SIGNAL,Transport et logistique,YELLOW
ETH,2024,PECO,ACCELERATING,ACCELERATION_SIGNAL,Diversification économique,YELLOW
ETH,2024,PENV,CRITICAL,DETERIORATION_ALERT,Résilience environnementale,YELLOW
ETH,2024,PGEO,DECLINING,DECLINE_SIGNAL,Gouvernance géopolitique et stabilité,YELLOW
ETH,2024,PHUM,DECLINING,DECLINE_SIGNAL,Capital humain,YELLOW
ETH,2024,PMIL,ACCELERATING,PROGRESSION_SIGNAL,Résilience sécuritaire,YELLOW
ETH,2024,PMIN,STABLE,STABILITY_SIGNAL,Chaîne de valeur minière,YELLOW
ETH,2024,PMON,DECLINING,DETERIORATION_ALERT,Résilience monétaire et financière,YELLOW
ETH,2024,PNUM,PROGRESSING,PROGRESSION_SIGNAL,Souveraineté numérique,YELLOW
ETH,2024,PRES,DECLINING,DETERIORATION_ALERT,Certification énergie-eau,YELLOW
ETH,2024,PTRA,CRITICAL,DETERIORATION_ALERT,Transport et logistique,YELLOW
GAB,2024,PECO,STABLE,STABILITY_SIGNAL,Diversification économique,YELLOW
GAB,2024,PENV,CRITICAL,DETERIORATION_ALERT,Résilience environnementale,YELLOW
GAB,2024,PGEO,STABLE,STABILITY_SIGNAL,Gouvernance géopolitique et stabilité,YELLOW
GAB,2024,PHUM,STABLE,STABILITY_SIGNAL,Capital humain,YELLOW
GAB,2024,PMIL,STABLE,STABILITY_SIGNAL,Résilience sécuritaire,YELLOW
GAB,2024,PMIN,PROGRESSING,PROGRESSION_SIGNAL,Chaîne de valeur minière,YELLOW
GAB,2024,PMON,CRITICAL,DETERIORATION_ALERT,Résilience monétaire et financière,YELLOW
GAB,2024,PNUM,STABLE,STABILITY_SIGNAL,Souveraineté numérique,YELLOW
GAB,2024,PRES,CRITICAL,DETERIORATION_ALERT,Certification énergie-eau,YELLOW
GAB,2024,PTRA,CRITICAL,DETERIORATION_ALERT,Transport et logistique,YELLOW
GHA,2024,PECO,CRITICAL,DETERIORATION_ALERT,Diversification économique,YELLOW
GHA,2024,PENV,CRITICAL,DETERIORATION_ALERT,Résilience environnementale,YELLOW
GHA,2024,PGEO,DECLINING,DECLINE_SIGNAL,Gouvernance géopolitique et stabilité,YELLOW
GHA,2024,PHUM,STABLE,STABILITY_SIGNAL,Capital humain,YELLOW
GHA,2024,PMIL,DECLINING,DETERIORATION_ALERT,Résilience sécuritaire,YELLOW
GHA,2024,PMIN,STABLE,STABILITY_SIGNAL,Chaîne de valeur minière,YELLOW
GHA,2024,PMON,STABLE,STABILITY_SIGNAL,Résilience monétaire et financière,YELLOW
GHA,2024,PNUM,ACCELERATING,ACCELERATION_SIGNAL,Souveraineté numérique,YELLOW
GHA,2024,PRES,CRITICAL,DETERIORATION_ALERT,Certification énergie-eau,YELLOW
GHA,2024,PTRA,CRITICAL,DETERIORATION_ALERT,Transport et logistique,YELLOW
GIN,2024,PECO,STABLE,STABILITY_SIGNAL,Diversification économique,YELLOW
GIN,2024,PENV,DECLINING,DECLINE_SIGNAL,Résilience environnementale,YELLOW
GIN,2024,PGEO,STABLE,STABILITY_SIGNAL,Gouvernance géopolitique et stabilité,YELLOW
GIN,2024,PHUM,STABLE,STABILITY_SIGNAL,Capital humain,YELLOW
GIN,2024,PMIL,PROGRESSING,PROGRESSION_SIGNAL,Résilience sécuritaire,YELLOW
GIN,2024,PMIN,ACCELERATING,ACCELERATION_SIGNAL,Chaîne de valeur minière,YELLOW
GIN,2024,PMON,PROGRESSING,PROGRESSION_SIGNAL,Résilience monétaire et financière,YELLOW
GIN,2024,PNUM,STABLE,STABILITY_SIGNAL,Souveraineté numérique,YELLOW
GIN,2024,PRES,STABLE,STABILITY_SIGNAL,Certification énergie-eau,YELLOW
GIN,2024,PTRA,CRITICAL,DETERIORATION_ALERT,Transport et logistique,YELLOW
GMB,2024,PECO,STABLE,STABILITY_SIGNAL,Diversification économique,YELLOW
GMB,2024,PENV,CRITICAL,DETERIORATION_ALERT,Résilience environnementale,YELLOW
GMB,2024,PGEO,DECLINING,DECLINE_SIGNAL,Gouvernance géopolitique et stabilité,YELLOW
GMB,2024,PHUM,CRITICAL,DECLINE_SIGNAL,Capital humain,YELLOW
GMB,2024,PMIL,STABLE,STABILITY_SIGNAL,Résilience sécuritaire,YELLOW
GMB,2024,PMIN,STABLE,STABILITY_SIGNAL,Chaîne de valeur minière,YELLOW
GMB,2024,PMON,PROGRESSING,PROGRESSION_SIGNAL,Résilience monétaire et financière,YELLOW
GMB,2024,PNUM,STABLE,STABILITY_SIGNAL,Souveraineté numérique,YELLOW
GMB,2024,PRES,CRITICAL,DETERIORATION_ALERT,Certification énergie-eau,YELLOW
GMB,2024,PTRA,CRITICAL,DETERIORATION_ALERT,Transport et logistique,YELLOW
GNB,2024,PECO,ACCELERATING,PROGRESSION_SIGNAL,Diversification économique,YELLOW
GNB,2024,PENV,CRITICAL,DETERIORATION_ALERT,Résilience environnementale,YELLOW
GNB,2024,PGEO,STABLE,STABILITY_SIGNAL,Gouvernance géopolitique et stabilité,YELLOW
GNB,2024,PHUM,STABLE,STABILITY_SIGNAL,Capital humain,YELLOW
GNB,2024,PMIL,CRITICAL,DETERIORATION_ALERT,Résilience sécuritaire,YELLOW
GNB,2024,PMIN,ACCELERATING,PROGRESSION_SIGNAL,Chaîne de valeur minière,YELLOW
GNB,2024,PMON,CRITICAL,DETERIORATION_ALERT,Résilience monétaire et financière,YELLOW
GNB,2024,PNUM,ACCELERATING,ACCELERATION_SIGNAL,Souveraineté numérique,YELLOW
GNB,2024,PRES,DECLINING,DETERIORATION_ALERT,Certification énergie-eau,YELLOW
GNB,2024,PTRA,CRITICAL,DETERIORATION_ALERT,Transport et logistique,YELLOW
GNQ,2024,PECO,CRITICAL,DECLINE_SIGNAL,Diversification économique,YELLOW
GNQ,2024,PENV,CRITICAL,DETERIORATION_ALERT,Résilience environnementale,YELLOW
GNQ,2024,PGEO,STABLE,STABILITY_SIGNAL,Gouvernance géopolitique et stabilité,YELLOW
GNQ,2024,PHUM,PROGRESSING,PROGRESSION_SIGNAL,Capital humain,YELLOW
GNQ,2024,PMIL,ACCELERATING,PROGRESSION_SIGNAL,Résilience sécuritaire,YELLOW
GNQ,2024,PMIN,STABLE,STABILITY_SIGNAL,Chaîne de valeur minière,YELLOW
GNQ,2024,PMON,CRITICAL,DETERIORATION_ALERT,Résilience monétaire et financière,YELLOW
GNQ,2024,PNUM,DECLINING,DETERIORATION_ALERT,Souveraineté numérique,YELLOW
GNQ,2024,PRES,CRITICAL,DETERIORATION_ALERT,Certification énergie-eau,YELLOW
GNQ,2024,PTRA,CRITICAL,DETERIORATION_ALERT,Transport et logistique,YELLOW
KEN,2024,PECO,PROGRESSING,PROGRESSION_SIGNAL,Diversification économique,YELLOW
KEN,2024,PENV,DECLINING,DETERIORATION_ALERT,Résilience environnementale,YELLOW
KEN,2024,PGEO,STABLE,STABILITY_SIGNAL,Gouvernance géopolitique et stabilité,YELLOW
KEN,2024,PHUM,PROGRESSING,PROGRESSION_SIGNAL,Capital humain,YELLOW
KEN,2024,PMIL,STABLE,STABILITY_SIGNAL,Résilience sécuritaire,YELLOW
KEN,2024,PMIN,ACCELERATING,ACCELERATION_SIGNAL,Chaîne de valeur minière,YELLOW
KEN,2024,PMON,STABLE,STABILITY_SIGNAL,Résilience monétaire et financière,YELLOW
KEN,2024,PNUM,ACCELERATING,ACCELERATION_SIGNAL,Souveraineté numérique,YELLOW
KEN,2024,PRES,STABLE,STABILITY_SIGNAL,Certification énergie-eau,YELLOW
KEN,2024,PTRA,DECLINING,DETERIORATION_ALERT,Transport et logistique,YELLOW
LBR,2024,PECO,DECLINING,DECLINE_SIGNAL,Diversification économique,YELLOW
LBR,2024,PENV,CRITICAL,DETERIORATION_ALERT,Résilience environnementale,YELLOW
LBR,2024,PGEO,STABLE,STABILITY_SIGNAL,Gouvernance géopolitique et stabilité,YELLOW
LBR,2024,PHUM,DECLINING,DECLINE_SIGNAL,Capital humain,YELLOW
LBR,2024,PMIL,CRITICAL,DETERIORATION_ALERT,Résilience sécuritaire,YELLOW
LBR,2024,PMIN,PROGRESSING,PROGRESSION_SIGNAL,Chaîne de valeur minière,YELLOW
LBR,2024,PMON,DECLINING,DETERIORATION_ALERT,Résilience monétaire et financière,YELLOW
LBR,2024,PNUM,DECLINING,DETERIORATION_ALERT,Souveraineté numérique,YELLOW
LBR,2024,PRES,ACCELERATING,ACCELERATION_SIGNAL,Certification énergie-eau,YELLOW
LBR,2024,PTRA,CRITICAL,DETERIORATION_ALERT,Transport et logistique,YELLOW
LBY,2024,PECO,DECLINING,DECLINE_SIGNAL,Diversification économique,YELLOW
LBY,2024,PENV,DECLINING,DETERIORATION_ALERT,Résilience environnementale,YELLOW
LBY,2024,PGEO,STABLE,STABILITY_SIGNAL,Gouvernance géopolitique et stabilité,YELLOW
LBY,2024,PHUM,DECLINING,DECLINE_SIGNAL,Capital humain,YELLOW
LBY,2024,PMIL,CRITICAL,DETERIORATION_ALERT,Résilience sécuritaire,YELLOW
LBY,2024,PMIN,STABLE,STABILITY_SIGNAL,Chaîne de valeur minière,YELLOW
LBY,2024,PMON,CRITICAL,DECLINE_SIGNAL,Résilience monétaire et financière,YELLOW
LBY,2024,PNUM,DECLINING,DETERIORATION_ALERT,Souveraineté numérique,YELLOW
LBY,2024,PRES,CRITICAL,DETERIORATION_ALERT,Certification énergie-eau,YELLOW
LBY,2024,PTRA,CRITICAL,DETERIORATION_ALERT,Transport et logistique,YELLOW
LSO,2024,PECO,PROGRESSING,PROGRESSION_SIGNAL,Diversification économique,YELLOW
LSO,2024,PENV,DECLINING,DETERIORATION_ALERT,Résilience environnementale,YELLOW
LSO,2024,PGEO,STABLE,STABILITY_SIGNAL,Gouvernance géopolitique et stabilité,YELLOW
LSO,2024,PHUM,DECLINING,DECLINE_SIGNAL,Capital humain,YELLOW
LSO,2024,PMIL,CRITICAL,DETERIORATION_ALERT,Résilience sécuritaire,YELLOW
LSO,2024,PMIN,STABLE,STABILITY_SIGNAL,Chaîne de valeur minière,YELLOW
LSO,2024,PMON,DECLINING,DETERIORATION_ALERT,Résilience monétaire et financière,YELLOW
LSO,2024,PNUM,STABLE,STABILITY_SIGNAL,Souveraineté numérique,YELLOW
LSO,2024,PRES,DECLINING,DETERIORATION_ALERT,Certification énergie-eau,YELLOW
LSO,2024,PTRA,DECLINING,DETERIORATION_ALERT,Transport et logistique,YELLOW
MAR,2024,PECO,DECLINING,DECLINE_SIGNAL,Diversification économique,YELLOW
MAR,2024,PENV,CRITICAL,DETERIORATION_ALERT,Résilience environnementale,YELLOW
MAR,2024,PGEO,DECLINING,DECLINE_SIGNAL,Gouvernance géopolitique et stabilité,YELLOW
MAR,2024,PHUM,DECLINING,DECLINE_SIGNAL,Capital humain,YELLOW
MAR,2024,PMIL,PROGRESSING,PROGRESSION_SIGNAL,Résilience sécuritaire,YELLOW
MAR,2024,PMIN,DECLINING,DECLINE_SIGNAL,Chaîne de valeur minière,YELLOW
MAR,2024,PMON,STABLE,STABILITY_SIGNAL,Résilience monétaire et financière,YELLOW
MAR,2024,PNUM,ACCELERATING,ACCELERATION_SIGNAL,Souveraineté numérique,YELLOW
MAR,2024,PRES,CRITICAL,DETERIORATION_ALERT,Certification énergie-eau,YELLOW
MAR,2024,PTRA,STABLE,STABILITY_SIGNAL,Transport et logistique,YELLOW
MDG,2024,PECO,STABLE,STABILITY_SIGNAL,Diversification économique,YELLOW
MDG,2024,PENV,CRITICAL,DETERIORATION_ALERT,Résilience environnementale,YELLOW
MDG,2024,PGEO,STABLE,STABILITY_SIGNAL,Gouvernance géopolitique et stabilité,YELLOW
MDG,2024,PHUM,DECLINING,DECLINE_SIGNAL,Capital humain,YELLOW
MDG,2024,PMIL,ACCELERATING,PROGRESSION_SIGNAL,Résilience sécuritaire,YELLOW
MDG,2024,PMIN,ACCELERATING,ACCELERATION_SIGNAL,Chaîne de valeur minière,YELLOW
MDG,2024,PMON,PROGRESSING,PROGRESSION_SIGNAL,Résilience monétaire et financière,YELLOW
MDG,2024,PNUM,PROGRESSING,PROGRESSION_SIGNAL,Souveraineté numérique,YELLOW
MDG,2024,PRES,CRITICAL,DETERIORATION_ALERT,Certification énergie-eau,YELLOW
MDG,2024,PTRA,CRITICAL,DETERIORATION_ALERT,Transport et logistique,YELLOW
MLI,2024,PECO,CRITICAL,DECLINE_SIGNAL,Diversification économique,YELLOW
MLI,2024,PENV,DECLINING,DETERIORATION_ALERT,Résilience environnementale,YELLOW
MLI,2024,PGEO,DECLINING,DETERIORATION_ALERT,Gouvernance géopolitique et stabilité,YELLOW
MLI,2024,PHUM,PROGRESSING,PROGRESSION_SIGNAL,Capital humain,YELLOW
MLI,2024,PMIL,ACCELERATING,ACCELERATION_SIGNAL,Résilience sécuritaire,YELLOW
MLI,2024,PMIN,STABLE,STABILITY_SIGNAL,Chaîne de valeur minière,YELLOW
MLI,2024,PMON,DECLINING,DETERIORATION_ALERT,Résilience monétaire et financière,YELLOW
MLI,2024,PNUM,STABLE,STABILITY_SIGNAL,Souveraineté numérique,YELLOW
MLI,2024,PRES,PROGRESSING,PROGRESSION_SIGNAL,Certification énergie-eau,YELLOW
MLI,2024,PTRA,CRITICAL,DETERIORATION_ALERT,Transport et logistique,YELLOW
MOZ,2024,PECO,STABLE,STABILITY_SIGNAL,Diversification économique,YELLOW
MOZ,2024,PENV,CRITICAL,DECLINE_SIGNAL,Résilience environnementale,YELLOW
MOZ,2024,PGEO,STABLE,STABILITY_SIGNAL,Gouvernance géopolitique et stabilité,YELLOW
MOZ,2024,PHUM,PROGRESSING,PROGRESSION_SIGNAL,Capital humain,YELLOW
MOZ,2024,PMIL,STABLE,STABILITY_SIGNAL,Résilience sécuritaire,YELLOW
MOZ,2024,PMIN,DECLINING,DECLINE_SIGNAL,Chaîne de valeur minière,YELLOW
MOZ,2024,PMON,PROGRESSING,PROGRESSION_SIGNAL,Résilience monétaire et financière,YELLOW
MOZ,2024,PNUM,STABLE,STABILITY_SIGNAL,Souveraineté numérique,YELLOW
MOZ,2024,PRES,DECLINING,DETERIORATION_ALERT,Certification énergie-eau,YELLOW
MOZ,2024,PTRA,DECLINING,DETERIORATION_ALERT,Transport et logistique,YELLOW
MRT,2024,PECO,DECLINING,DECLINE_SIGNAL,Diversification économique,YELLOW
MRT,2024,PENV,STABLE,STABILITY_SIGNAL,Résilience environnementale,YELLOW
MRT,2024,PGEO,STABLE,STABILITY_SIGNAL,Gouvernance géopolitique et stabilité,YELLOW
MRT,2024,PHUM,DECLINING,DECLINE_SIGNAL,Capital humain,YELLOW
MRT,2024,PMIL,ACCELERATING,PROGRESSION_SIGNAL,Résilience sécuritaire,YELLOW
MRT,2024,PMIN,PROGRESSING,PROGRESSION_SIGNAL,Chaîne de valeur minière,YELLOW
MRT,2024,PMON,DECLINING,DECLINE_SIGNAL,Résilience monétaire et financière,YELLOW
MRT,2024,PNUM,STABLE,STABILITY_SIGNAL,Souveraineté numérique,YELLOW
MRT,2024,PRES,CRITICAL,DETERIORATION_ALERT,Certification énergie-eau,YELLOW
MRT,2024,PTRA,CRITICAL,DETERIORATION_ALERT,Transport et logistique,YELLOW
MUS,2024,PECO,STABLE,STABILITY_SIGNAL,Diversification économique,YELLOW
MUS,2024,PENV,CRITICAL,DETERIORATION_ALERT,Résilience environnementale,YELLOW
MUS,2024,PGEO,STABLE,STABILITY_SIGNAL,Gouvernance géopolitique et stabilité,YELLOW
MUS,2024,PHUM,CRITICAL,DECLINE_SIGNAL,Capital humain,YELLOW
MUS,2024,PMIL,DECLINING,DETERIORATION_ALERT,Résilience sécuritaire,YELLOW
MUS,2024,PMIN,STABLE,STABILITY_SIGNAL,Chaîne de valeur minière,YELLOW
MUS,2024,PMON,PROGRESSING,PROGRESSION_SIGNAL,Résilience monétaire et financière,YELLOW
MUS,2024,PNUM,PROGRESSING,PROGRESSION_SIGNAL,Souveraineté numérique,YELLOW
MUS,2024,PRES,CRITICAL,DETERIORATION_ALERT,Certification énergie-eau,YELLOW
MUS,2024,PTRA,CRITICAL,DETERIORATION_ALERT,Transport et logistique,YELLOW
MWI,2024,PECO,CRITICAL,DETERIORATION_ALERT,Diversification économique,YELLOW
MWI,2024,PENV,CRITICAL,DETERIORATION_ALERT,Résilience environnementale,YELLOW
MWI,2024,PGEO,DECLINING,DECLINE_SIGNAL,Gouvernance géopolitique et stabilité,YELLOW
MWI,2024,PHUM,DECLINING,DECLINE_SIGNAL,Capital humain,YELLOW
MWI,2024,PMIL,STABLE,STABILITY_SIGNAL,Résilience sécuritaire,YELLOW
MWI,2024,PMIN,STABLE,STABILITY_SIGNAL,Chaîne de valeur minière,YELLOW
MWI,2024,PMON,DECLINING,DETERIORATION_ALERT,Résilience monétaire et financière,YELLOW
MWI,2024,PNUM,PROGRESSING,PROGRESSION_SIGNAL,Souveraineté numérique,YELLOW
MWI,2024,PRES,DECLINING,DETERIORATION_ALERT,Certification énergie-eau,YELLOW
MWI,2024,PTRA,CRITICAL,DETERIORATION_ALERT,Transport et logistique,YELLOW
NAM,2024,PECO,STABLE,STABILITY_SIGNAL,Diversification économique,YELLOW
NAM,2024,PENV,CRITICAL,DECLINE_SIGNAL,Résilience environnementale,YELLOW
NAM,2024,PGEO,STABLE,STABILITY_SIGNAL,Gouvernance géopolitique et stabilité,YELLOW
NAM,2024,PHUM,STABLE,STABILITY_SIGNAL,Capital humain,YELLOW
NAM,2024,PMIL,PROGRESSING,PROGRESSION_SIGNAL,Résilience sécuritaire,YELLOW
NAM,2024,PMIN,DECLINING,DECLINE_SIGNAL,Chaîne de valeur minière,YELLOW
NAM,2024,PMON,CRITICAL,DETERIORATION_ALERT,Résilience monétaire et financière,YELLOW
NAM,2024,PNUM,PROGRESSING,PROGRESSION_SIGNAL,Souveraineté numérique,YELLOW
NAM,2024,PRES,CRITICAL,DETERIORATION_ALERT,Certification énergie-eau,YELLOW
NAM,2024,PTRA,CRITICAL,DETERIORATION_ALERT,Transport et logistique,YELLOW
NER,2024,PECO,DECLINING,DECLINE_SIGNAL,Diversification économique,YELLOW
NER,2024,PENV,DECLINING,DETERIORATION_ALERT,Résilience environnementale,YELLOW
NER,2024,PGEO,DECLINING,DECLINE_SIGNAL,Gouvernance géopolitique et stabilité,YELLOW
NER,2024,PHUM,STABLE,STABILITY_SIGNAL,Capital humain,YELLOW
NER,2024,PMIL,DECLINING,DETERIORATION_ALERT,Résilience sécuritaire,YELLOW
NER,2024,PMIN,DECLINING,DECLINE_SIGNAL,Chaîne de valeur minière,YELLOW
NER,2024,PMON,DECLINING,DETERIORATION_ALERT,Résilience monétaire et financière,YELLOW
NER,2024,PNUM,PROGRESSING,PROGRESSION_SIGNAL,Souveraineté numérique,YELLOW
NER,2024,PRES,PROGRESSING,PROGRESSION_SIGNAL,Certification énergie-eau,YELLOW
NER,2024,PTRA,DECLINING,DETERIORATION_ALERT,Transport et logistique,YELLOW
NGA,2024,PECO,CRITICAL,DECLINE_SIGNAL,Diversification économique,YELLOW
NGA,2024,PENV,CRITICAL,DETERIORATION_ALERT,Résilience environnementale,YELLOW
NGA,2024,PGEO,DECLINING,DECLINE_SIGNAL,Gouvernance géopolitique et stabilité,YELLOW
NGA,2024,PHUM,CRITICAL,DECLINE_SIGNAL,Capital humain,YELLOW
NGA,2024,PMIL,ACCELERATING,PROGRESSION_SIGNAL,Résilience sécuritaire,YELLOW
NGA,2024,PMIN,PROGRESSING,PROGRESSION_SIGNAL,Chaîne de valeur minière,YELLOW
NGA,2024,PMON,DECLINING,DETERIORATION_ALERT,Résilience monétaire et financière,YELLOW
NGA,2024,PNUM,STABLE,STABILITY_SIGNAL,Souveraineté numérique,YELLOW
NGA,2024,PRES,DECLINING,DETERIORATION_ALERT,Certification énergie-eau,YELLOW
NGA,2024,PTRA,CRITICAL,DETERIORATION_ALERT,Transport et logistique,YELLOW
RWA,2024,PECO,PROGRESSING,PROGRESSION_SIGNAL,Diversification économique,YELLOW
RWA,2024,PENV,CRITICAL,DETERIORATION_ALERT,Résilience environnementale,YELLOW
RWA,2024,PGEO,STABLE,STABILITY_SIGNAL,Gouvernance géopolitique et stabilité,YELLOW
RWA,2024,PHUM,STABLE,STABILITY_SIGNAL,Capital humain,YELLOW
RWA,2024,PMIL,PROGRESSING,PROGRESSION_SIGNAL,Résilience sécuritaire,YELLOW
RWA,2024,PMIN,PROGRESSING,PROGRESSION_SIGNAL,Chaîne de valeur minière,YELLOW
RWA,2024,PMON,PROGRESSING,PROGRESSION_SIGNAL,Résilience monétaire et financière,YELLOW
RWA,2024,PNUM,PROGRESSING,PROGRESSION_SIGNAL,Souveraineté numérique,YELLOW
RWA,2024,PRES,CRITICAL,DETERIORATION_ALERT,Certification énergie-eau,YELLOW
RWA,2024,PTRA,CRITICAL,DETERIORATION_ALERT,Transport et logistique,YELLOW
SDN,2024,PECO,CRITICAL,DETERIORATION_ALERT,Diversification économique,YELLOW
SDN,2024,PENV,CRITICAL,DECLINE_SIGNAL,Résilience environnementale,YELLOW
SDN,2024,PGEO,STABLE,STABILITY_SIGNAL,Gouvernance géopolitique et stabilité,YELLOW
SDN,2024,PHUM,DECLINING,DECLINE_SIGNAL,Capital humain,YELLOW
SDN,2024,PMIL,STABLE,STABILITY_SIGNAL,Résilience sécuritaire,YELLOW
SDN,2024,PMIN,DECLINING,DETERIORATION_ALERT,Chaîne de valeur minière,YELLOW
SDN,2024,PMON,CRITICAL,DECLINE_SIGNAL,Résilience monétaire et financière,YELLOW
SDN,2024,PNUM,DECLINING,DETERIORATION_ALERT,Souveraineté numérique,YELLOW
SDN,2024,PRES,ACCELERATING,PROGRESSION_SIGNAL,Certification énergie-eau,YELLOW
SDN,2024,PTRA,CRITICAL,DETERIORATION_ALERT,Transport et logistique,YELLOW
SEN,2024,PECO,ACCELERATING,PROGRESSION_SIGNAL,Diversification économique,YELLOW
SEN,2024,PENV,CRITICAL,DETERIORATION_ALERT,Résilience environnementale,YELLOW
SEN,2024,PGEO,STABLE,STABILITY_SIGNAL,Gouvernance géopolitique et stabilité,YELLOW
SEN,2024,PHUM,STABLE,STABILITY_SIGNAL,Capital humain,YELLOW
SEN,2024,PMIL,PROGRESSING,PROGRESSION_SIGNAL,Résilience sécuritaire,YELLOW
SEN,2024,PMIN,ACCELERATING,ACCELERATION_SIGNAL,Chaîne de valeur minière,YELLOW
SEN,2024,PMON,DECLINING,DECLINE_SIGNAL,Résilience monétaire et financière,YELLOW
SEN,2024,PNUM,PROGRESSING,PROGRESSION_SIGNAL,Souveraineté numérique,YELLOW
SEN,2024,PRES,CRITICAL,DETERIORATION_ALERT,Certification énergie-eau,YELLOW
SEN,2024,PTRA,DECLINING,DETERIORATION_ALERT,Transport et logistique,YELLOW
SLE,2024,PECO,STABLE,STABILITY_SIGNAL,Diversification économique,YELLOW
SLE,2024,PENV,CRITICAL,DETERIORATION_ALERT,Résilience environnementale,YELLOW
SLE,2024,PGEO,STABLE,STABILITY_SIGNAL,Gouvernance géopolitique et stabilité,YELLOW
SLE,2024,PHUM,STABLE,STABILITY_SIGNAL,Capital humain,YELLOW
SLE,2024,PMIL,DECLINING,DETERIORATION_ALERT,Résilience sécuritaire,YELLOW
SLE,2024,PMIN,STABLE,STABILITY_SIGNAL,Chaîne de valeur minière,YELLOW
SLE,2024,PMON,ACCELERATING,PROGRESSION_SIGNAL,Résilience monétaire et financière,YELLOW
SLE,2024,PNUM,PROGRESSING,PROGRESSION_SIGNAL,Souveraineté numérique,YELLOW
SLE,2024,PRES,STABLE,STABILITY_SIGNAL,Certification énergie-eau,YELLOW
SLE,2024,PTRA,CRITICAL,DETERIORATION_ALERT,Transport et logistique,YELLOW
SOM,2024,PECO,PROGRESSING,PROGRESSION_SIGNAL,Diversification économique,YELLOW
SOM,2024,PENV,CRITICAL,DETERIORATION_ALERT,Résilience environnementale,YELLOW
SOM,2024,PGEO,STABLE,STABILITY_SIGNAL,Gouvernance géopolitique et stabilité,YELLOW
SOM,2024,PHUM,PROGRESSING,PROGRESSION_SIGNAL,Capital humain,YELLOW
SOM,2024,PMIL,ACCELERATING,ACCELERATION_SIGNAL,Résilience sécuritaire,YELLOW
SOM,2024,PMIN,PROGRESSING,PROGRESSION_SIGNAL,Chaîne de valeur minière,YELLOW
SOM,2024,PMON,PROGRESSING,PROGRESSION_SIGNAL,Résilience monétaire et financière,YELLOW
SOM,2024,PNUM,ACCELERATING,PROGRESSION_SIGNAL,Souveraineté numérique,YELLOW
SOM,2024,PRES,DECLINING,DETERIORATION_ALERT,Certification énergie-eau,YELLOW
SOM,2024,PTRA,DECLINING,DETERIORATION_ALERT,Transport et logistique,YELLOW
SSD,2024,PECO,ACCELERATING,PROGRESSION_SIGNAL,Diversification économique,YELLOW
SSD,2024,PENV,DECLINING,DETERIORATION_ALERT,Résilience environnementale,YELLOW
SSD,2024,PGEO,STABLE,STABILITY_SIGNAL,Gouvernance géopolitique et stabilité,YELLOW
SSD,2024,PHUM,PROGRESSING,PROGRESSION_SIGNAL,Capital humain,YELLOW
SSD,2024,PMIL,STABLE,STABILITY_SIGNAL,Résilience sécuritaire,YELLOW
SSD,2024,PMIN,STABLE,STABILITY_SIGNAL,Chaîne de valeur minière,YELLOW
SSD,2024,PMON,PROGRESSING,PROGRESSION_SIGNAL,Résilience monétaire et financière,YELLOW
SSD,2024,PNUM,PROGRESSING,PROGRESSION_SIGNAL,Souveraineté numérique,YELLOW
SSD,2024,PRES,DECLINING,DETERIORATION_ALERT,Certification énergie-eau,YELLOW
SSD,2024,PTRA,PROGRESSING,PROGRESSION_SIGNAL,Transport et logistique,YELLOW
STP,2024,PECO,CRITICAL,DETERIORATION_ALERT,Diversification économique,YELLOW
STP,2024,PENV,CRITICAL,DETERIORATION_ALERT,Résilience environnementale,YELLOW
STP,2024,PGEO,STABLE,STABILITY_SIGNAL,Gouvernance géopolitique et stabilité,YELLOW
STP,2024,PHUM,CRITICAL,DECLINE_SIGNAL,Capital humain,YELLOW
STP,2024,PMIL,DECLINING,DETERIORATION_ALERT,Résilience sécuritaire,YELLOW
STP,2024,PMIN,STABLE,STABILITY_SIGNAL,Chaîne de valeur minière,YELLOW
STP,2024,PMON,DECLINING,DETERIORATION_ALERT,Résilience monétaire et financière,YELLOW
STP,2024,PNUM,DECLINING,DETERIORATION_ALERT,Souveraineté numérique,YELLOW
STP,2024,PRES,CRITICAL,DETERIORATION_ALERT,Certification énergie-eau,YELLOW
STP,2024,PTRA,PROGRESSING,PROGRESSION_SIGNAL,Transport et logistique,YELLOW
SWZ,2024,PECO,DECLINING,DETERIORATION_ALERT,Diversification économique,YELLOW
SWZ,2024,PENV,CRITICAL,DETERIORATION_ALERT,Résilience environnementale,YELLOW
SWZ,2024,PGEO,STABLE,STABILITY_SIGNAL,Gouvernance géopolitique et stabilité,YELLOW
SWZ,2024,PHUM,DECLINING,DECLINE_SIGNAL,Capital humain,YELLOW
SWZ,2024,PMIL,CRITICAL,DETERIORATION_ALERT,Résilience sécuritaire,YELLOW
SWZ,2024,PMIN,DECLINING,DETERIORATION_ALERT,Chaîne de valeur minière,YELLOW
SWZ,2024,PMON,DECLINING,DETERIORATION_ALERT,Résilience monétaire et financière,YELLOW
SWZ,2024,PNUM,STABLE,STABILITY_SIGNAL,Souveraineté numérique,YELLOW
SWZ,2024,PRES,DECLINING,DETERIORATION_ALERT,Certification énergie-eau,YELLOW
SWZ,2024,PTRA,PROGRESSING,PROGRESSION_SIGNAL,Transport et logistique,YELLOW
SYC,2024,PECO,CRITICAL,DECLINE_SIGNAL,Diversification économique,YELLOW
SYC,2024,PENV,DECLINING,DETERIORATION_ALERT,Résilience environnementale,YELLOW
SYC,2024,PGEO,STABLE,STABILITY_SIGNAL,Gouvernance géopolitique et stabilité,YELLOW
SYC,2024,PHUM,DECLINING,DECLINE_SIGNAL,Capital humain,YELLOW
SYC,2024,PMIL,CRITICAL,DETERIORATION_ALERT,Résilience sécuritaire,YELLOW
SYC,2024,PMIN,STABLE,STABILITY_SIGNAL,Chaîne de valeur minière,YELLOW
SYC,2024,PMON,STABLE,STABILITY_SIGNAL,Résilience monétaire et financière,YELLOW
SYC,2024,PNUM,PROGRESSING,PROGRESSION_SIGNAL,Souveraineté numérique,YELLOW
SYC,2024,PRES,CRITICAL,DETERIORATION_ALERT,Certification énergie-eau,YELLOW
SYC,2024,PTRA,CRITICAL,DETERIORATION_ALERT,Transport et logistique,YELLOW
TCD,2024,PECO,DECLINING,DECLINE_SIGNAL,Diversification économique,YELLOW
TCD,2024,PENV,DECLINING,DETERIORATION_ALERT,Résilience environnementale,YELLOW
TCD,2024,PGEO,DECLINING,DETERIORATION_ALERT,Gouvernance géopolitique et stabilité,YELLOW
TCD,2024,PHUM,STABLE,STABILITY_SIGNAL,Capital humain,YELLOW
TCD,2024,PMIL,ACCELERATING,PROGRESSION_SIGNAL,Résilience sécuritaire,YELLOW
TCD,2024,PMIN,STABLE,STABILITY_SIGNAL,Chaîne de valeur minière,YELLOW
TCD,2024,PMON,CRITICAL,DETERIORATION_ALERT,Résilience monétaire et financière,YELLOW
TCD,2024,PNUM,PROGRESSING,PROGRESSION_SIGNAL,Souveraineté numérique,YELLOW
TCD,2024,PRES,DECLINING,DETERIORATION_ALERT,Certification énergie-eau,YELLOW
TCD,2024,PTRA,CRITICAL,DETERIORATION_ALERT,Transport et logistique,YELLOW
TGO,2024,PECO,DECLINING,DETERIORATION_ALERT,Diversification économique,YELLOW
TGO,2024,PENV,CRITICAL,DECLINE_SIGNAL,Résilience environnementale,YELLOW
TGO,2024,PGEO,DECLINING,DECLINE_SIGNAL,Gouvernance géopolitique et stabilité,YELLOW
TGO,2024,PHUM,STABLE,STABILITY_SIGNAL,Capital humain,YELLOW
TGO,2024,PMIL,STABLE,STABILITY_SIGNAL,Résilience sécuritaire,YELLOW
TGO,2024,PMIN,PROGRESSING,PROGRESSION_SIGNAL,Chaîne de valeur minière,YELLOW
TGO,2024,PMON,DECLINING,DETERIORATION_ALERT,Résilience monétaire et financière,YELLOW
TGO,2024,PNUM,PROGRESSING,PROGRESSION_SIGNAL,Souveraineté numérique,YELLOW
TGO,2024,PRES,CRITICAL,DETERIORATION_ALERT,Certification énergie-eau,YELLOW
TGO,2024,PTRA,DECLINING,DETERIORATION_ALERT,Transport et logistique,YELLOW
TUN,2024,PECO,CRITICAL,DETERIORATION_ALERT,Diversification économique,YELLOW
TUN,2024,PENV,CRITICAL,DETERIORATION_ALERT,Résilience environnementale,YELLOW
TUN,2024,PGEO,STABLE,STABILITY_SIGNAL,Gouvernance géopolitique et stabilité,YELLOW
TUN,2024,PHUM,CRITICAL,DECLINE_SIGNAL,Capital humain,YELLOW
TUN,2024,PMIL,ACCELERATING,PROGRESSION_SIGNAL,Résilience sécuritaire,YELLOW
TUN,2024,PMIN,DECLINING,DECLINE_SIGNAL,Chaîne de valeur minière,YELLOW
TUN,2024,PMON,STABLE,STABILITY_SIGNAL,Résilience monétaire et financière,YELLOW
TUN,2024,PNUM,PROGRESSING,PROGRESSION_SIGNAL,Souveraineté numérique,YELLOW
TUN,2024,PRES,CRITICAL,DETERIORATION_ALERT,Certification énergie-eau,YELLOW
TUN,2024,PTRA,CRITICAL,DETERIORATION_ALERT,Transport et logistique,YELLOW
TZA,2024,PECO,PROGRESSING,PROGRESSION_SIGNAL,Diversification économique,YELLOW
TZA,2024,PENV,CRITICAL,DECLINE_SIGNAL,Résilience environnementale,YELLOW
TZA,2024,PGEO,DECLINING,DECLINE_SIGNAL,Gouvernance géopolitique et stabilité,YELLOW
TZA,2024,PHUM,STABLE,STABILITY_SIGNAL,Capital humain,YELLOW
TZA,2024,PMIL,STABLE,STABILITY_SIGNAL,Résilience sécuritaire,YELLOW
TZA,2024,PMIN,PROGRESSING,PROGRESSION_SIGNAL,Chaîne de valeur minière,YELLOW
TZA,2024,PMON,ACCELERATING,PROGRESSION_SIGNAL,Résilience monétaire et financière,YELLOW
TZA,2024,PNUM,ACCELERATING,PROGRESSION_SIGNAL,Souveraineté numérique,YELLOW
TZA,2024,PRES,STABLE,STABILITY_SIGNAL,Certification énergie-eau,YELLOW
TZA,2024,PTRA,CRITICAL,DETERIORATION_ALERT,Transport et logistique,YELLOW
UGA,2024,PECO,ACCELERATING,ACCELERATION_SIGNAL,Diversification économique,YELLOW
UGA,2024,PENV,DECLINING,DETERIORATION_ALERT,Résilience environnementale,YELLOW
UGA,2024,PGEO,STABLE,STABILITY_SIGNAL,Gouvernance géopolitique et stabilité,YELLOW
UGA,2024,PHUM,STABLE,STABILITY_SIGNAL,Capital humain,YELLOW
UGA,2024,PMIL,ACCELERATING,PROGRESSION_SIGNAL,Résilience sécuritaire,YELLOW
UGA,2024,PMIN,PROGRESSING,PROGRESSION_SIGNAL,Chaîne de valeur minière,YELLOW
UGA,2024,PMON,STABLE,STABILITY_SIGNAL,Résilience monétaire et financière,YELLOW
UGA,2024,PNUM,STABLE,STABILITY_SIGNAL,Souveraineté numérique,YELLOW
UGA,2024,PRES,DECLINING,DETERIORATION_ALERT,Certification énergie-eau,YELLOW
UGA,2024,PTRA,CRITICAL,DETERIORATION_ALERT,Transport et logistique,YELLOW
ZAF,2024,PECO,DECLINING,DETERIORATION_ALERT,Diversification économique,YELLOW
ZAF,2024,PENV,CRITICAL,DETERIORATION_ALERT,Résilience environnementale,YELLOW
ZAF,2024,PGEO,DECLINING,DECLINE_SIGNAL,Gouvernance géopolitique et stabilité,YELLOW
ZAF,2024,PHUM,CRITICAL,DECLINE_SIGNAL,Capital humain,YELLOW
ZAF,2024,PMIL,PROGRESSING,PROGRESSION_SIGNAL,Résilience sécuritaire,YELLOW
ZAF,2024,PMIN,PROGRESSING,PROGRESSION_SIGNAL,Chaîne de valeur minière,YELLOW
ZAF,2024,PMON,STABLE,STABILITY_SIGNAL,Résilience monétaire et financière,YELLOW
ZAF,2024,PNUM,PROGRESSING,PROGRESSION_SIGNAL,Souveraineté numérique,YELLOW
ZAF,2024,PRES,CRITICAL,DETERIORATION_ALERT,Certification énergie-eau,YELLOW
ZAF,2024,PTRA,DECLINING,DETERIORATION_ALERT,Transport et logistique,YELLOW
ZMB,2024,PECO,STABLE,STABILITY_SIGNAL,Diversification économique,YELLOW
ZMB,2024,PENV,DECLINING,DECLINE_SIGNAL,Résilience environnementale,YELLOW
ZMB,2024,PGEO,DECLINING,DECLINE_SIGNAL,Gouvernance géopolitique et stabilité,YELLOW
ZMB,2024,PHUM,STABLE,STABILITY_SIGNAL,Capital humain,YELLOW
ZMB,2024,PMIL,CRITICAL,DETERIORATION_ALERT,Résilience sécuritaire,YELLOW
ZMB,2024,PMIN,STABLE,STABILITY_SIGNAL,Chaîne de valeur minière,YELLOW
ZMB,2024,PMON,STABLE,STABILITY_SIGNAL,Résilience monétaire et financière,YELLOW
ZMB,2024,PNUM,PROGRESSING,PROGRESSION_SIGNAL,Souveraineté numérique,YELLOW
ZMB,2024,PRES,PROGRESSING,PROGRESSION_SIGNAL,Certification énergie-eau,YELLOW
ZMB,2024,PTRA,DECLINING,DETERIORATION_ALERT,Transport et logistique,YELLOW
ZWE,2024,PECO,CRITICAL,DECLINE_SIGNAL,Diversification économique,YELLOW
ZWE,2024,PENV,CRITICAL,DETERIORATION_ALERT,Résilience environnementale,YELLOW
ZWE,2024,PGEO,STABLE,STABILITY_SIGNAL,Gouvernance géopolitique et stabilité,YELLOW
ZWE,2024,PHUM,DECLINING,DECLINE_SIGNAL,Capital humain,YELLOW
ZWE,2024,PMIL,ACCELERATING,PROGRESSION_SIGNAL,Résilience sécuritaire,YELLOW
ZWE,2024,PMIN,ACCELERATING,ACCELERATION_SIGNAL,Chaîne de valeur minière,YELLOW
ZWE,2024,PMON,DECLINING,DETERIORATION_ALERT,Résilience monétaire et financière,YELLOW
ZWE,2024,PNUM,STABLE,STABILITY_SIGNAL,Souveraineté numérique,YELLOW
ZWE,2024,PRES,PROGRESSING,PROGRESSION_SIGNAL,Certification énergie-eau,YELLOW
ZWE,2024,PTRA,CRITICAL,DETERIORATION_ALERT,Transport et logistique,YELLOW
AGO,2023,PECO,PROGRESSING,PROGRESSION_SIGNAL,Diversification économique,YELLOW
AGO,2023,PENV,CRITICAL,DETERIORATION_ALERT,Résilience environnementale,YELLOW
AGO,2023,PGEO,STABLE,STABILITY_SIGNAL,Gouvernance géopolitique et stabilité,YELLOW
AGO,2023,PHUM,STABLE,STABILITY_SIGNAL,Capital humain,YELLOW
AGO,2023,PMIL,PROGRESSING,PROGRESSION_SIGNAL,Résilience sécuritaire,YELLOW
AGO,2023,PMIN,PROGRESSING,PROGRESSION_SIGNAL,Chaîne de valeur minière,YELLOW
AGO,2023,PMON,ACCELERATING,PROGRESSION_SIGNAL,Résilience monétaire et financière,YELLOW
AGO,2023,PNUM,PROGRESSING,PROGRESSION_SIGNAL,Souveraineté numérique,YELLOW
AGO,2023,PRES,PROGRESSING,PROGRESSION_SIGNAL,Certification énergie-eau,YELLOW
AGO,2023,PTRA,CRITICAL,DETERIORATION_ALERT,Transport et logistique,YELLOW
BDI,2023,PECO,CRITICAL,DECLINE_SIGNAL,Diversification économique,YELLOW
BDI,2023,PENV,DECLINING,DETERIORATION_ALERT,Résilience environnementale,YELLOW
BDI,2023,PGEO,STABLE,STABILITY_SIGNAL,Gouvernance géopolitique et stabilité,YELLOW
BDI,2023,PHUM,STABLE,STABILITY_SIGNAL,Capital humain,YELLOW
BDI,2023,PMIL,ACCELERATING,PROGRESSION_SIGNAL,Résilience sécuritaire,YELLOW
BDI,2023,PMIN,STABLE,STABILITY_SIGNAL,Chaîne de valeur minière,YELLOW
BDI,2023,PMON,PROGRESSING,PROGRESSION_SIGNAL,Résilience monétaire et financière,YELLOW
BDI,2023,PNUM,STABLE,STABILITY_SIGNAL,Souveraineté numérique,YELLOW
BDI,2023,PRES,CRITICAL,DETERIORATION_ALERT,Certification énergie-eau,YELLOW
BDI,2023,PTRA,PROGRESSING,PROGRESSION_SIGNAL,Transport et logistique,YELLOW
BEN,2023,PECO,STABLE,STABILITY_SIGNAL,Diversification économique,YELLOW
BEN,2023,PENV,CRITICAL,DETERIORATION_ALERT,Résilience environnementale,YELLOW
BEN,2023,PGEO,DECLINING,DECLINE_SIGNAL,Gouvernance géopolitique et stabilité,YELLOW
BEN,2023,PHUM,DECLINING,DECLINE_SIGNAL,Capital humain,YELLOW
BEN,2023,PMIL,PROGRESSING,PROGRESSION_SIGNAL,Résilience sécuritaire,YELLOW
BEN,2023,PMIN,PROGRESSING,PROGRESSION_SIGNAL,Chaîne de valeur minière,YELLOW
BEN,2023,PMON,DECLINING,DETERIORATION_ALERT,Résilience monétaire et financière,YELLOW
BEN,2023,PNUM,PROGRESSING,PROGRESSION_SIGNAL,Souveraineté numérique,YELLOW
BEN,2023,PRES,STABLE,STABILITY_SIGNAL,Certification énergie-eau,YELLOW
BEN,2023,PTRA,CRITICAL,DETERIORATION_ALERT,Transport et logistique,YELLOW
BFA,2023,PECO,DECLINING,DECLINE_SIGNAL,Diversification économique,YELLOW
BFA,2023,PENV,CRITICAL,DETERIORATION_ALERT,Résilience environnementale,YELLOW
BFA,2023,PGEO,DECLINING,DECLINE_SIGNAL,Gouvernance géopolitique et stabilité,YELLOW
BFA,2023,PHUM,STABLE,STABILITY_SIGNAL,Capital humain,YELLOW
BFA,2023,PMIL,CRITICAL,DETERIORATION_ALERT,Résilience sécuritaire,YELLOW
BFA,2023,PMIN,ACCELERATING,PROGRESSION_SIGNAL,Chaîne de valeur minière,YELLOW
BFA,2023,PMON,STABLE,STABILITY_SIGNAL,Résilience monétaire et financière,YELLOW
BFA,2023,PNUM,ACCELERATING,PROGRESSION_SIGNAL,Souveraineté numérique,YELLOW
BFA,2023,PRES,STABLE,STABILITY_SIGNAL,Certification énergie-eau,YELLOW
BFA,2023,PTRA,CRITICAL,DETERIORATION_ALERT,Transport et logistique,YELLOW
BWA,2023,PECO,ACCELERATING,PROGRESSION_SIGNAL,Diversification économique,YELLOW
BWA,2023,PENV,CRITICAL,DETERIORATION_ALERT,Résilience environnementale,YELLOW
BWA,2023,PGEO,STABLE,STABILITY_SIGNAL,Gouvernance géopolitique et stabilité,YELLOW
BWA,2023,PHUM,DECLINING,DECLINE_SIGNAL,Capital humain,YELLOW
BWA,2023,PMIL,STABLE,STABILITY_SIGNAL,Résilience sécuritaire,YELLOW
BWA,2023,PMIN,STABLE,STABILITY_SIGNAL,Chaîne de valeur minière,YELLOW
BWA,2023,PMON,STABLE,STABILITY_SIGNAL,Résilience monétaire et financière,YELLOW
BWA,2023,PNUM,PROGRESSING,PROGRESSION_SIGNAL,Souveraineté numérique,YELLOW
BWA,2023,PRES,CRITICAL,DETERIORATION_ALERT,Certification énergie-eau,YELLOW
BWA,2023,PTRA,CRITICAL,DETERIORATION_ALERT,Transport et logistique,YELLOW
CAF,2023,PECO,DECLINING,DECLINE_SIGNAL,Diversification économique,YELLOW
CAF,2023,PENV,CRITICAL,DETERIORATION_ALERT,Résilience environnementale,YELLOW
CAF,2023,PGEO,STABLE,STABILITY_SIGNAL,Gouvernance géopolitique et stabilité,YELLOW
CAF,2023,PHUM,STABLE,STABILITY_SIGNAL,Capital humain,YELLOW
CAF,2023,PMIL,STABLE,STABILITY_SIGNAL,Résilience sécuritaire,YELLOW
CAF,2023,PMIN,STABLE,STABILITY_SIGNAL,Chaîne de valeur minière,YELLOW
CAF,2023,PMON,DECLINING,DECLINE_SIGNAL,Résilience monétaire et financière,YELLOW
CAF,2023,PNUM,STABLE,STABILITY_SIGNAL,Souveraineté numérique,YELLOW
CAF,2023,PRES,DECLINING,DETERIORATION_ALERT,Certification énergie-eau,YELLOW
CAF,2023,PTRA,DECLINING,DETERIORATION_ALERT,Transport et logistique,YELLOW
CIV,2023,PECO,DECLINING,DECLINE_SIGNAL,Diversification économique,YELLOW
CIV,2023,PENV,CRITICAL,DETERIORATION_ALERT,Résilience environnementale,YELLOW
CIV,2023,PGEO,STABLE,STABILITY_SIGNAL,Gouvernance géopolitique et stabilité,YELLOW
CIV,2023,PHUM,PROGRESSING,PROGRESSION_SIGNAL,Capital humain,YELLOW
CIV,2023,PMIL,DECLINING,DETERIORATION_ALERT,Résilience sécuritaire,YELLOW
CIV,2023,PMIN,PROGRESSING,PROGRESSION_SIGNAL,Chaîne de valeur minière,YELLOW
CIV,2023,PMON,DECLINING,DETERIORATION_ALERT,Résilience monétaire et financière,YELLOW
CIV,2023,PNUM,ACCELERATING,ACCELERATION_SIGNAL,Souveraineté numérique,YELLOW
CIV,2023,PRES,CRITICAL,DETERIORATION_ALERT,Certification énergie-eau,YELLOW
CIV,2023,PTRA,DECLINING,DETERIORATION_ALERT,Transport et logistique,YELLOW
CMR,2023,PECO,DECLINING,DECLINE_SIGNAL,Diversification économique,YELLOW
CMR,2023,PENV,CRITICAL,DETERIORATION_ALERT,Résilience environnementale,YELLOW
CMR,2023,PGEO,DECLINING,DECLINE_SIGNAL,Gouvernance géopolitique et stabilité,YELLOW
CMR,2023,PHUM,DECLINING,DECLINE_SIGNAL,Capital humain,YELLOW
CMR,2023,PMIL,PROGRESSING,PROGRESSION_SIGNAL,Résilience sécuritaire,YELLOW
CMR,2023,PMIN,PROGRESSING,PROGRESSION_SIGNAL,Chaîne de valeur minière,YELLOW
CMR,2023,PMON,CRITICAL,DECLINE_SIGNAL,Résilience monétaire et financière,YELLOW
CMR,2023,PNUM,STABLE,STABILITY_SIGNAL,Souveraineté numérique,YELLOW
CMR,2023,PRES,DECLINING,DETERIORATION_ALERT,Certification énergie-eau,YELLOW
CMR,2023,PTRA,DECLINING,DETERIORATION_ALERT,Transport et logistique,YELLOW
COD,2023,PECO,CRITICAL,DECLINE_SIGNAL,Diversification économique,YELLOW
COD,2023,PENV,CRITICAL,DECLINE_SIGNAL,Résilience environnementale,YELLOW
COD,2023,PGEO,STABLE,STABILITY_SIGNAL,Gouvernance géopolitique et stabilité,YELLOW
COD,2023,PHUM,DECLINING,DECLINE_SIGNAL,Capital humain,YELLOW
COD,2023,PMIL,ACCELERATING,PROGRESSION_SIGNAL,Résilience sécuritaire,YELLOW
COD,2023,PMIN,STABLE,STABILITY_SIGNAL,Chaîne de valeur minière,YELLOW
COD,2023,PMON,DECLINING,DETERIORATION_ALERT,Résilience monétaire et financière,YELLOW
COD,2023,PNUM,PROGRESSING,PROGRESSION_SIGNAL,Souveraineté numérique,YELLOW
COD,2023,PRES,STABLE,STABILITY_SIGNAL,Certification énergie-eau,YELLOW
COD,2023,PTRA,CRITICAL,DETERIORATION_ALERT,Transport et logistique,YELLOW
COG,2023,PECO,CRITICAL,DECLINE_SIGNAL,Diversification économique,YELLOW
COG,2023,PENV,CRITICAL,DETERIORATION_ALERT,Résilience environnementale,YELLOW
COG,2023,PGEO,STABLE,STABILITY_SIGNAL,Gouvernance géopolitique et stabilité,YELLOW
COG,2023,PHUM,CRITICAL,DECLINE_SIGNAL,Capital humain,YELLOW
COG,2023,PMIL,ACCELERATING,PROGRESSION_SIGNAL,Résilience sécuritaire,YELLOW
COG,2023,PMIN,PROGRESSING,PROGRESSION_SIGNAL,Chaîne de valeur minière,YELLOW
COG,2023,PMON,CRITICAL,DETERIORATION_ALERT,Résilience monétaire et financière,YELLOW
COG,2023,PNUM,STABLE,STABILITY_SIGNAL,Souveraineté numérique,YELLOW
COG,2023,PRES,STABLE,STABILITY_SIGNAL,Certification énergie-eau,YELLOW
COG,2023,PTRA,CRITICAL,DETERIORATION_ALERT,Transport et logistique,YELLOW
COM,2023,PECO,PROGRESSING,PROGRESSION_SIGNAL,Diversification économique,YELLOW
COM,2023,PENV,CRITICAL,DETERIORATION_ALERT,Résilience environnementale,YELLOW
COM,2023,PGEO,STABLE,STABILITY_SIGNAL,Gouvernance géopolitique et stabilité,YELLOW
COM,2023,PHUM,STABLE,STABILITY_SIGNAL,Capital humain,YELLOW
COM,2023,PMIL,STABLE,STABILITY_SIGNAL,Résilience sécuritaire,YELLOW
COM,2023,PMIN,STABLE,STABILITY_SIGNAL,Chaîne de valeur minière,YELLOW
COM,2023,PMON,STABLE,STABILITY_SIGNAL,Résilience monétaire et financière,YELLOW
COM,2023,PNUM,STABLE,STABILITY_SIGNAL,Souveraineté numérique,YELLOW
COM,2023,PRES,CRITICAL,DETERIORATION_ALERT,Certification énergie-eau,YELLOW
COM,2023,PTRA,CRITICAL,DETERIORATION_ALERT,Transport et logistique,YELLOW
CPV,2023,PECO,CRITICAL,DETERIORATION_ALERT,Diversification économique,YELLOW
CPV,2023,PENV,CRITICAL,DETERIORATION_ALERT,Résilience environnementale,YELLOW
CPV,2023,PGEO,STABLE,STABILITY_SIGNAL,Gouvernance géopolitique et stabilité,YELLOW
CPV,2023,PHUM,DECLINING,DECLINE_SIGNAL,Capital humain,YELLOW
CPV,2023,PMIL,DECLINING,DETERIORATION_ALERT,Résilience sécuritaire,YELLOW
CPV,2023,PMIN,STABLE,STABILITY_SIGNAL,Chaîne de valeur minière,YELLOW
CPV,2023,PMON,STABLE,STABILITY_SIGNAL,Résilience monétaire et financière,YELLOW
CPV,2023,PNUM,DECLINING,DECLINE_SIGNAL,Souveraineté numérique,YELLOW
CPV,2023,PRES,DECLINING,DETERIORATION_ALERT,Certification énergie-eau,YELLOW
CPV,2023,PTRA,CRITICAL,DETERIORATION_ALERT,Transport et logistique,YELLOW
DJI,2023,PECO,STABLE,STABILITY_SIGNAL,Diversification économique,YELLOW
DJI,2023,PENV,DECLINING,DETERIORATION_ALERT,Résilience environnementale,YELLOW
DJI,2023,PGEO,STABLE,STABILITY_SIGNAL,Gouvernance géopolitique et stabilité,YELLOW
DJI,2023,PHUM,DECLINING,DECLINE_SIGNAL,Capital humain,YELLOW
DJI,2023,PMIL,PROGRESSING,PROGRESSION_SIGNAL,Résilience sécuritaire,YELLOW
DJI,2023,PMIN,PROGRESSING,PROGRESSION_SIGNAL,Chaîne de valeur minière,YELLOW
DJI,2023,PMON,PROGRESSING,PROGRESSION_SIGNAL,Résilience monétaire et financière,YELLOW
DJI,2023,PNUM,STABLE,STABILITY_SIGNAL,Souveraineté numérique,YELLOW
DJI,2023,PRES,STABLE,STABILITY_SIGNAL,Certification énergie-eau,YELLOW
DJI,2023,PTRA,CRITICAL,DETERIORATION_ALERT,Transport et logistique,YELLOW
DZA,2023,PECO,CRITICAL,DECLINE_SIGNAL,Diversification économique,YELLOW
DZA,2023,PENV,DECLINING,DETERIORATION_ALERT,Résilience environnementale,YELLOW
DZA,2023,PGEO,STABLE,STABILITY_SIGNAL,Gouvernance géopolitique et stabilité,YELLOW
DZA,2023,PHUM,DECLINING,DECLINE_SIGNAL,Capital humain,YELLOW
DZA,2023,PMIL,ACCELERATING,ACCELERATION_SIGNAL,Résilience sécuritaire,YELLOW
DZA,2023,PMIN,PROGRESSING,PROGRESSION_SIGNAL,Chaîne de valeur minière,YELLOW
DZA,2023,PMON,PROGRESSING,PROGRESSION_SIGNAL,Résilience monétaire et financière,YELLOW
DZA,2023,PNUM,PROGRESSING,PROGRESSION_SIGNAL,Souveraineté numérique,YELLOW
DZA,2023,PRES,CRITICAL,DETERIORATION_ALERT,Certification énergie-eau,YELLOW
DZA,2023,PTRA,CRITICAL,DETERIORATION_ALERT,Transport et logistique,YELLOW
EGY,2023,PECO,CRITICAL,DETERIORATION_ALERT,Diversification économique,YELLOW
EGY,2023,PENV,CRITICAL,DETERIORATION_ALERT,Résilience environnementale,YELLOW
EGY,2023,PGEO,DECLINING,DECLINE_SIGNAL,Gouvernance géopolitique et stabilité,YELLOW
EGY,2023,PHUM,STABLE,STABILITY_SIGNAL,Capital humain,YELLOW
EGY,2023,PMIL,DECLINING,DETERIORATION_ALERT,Résilience sécuritaire,YELLOW
EGY,2023,PMIN,ACCELERATING,ACCELERATION_SIGNAL,Chaîne de valeur minière,YELLOW
EGY,2023,PMON,CRITICAL,DECLINE_SIGNAL,Résilience monétaire et financière,YELLOW
EGY,2023,PNUM,PROGRESSING,PROGRESSION_SIGNAL,Souveraineté numérique,YELLOW
EGY,2023,PRES,CRITICAL,DETERIORATION_ALERT,Certification énergie-eau,YELLOW
EGY,2023,PTRA,CRITICAL,DETERIORATION_ALERT,Transport et logistique,YELLOW
ERI,2023,PECO,CRITICAL,DECLINE_SIGNAL,Diversification économique,YELLOW
ERI,2023,PENV,CRITICAL,DETERIORATION_ALERT,Résilience environnementale,YELLOW
ERI,2023,PGEO,STABLE,STABILITY_SIGNAL,Gouvernance géopolitique et stabilité,YELLOW
ERI,2023,PHUM,CRITICAL,DETERIORATION_ALERT,Capital humain,YELLOW
ERI,2023,PMIL,ACCELERATING,ACCELERATION_SIGNAL,Résilience sécuritaire,YELLOW
ERI,2023,PMIN,ACCELERATING,PROGRESSION_SIGNAL,Chaîne de valeur minière,YELLOW
ERI,2023,PMON,STABLE,STABILITY_SIGNAL,Résilience monétaire et financière,YELLOW
ERI,2023,PNUM,PROGRESSING,PROGRESSION_SIGNAL,Souveraineté numérique,YELLOW
ERI,2023,PRES,PROGRESSING,PROGRESSION_SIGNAL,Certification énergie-eau,YELLOW
ERI,2023,PTRA,STABLE,STABILITY_SIGNAL,Transport et logistique,YELLOW
ETH,2023,PECO,ACCELERATING,PROGRESSION_SIGNAL,Diversification économique,YELLOW
ETH,2023,PENV,CRITICAL,DETERIORATION_ALERT,Résilience environnementale,YELLOW
ETH,2023,PGEO,DECLINING,DECLINE_SIGNAL,Gouvernance géopolitique et stabilité,YELLOW
ETH,2023,PHUM,DECLINING,DECLINE_SIGNAL,Capital humain,YELLOW
ETH,2023,PMIL,ACCELERATING,PROGRESSION_SIGNAL,Résilience sécuritaire,YELLOW
ETH,2023,PMIN,STABLE,STABILITY_SIGNAL,Chaîne de valeur minière,YELLOW
ETH,2023,PMON,DECLINING,DETERIORATION_ALERT,Résilience monétaire et financière,YELLOW
ETH,2023,PNUM,PROGRESSING,PROGRESSION_SIGNAL,Souveraineté numérique,YELLOW
ETH,2023,PRES,DECLINING,DETERIORATION_ALERT,Certification énergie-eau,YELLOW
ETH,2023,PTRA,CRITICAL,DECLINE_SIGNAL,Transport et logistique,YELLOW
GAB,2023,PECO,STABLE,STABILITY_SIGNAL,Diversification économique,YELLOW
GAB,2023,PENV,CRITICAL,DETERIORATION_ALERT,Résilience environnementale,YELLOW
GAB,2023,PGEO,STABLE,STABILITY_SIGNAL,Gouvernance géopolitique et stabilité,YELLOW
GAB,2023,PHUM,STABLE,STABILITY_SIGNAL,Capital humain,YELLOW
GAB,2023,PMIL,STABLE,STABILITY_SIGNAL,Résilience sécuritaire,YELLOW
GAB,2023,PMIN,PROGRESSING,PROGRESSION_SIGNAL,Chaîne de valeur minière,YELLOW
GAB,2023,PMON,CRITICAL,DECLINE_SIGNAL,Résilience monétaire et financière,YELLOW
GAB,2023,PNUM,STABLE,STABILITY_SIGNAL,Souveraineté numérique,YELLOW
GAB,2023,PRES,CRITICAL,DETERIORATION_ALERT,Certification énergie-eau,YELLOW
GAB,2023,PTRA,CRITICAL,DETERIORATION_ALERT,Transport et logistique,YELLOW
GHA,2023,PECO,CRITICAL,DETERIORATION_ALERT,Diversification économique,YELLOW
GHA,2023,PENV,CRITICAL,DETERIORATION_ALERT,Résilience environnementale,YELLOW
GHA,2023,PGEO,DECLINING,DECLINE_SIGNAL,Gouvernance géopolitique et stabilité,YELLOW
GHA,2023,PHUM,STABLE,STABILITY_SIGNAL,Capital humain,YELLOW
GHA,2023,PMIL,DECLINING,DETERIORATION_ALERT,Résilience sécuritaire,YELLOW
GHA,2023,PMIN,STABLE,STABILITY_SIGNAL,Chaîne de valeur minière,YELLOW
GHA,2023,PMON,STABLE,STABILITY_SIGNAL,Résilience monétaire et financière,YELLOW
GHA,2023,PNUM,ACCELERATING,ACCELERATION_SIGNAL,Souveraineté numérique,YELLOW
GHA,2023,PRES,CRITICAL,DETERIORATION_ALERT,Certification énergie-eau,YELLOW
GHA,2023,PTRA,CRITICAL,DETERIORATION_ALERT,Transport et logistique,YELLOW
GIN,2023,PECO,STABLE,STABILITY_SIGNAL,Diversification économique,YELLOW
GIN,2023,PENV,DECLINING,DETERIORATION_ALERT,Résilience environnementale,YELLOW
GIN,2023,PGEO,STABLE,STABILITY_SIGNAL,Gouvernance géopolitique et stabilité,YELLOW
GIN,2023,PHUM,STABLE,STABILITY_SIGNAL,Capital humain,YELLOW
GIN,2023,PMIL,PROGRESSING,PROGRESSION_SIGNAL,Résilience sécuritaire,YELLOW
GIN,2023,PMIN,ACCELERATING,ACCELERATION_SIGNAL,Chaîne de valeur minière,YELLOW
GIN,2023,PMON,PROGRESSING,PROGRESSION_SIGNAL,Résilience monétaire et financière,YELLOW
GIN,2023,PNUM,STABLE,STABILITY_SIGNAL,Souveraineté numérique,YELLOW
GIN,2023,PRES,STABLE,STABILITY_SIGNAL,Certification énergie-eau,YELLOW
GIN,2023,PTRA,CRITICAL,DETERIORATION_ALERT,Transport et logistique,YELLOW
GMB,2023,PECO,STABLE,STABILITY_SIGNAL,Diversification économique,YELLOW
GMB,2023,PENV,CRITICAL,DETERIORATION_ALERT,Résilience environnementale,YELLOW
GMB,2023,PGEO,DECLINING,DECLINE_SIGNAL,Gouvernance géopolitique et stabilité,YELLOW
GMB,2023,PHUM,CRITICAL,DECLINE_SIGNAL,Capital humain,YELLOW
GMB,2023,PMIL,STABLE,STABILITY_SIGNAL,Résilience sécuritaire,YELLOW
GMB,2023,PMIN,STABLE,STABILITY_SIGNAL,Chaîne de valeur minière,YELLOW
GMB,2023,PMON,PROGRESSING,PROGRESSION_SIGNAL,Résilience monétaire et financière,YELLOW
GMB,2023,PNUM,STABLE,STABILITY_SIGNAL,Souveraineté numérique,YELLOW
GMB,2023,PRES,CRITICAL,DETERIORATION_ALERT,Certification énergie-eau,YELLOW
GMB,2023,PTRA,CRITICAL,DETERIORATION_ALERT,Transport et logistique,YELLOW
GNB,2023,PECO,ACCELERATING,PROGRESSION_SIGNAL,Diversification économique,YELLOW
GNB,2023,PENV,CRITICAL,DETERIORATION_ALERT,Résilience environnementale,YELLOW
GNB,2023,PGEO,STABLE,STABILITY_SIGNAL,Gouvernance géopolitique et stabilité,YELLOW
GNB,2023,PHUM,STABLE,STABILITY_SIGNAL,Capital humain,YELLOW
GNB,2023,PMIL,CRITICAL,DETERIORATION_ALERT,Résilience sécuritaire,YELLOW
GNB,2023,PMIN,ACCELERATING,PROGRESSION_SIGNAL,Chaîne de valeur minière,YELLOW
GNB,2023,PMON,CRITICAL,DETERIORATION_ALERT,Résilience monétaire et financière,YELLOW
GNB,2023,PNUM,ACCELERATING,PROGRESSION_SIGNAL,Souveraineté numérique,YELLOW
GNB,2023,PRES,DECLINING,DETERIORATION_ALERT,Certification énergie-eau,YELLOW
GNB,2023,PTRA,CRITICAL,DETERIORATION_ALERT,Transport et logistique,YELLOW
GNQ,2023,PECO,CRITICAL,DECLINE_SIGNAL,Diversification économique,YELLOW
GNQ,2023,PENV,CRITICAL,DETERIORATION_ALERT,Résilience environnementale,YELLOW
GNQ,2023,PGEO,STABLE,STABILITY_SIGNAL,Gouvernance géopolitique et stabilité,YELLOW
GNQ,2023,PHUM,PROGRESSING,PROGRESSION_SIGNAL,Capital humain,YELLOW
GNQ,2023,PMIL,ACCELERATING,PROGRESSION_SIGNAL,Résilience sécuritaire,YELLOW
GNQ,2023,PMIN,STABLE,STABILITY_SIGNAL,Chaîne de valeur minière,YELLOW
GNQ,2023,PMON,CRITICAL,DETERIORATION_ALERT,Résilience monétaire et financière,YELLOW
GNQ,2023,PNUM,DECLINING,DETERIORATION_ALERT,Souveraineté numérique,YELLOW
GNQ,2023,PRES,CRITICAL,DETERIORATION_ALERT,Certification énergie-eau,YELLOW
GNQ,2023,PTRA,CRITICAL,DETERIORATION_ALERT,Transport et logistique,YELLOW
KEN,2023,PECO,PROGRESSING,PROGRESSION_SIGNAL,Diversification économique,YELLOW
KEN,2023,PENV,DECLINING,DETERIORATION_ALERT,Résilience environnementale,YELLOW
KEN,2023,PGEO,STABLE,STABILITY_SIGNAL,Gouvernance géopolitique et stabilité,YELLOW
KEN,2023,PHUM,PROGRESSING,PROGRESSION_SIGNAL,Capital humain,YELLOW
KEN,2023,PMIL,STABLE,STABILITY_SIGNAL,Résilience sécuritaire,YELLOW
KEN,2023,PMIN,ACCELERATING,ACCELERATION_SIGNAL,Chaîne de valeur minière,YELLOW
KEN,2023,PMON,STABLE,STABILITY_SIGNAL,Résilience monétaire et financière,YELLOW
KEN,2023,PNUM,ACCELERATING,PROGRESSION_SIGNAL,Souveraineté numérique,YELLOW
KEN,2023,PRES,STABLE,STABILITY_SIGNAL,Certification énergie-eau,YELLOW
KEN,2023,PTRA,DECLINING,DETERIORATION_ALERT,Transport et logistique,YELLOW
LBR,2023,PECO,DECLINING,DECLINE_SIGNAL,Diversification économique,YELLOW
LBR,2023,PENV,CRITICAL,DETERIORATION_ALERT,Résilience environnementale,YELLOW
LBR,2023,PGEO,STABLE,STABILITY_SIGNAL,Gouvernance géopolitique et stabilité,YELLOW
LBR,2023,PHUM,DECLINING,DECLINE_SIGNAL,Capital humain,YELLOW
LBR,2023,PMIL,CRITICAL,DETERIORATION_ALERT,Résilience sécuritaire,YELLOW
LBR,2023,PMIN,PROGRESSING,PROGRESSION_SIGNAL,Chaîne de valeur minière,YELLOW
LBR,2023,PMON,DECLINING,DETERIORATION_ALERT,Résilience monétaire et financière,YELLOW
LBR,2023,PNUM,DECLINING,DETERIORATION_ALERT,Souveraineté numérique,YELLOW
LBR,2023,PRES,ACCELERATING,ACCELERATION_SIGNAL,Certification énergie-eau,YELLOW
LBR,2023,PTRA,CRITICAL,DETERIORATION_ALERT,Transport et logistique,YELLOW
LBY,2023,PECO,DECLINING,DECLINE_SIGNAL,Diversification économique,YELLOW
LBY,2023,PENV,DECLINING,DETERIORATION_ALERT,Résilience environnementale,YELLOW
LBY,2023,PGEO,STABLE,STABILITY_SIGNAL,Gouvernance géopolitique et stabilité,YELLOW
LBY,2023,PHUM,DECLINING,DECLINE_SIGNAL,Capital humain,YELLOW
LBY,2023,PMIL,CRITICAL,DETERIORATION_ALERT,Résilience sécuritaire,YELLOW
LBY,2023,PMIN,STABLE,STABILITY_SIGNAL,Chaîne de valeur minière,YELLOW
LBY,2023,PMON,CRITICAL,DECLINE_SIGNAL,Résilience monétaire et financière,YELLOW
LBY,2023,PNUM,DECLINING,DETERIORATION_ALERT,Souveraineté numérique,YELLOW
LBY,2023,PRES,CRITICAL,DETERIORATION_ALERT,Certification énergie-eau,YELLOW
LBY,2023,PTRA,CRITICAL,DETERIORATION_ALERT,Transport et logistique,YELLOW
LSO,2023,PECO,PROGRESSING,PROGRESSION_SIGNAL,Diversification économique,YELLOW
LSO,2023,PENV,DECLINING,DETERIORATION_ALERT,Résilience environnementale,YELLOW
LSO,2023,PGEO,STABLE,STABILITY_SIGNAL,Gouvernance géopolitique et stabilité,YELLOW
LSO,2023,PHUM,DECLINING,DECLINE_SIGNAL,Capital humain,YELLOW
LSO,2023,PMIL,CRITICAL,DETERIORATION_ALERT,Résilience sécuritaire,YELLOW
LSO,2023,PMIN,STABLE,STABILITY_SIGNAL,Chaîne de valeur minière,YELLOW
LSO,2023,PMON,DECLINING,DECLINE_SIGNAL,Résilience monétaire et financière,YELLOW
LSO,2023,PNUM,STABLE,STABILITY_SIGNAL,Souveraineté numérique,YELLOW
LSO,2023,PRES,DECLINING,DETERIORATION_ALERT,Certification énergie-eau,YELLOW
LSO,2023,PTRA,DECLINING,DETERIORATION_ALERT,Transport et logistique,YELLOW
MAR,2023,PECO,DECLINING,DECLINE_SIGNAL,Diversification économique,YELLOW
MAR,2023,PENV,CRITICAL,DETERIORATION_ALERT,Résilience environnementale,YELLOW
MAR,2023,PGEO,DECLINING,DECLINE_SIGNAL,Gouvernance géopolitique et stabilité,YELLOW
MAR,2023,PHUM,DECLINING,DECLINE_SIGNAL,Capital humain,YELLOW
MAR,2023,PMIL,PROGRESSING,PROGRESSION_SIGNAL,Résilience sécuritaire,YELLOW
MAR,2023,PMIN,DECLINING,DECLINE_SIGNAL,Chaîne de valeur minière,YELLOW
MAR,2023,PMON,STABLE,STABILITY_SIGNAL,Résilience monétaire et financière,YELLOW
MAR,2023,PNUM,ACCELERATING,ACCELERATION_SIGNAL,Souveraineté numérique,YELLOW
MAR,2023,PRES,CRITICAL,DETERIORATION_ALERT,Certification énergie-eau,YELLOW
MAR,2023,PTRA,STABLE,STABILITY_SIGNAL,Transport et logistique,YELLOW
MDG,2023,PECO,STABLE,STABILITY_SIGNAL,Diversification économique,YELLOW
MDG,2023,PENV,CRITICAL,DETERIORATION_ALERT,Résilience environnementale,YELLOW
MDG,2023,PGEO,STABLE,STABILITY_SIGNAL,Gouvernance géopolitique et stabilité,YELLOW
MDG,2023,PHUM,DECLINING,DECLINE_SIGNAL,Capital humain,YELLOW
MDG,2023,PMIL,ACCELERATING,PROGRESSION_SIGNAL,Résilience sécuritaire,YELLOW
MDG,2023,PMIN,ACCELERATING,ACCELERATION_SIGNAL,Chaîne de valeur minière,YELLOW
MDG,2023,PMON,PROGRESSING,PROGRESSION_SIGNAL,Résilience monétaire et financière,YELLOW
MDG,2023,PNUM,PROGRESSING,PROGRESSION_SIGNAL,Souveraineté numérique,YELLOW
MDG,2023,PRES,CRITICAL,DETERIORATION_ALERT,Certification énergie-eau,YELLOW
MDG,2023,PTRA,CRITICAL,DETERIORATION_ALERT,Transport et logistique,YELLOW
MLI,2023,PECO,CRITICAL,DECLINE_SIGNAL,Diversification économique,YELLOW
MLI,2023,PENV,DECLINING,DETERIORATION_ALERT,Résilience environnementale,YELLOW
MLI,2023,PGEO,DECLINING,DECLINE_SIGNAL,Gouvernance géopolitique et stabilité,YELLOW
MLI,2023,PHUM,PROGRESSING,PROGRESSION_SIGNAL,Capital humain,YELLOW
MLI,2023,PMIL,ACCELERATING,PROGRESSION_SIGNAL,Résilience sécuritaire,YELLOW
MLI,2023,PMIN,STABLE,STABILITY_SIGNAL,Chaîne de valeur minière,YELLOW
MLI,2023,PMON,DECLINING,DETERIORATION_ALERT,Résilience monétaire et financière,YELLOW
MLI,2023,PNUM,STABLE,STABILITY_SIGNAL,Souveraineté numérique,YELLOW
MLI,2023,PRES,PROGRESSING,PROGRESSION_SIGNAL,Certification énergie-eau,YELLOW
MLI,2023,PTRA,CRITICAL,DETERIORATION_ALERT,Transport et logistique,YELLOW
MOZ,2023,PECO,STABLE,STABILITY_SIGNAL,Diversification économique,YELLOW
MOZ,2023,PENV,CRITICAL,DETERIORATION_ALERT,Résilience environnementale,YELLOW
MOZ,2023,PGEO,STABLE,STABILITY_SIGNAL,Gouvernance géopolitique et stabilité,YELLOW
MOZ,2023,PHUM,PROGRESSING,PROGRESSION_SIGNAL,Capital humain,YELLOW
MOZ,2023,PMIL,STABLE,STABILITY_SIGNAL,Résilience sécuritaire,YELLOW
MOZ,2023,PMIN,DECLINING,DECLINE_SIGNAL,Chaîne de valeur minière,YELLOW
MOZ,2023,PMON,PROGRESSING,PROGRESSION_SIGNAL,Résilience monétaire et financière,YELLOW
MOZ,2023,PNUM,STABLE,STABILITY_SIGNAL,Souveraineté numérique,YELLOW
MOZ,2023,PRES,DECLINING,DETERIORATION_ALERT,Certification énergie-eau,YELLOW
MOZ,2023,PTRA,DECLINING,DETERIORATION_ALERT,Transport et logistique,YELLOW
MRT,2023,PECO,DECLINING,DECLINE_SIGNAL,Diversification économique,YELLOW
MRT,2023,PENV,STABLE,STABILITY_SIGNAL,Résilience environnementale,YELLOW
MRT,2023,PGEO,STABLE,STABILITY_SIGNAL,Gouvernance géopolitique et stabilité,YELLOW
MRT,2023,PHUM,DECLINING,DECLINE_SIGNAL,Capital humain,YELLOW
MRT,2023,PMIL,ACCELERATING,ACCELERATION_SIGNAL,Résilience sécuritaire,YELLOW
MRT,2023,PMIN,PROGRESSING,PROGRESSION_SIGNAL,Chaîne de valeur minière,YELLOW
MRT,2023,PMON,DECLINING,DECLINE_SIGNAL,Résilience monétaire et financière,YELLOW
MRT,2023,PNUM,STABLE,STABILITY_SIGNAL,Souveraineté numérique,YELLOW
MRT,2023,PRES,CRITICAL,DETERIORATION_ALERT,Certification énergie-eau,YELLOW
MRT,2023,PTRA,CRITICAL,DETERIORATION_ALERT,Transport et logistique,YELLOW
MUS,2023,PECO,STABLE,STABILITY_SIGNAL,Diversification économique,YELLOW
MUS,2023,PENV,CRITICAL,DETERIORATION_ALERT,Résilience environnementale,YELLOW
MUS,2023,PGEO,STABLE,STABILITY_SIGNAL,Gouvernance géopolitique et stabilité,YELLOW
MUS,2023,PHUM,CRITICAL,DECLINE_SIGNAL,Capital humain,YELLOW
MUS,2023,PMIL,DECLINING,DETERIORATION_ALERT,Résilience sécuritaire,YELLOW
MUS,2023,PMIN,STABLE,STABILITY_SIGNAL,Chaîne de valeur minière,YELLOW
MUS,2023,PMON,PROGRESSING,PROGRESSION_SIGNAL,Résilience monétaire et financière,YELLOW
MUS,2023,PNUM,PROGRESSING,PROGRESSION_SIGNAL,Souveraineté numérique,YELLOW
MUS,2023,PRES,CRITICAL,DETERIORATION_ALERT,Certification énergie-eau,YELLOW
MUS,2023,PTRA,CRITICAL,DETERIORATION_ALERT,Transport et logistique,YELLOW
MWI,2023,PECO,CRITICAL,DETERIORATION_ALERT,Diversification économique,YELLOW
MWI,2023,PENV,CRITICAL,DETERIORATION_ALERT,Résilience environnementale,YELLOW
MWI,2023,PGEO,DECLINING,DECLINE_SIGNAL,Gouvernance géopolitique et stabilité,YELLOW
MWI,2023,PHUM,DECLINING,DECLINE_SIGNAL,Capital humain,YELLOW
MWI,2023,PMIL,STABLE,STABILITY_SIGNAL,Résilience sécuritaire,YELLOW
MWI,2023,PMIN,STABLE,STABILITY_SIGNAL,Chaîne de valeur minière,YELLOW
MWI,2023,PMON,DECLINING,DETERIORATION_ALERT,Résilience monétaire et financière,YELLOW
MWI,2023,PNUM,PROGRESSING,PROGRESSION_SIGNAL,Souveraineté numérique,YELLOW
MWI,2023,PRES,DECLINING,DETERIORATION_ALERT,Certification énergie-eau,YELLOW
MWI,2023,PTRA,CRITICAL,DETERIORATION_ALERT,Transport et logistique,YELLOW
NAM,2023,PECO,STABLE,STABILITY_SIGNAL,Diversification économique,YELLOW
NAM,2023,PENV,CRITICAL,DETERIORATION_ALERT,Résilience environnementale,YELLOW
NAM,2023,PGEO,STABLE,STABILITY_SIGNAL,Gouvernance géopolitique et stabilité,YELLOW
NAM,2023,PHUM,STABLE,STABILITY_SIGNAL,Capital humain,YELLOW
NAM,2023,PMIL,PROGRESSING,PROGRESSION_SIGNAL,Résilience sécuritaire,YELLOW
NAM,2023,PMIN,DECLINING,DECLINE_SIGNAL,Chaîne de valeur minière,YELLOW
NAM,2023,PMON,CRITICAL,DECLINE_SIGNAL,Résilience monétaire et financière,YELLOW
NAM,2023,PNUM,PROGRESSING,PROGRESSION_SIGNAL,Souveraineté numérique,YELLOW
NAM,2023,PRES,CRITICAL,DETERIORATION_ALERT,Certification énergie-eau,YELLOW
NAM,2023,PTRA,CRITICAL,DETERIORATION_ALERT,Transport et logistique,YELLOW
NER,2023,PECO,DECLINING,DECLINE_SIGNAL,Diversification économique,YELLOW
NER,2023,PENV,DECLINING,DETERIORATION_ALERT,Résilience environnementale,YELLOW
NER,2023,PGEO,DECLINING,DECLINE_SIGNAL,Gouvernance géopolitique et stabilité,YELLOW
NER,2023,PHUM,STABLE,STABILITY_SIGNAL,Capital humain,YELLOW
NER,2023,PMIL,DECLINING,DETERIORATION_ALERT,Résilience sécuritaire,YELLOW
NER,2023,PMIN,DECLINING,DECLINE_SIGNAL,Chaîne de valeur minière,YELLOW
NER,2023,PMON,DECLINING,DETERIORATION_ALERT,Résilience monétaire et financière,YELLOW
NER,2023,PNUM,PROGRESSING,PROGRESSION_SIGNAL,Souveraineté numérique,YELLOW
NER,2023,PRES,PROGRESSING,PROGRESSION_SIGNAL,Certification énergie-eau,YELLOW
NER,2023,PTRA,DECLINING,DETERIORATION_ALERT,Transport et logistique,YELLOW
NGA,2023,PECO,CRITICAL,DECLINE_SIGNAL,Diversification économique,YELLOW
NGA,2023,PENV,CRITICAL,DETERIORATION_ALERT,Résilience environnementale,YELLOW
NGA,2023,PGEO,DECLINING,DECLINE_SIGNAL,Gouvernance géopolitique et stabilité,YELLOW
NGA,2023,PHUM,CRITICAL,DECLINE_SIGNAL,Capital humain,YELLOW
NGA,2023,PMIL,ACCELERATING,PROGRESSION_SIGNAL,Résilience sécuritaire,YELLOW
NGA,2023,PMIN,PROGRESSING,PROGRESSION_SIGNAL,Chaîne de valeur minière,YELLOW
NGA,2023,PMON,DECLINING,DETERIORATION_ALERT,Résilience monétaire et financière,YELLOW
NGA,2023,PNUM,STABLE,STABILITY_SIGNAL,Souveraineté numérique,YELLOW
NGA,2023,PRES,DECLINING,DETERIORATION_ALERT,Certification énergie-eau,YELLOW
NGA,2023,PTRA,CRITICAL,DETERIORATION_ALERT,Transport et logistique,YELLOW
RWA,2023,PECO,PROGRESSING,PROGRESSION_SIGNAL,Diversification économique,YELLOW
RWA,2023,PENV,CRITICAL,DETERIORATION_ALERT,Résilience environnementale,YELLOW
RWA,2023,PGEO,STABLE,STABILITY_SIGNAL,Gouvernance géopolitique et stabilité,YELLOW
RWA,2023,PHUM,STABLE,STABILITY_SIGNAL,Capital humain,YELLOW
RWA,2023,PMIL,PROGRESSING,PROGRESSION_SIGNAL,Résilience sécuritaire,YELLOW
RWA,2023,PMIN,PROGRESSING,PROGRESSION_SIGNAL,Chaîne de valeur minière,YELLOW
RWA,2023,PMON,PROGRESSING,PROGRESSION_SIGNAL,Résilience monétaire et financière,YELLOW
RWA,2023,PNUM,PROGRESSING,PROGRESSION_SIGNAL,Souveraineté numérique,YELLOW
RWA,2023,PRES,CRITICAL,DETERIORATION_ALERT,Certification énergie-eau,YELLOW
RWA,2023,PTRA,CRITICAL,DETERIORATION_ALERT,Transport et logistique,YELLOW
SDN,2023,PECO,CRITICAL,DETERIORATION_ALERT,Diversification économique,YELLOW
SDN,2023,PENV,CRITICAL,DETERIORATION_ALERT,Résilience environnementale,YELLOW
SDN,2023,PGEO,STABLE,STABILITY_SIGNAL,Gouvernance géopolitique et stabilité,YELLOW
SDN,2023,PHUM,DECLINING,DECLINE_SIGNAL,Capital humain,YELLOW
SDN,2023,PMIL,STABLE,STABILITY_SIGNAL,Résilience sécuritaire,YELLOW
SDN,2023,PMIN,DECLINING,DETERIORATION_ALERT,Chaîne de valeur minière,YELLOW
SDN,2023,PMON,CRITICAL,DETERIORATION_ALERT,Résilience monétaire et financière,YELLOW
SDN,2023,PNUM,DECLINING,DETERIORATION_ALERT,Souveraineté numérique,YELLOW
SDN,2023,PRES,ACCELERATING,PROGRESSION_SIGNAL,Certification énergie-eau,YELLOW
SDN,2023,PTRA,CRITICAL,DETERIORATION_ALERT,Transport et logistique,YELLOW
SEN,2023,PECO,ACCELERATING,PROGRESSION_SIGNAL,Diversification économique,YELLOW
SEN,2023,PENV,CRITICAL,DETERIORATION_ALERT,Résilience environnementale,YELLOW
SEN,2023,PGEO,STABLE,STABILITY_SIGNAL,Gouvernance géopolitique et stabilité,YELLOW
SEN,2023,PHUM,STABLE,STABILITY_SIGNAL,Capital humain,YELLOW
SEN,2023,PMIL,PROGRESSING,PROGRESSION_SIGNAL,Résilience sécuritaire,YELLOW
SEN,2023,PMIN,ACCELERATING,ACCELERATION_SIGNAL,Chaîne de valeur minière,YELLOW
SEN,2023,PMON,DECLINING,DECLINE_SIGNAL,Résilience monétaire et financière,YELLOW
SEN,2023,PNUM,PROGRESSING,PROGRESSION_SIGNAL,Souveraineté numérique,YELLOW
SEN,2023,PRES,CRITICAL,DETERIORATION_ALERT,Certification énergie-eau,YELLOW
SEN,2023,PTRA,DECLINING,DETERIORATION_ALERT,Transport et logistique,YELLOW
SLE,2023,PECO,STABLE,STABILITY_SIGNAL,Diversification économique,YELLOW
SLE,2023,PENV,CRITICAL,DETERIORATION_ALERT,Résilience environnementale,YELLOW
SLE,2023,PGEO,STABLE,STABILITY_SIGNAL,Gouvernance géopolitique et stabilité,YELLOW
SLE,2023,PHUM,STABLE,STABILITY_SIGNAL,Capital humain,YELLOW
SLE,2023,PMIL,DECLINING,DETERIORATION_ALERT,Résilience sécuritaire,YELLOW
SLE,2023,PMIN,STABLE,STABILITY_SIGNAL,Chaîne de valeur minière,YELLOW
SLE,2023,PMON,ACCELERATING,ACCELERATION_SIGNAL,Résilience monétaire et financière,YELLOW
SLE,2023,PNUM,PROGRESSING,PROGRESSION_SIGNAL,Souveraineté numérique,YELLOW
SLE,2023,PRES,STABLE,STABILITY_SIGNAL,Certification énergie-eau,YELLOW
SLE,2023,PTRA,CRITICAL,DETERIORATION_ALERT,Transport et logistique,YELLOW
SOM,2023,PECO,PROGRESSING,PROGRESSION_SIGNAL,Diversification économique,YELLOW
SOM,2023,PENV,CRITICAL,DETERIORATION_ALERT,Résilience environnementale,YELLOW
SOM,2023,PGEO,STABLE,STABILITY_SIGNAL,Gouvernance géopolitique et stabilité,YELLOW
SOM,2023,PHUM,PROGRESSING,PROGRESSION_SIGNAL,Capital humain,YELLOW
SOM,2023,PMIL,ACCELERATING,ACCELERATION_SIGNAL,Résilience sécuritaire,YELLOW
SOM,2023,PMIN,PROGRESSING,PROGRESSION_SIGNAL,Chaîne de valeur minière,YELLOW
SOM,2023,PMON,PROGRESSING,PROGRESSION_SIGNAL,Résilience monétaire et financière,YELLOW
SOM,2023,PNUM,ACCELERATING,PROGRESSION_SIGNAL,Souveraineté numérique,YELLOW
SOM,2023,PRES,DECLINING,DETERIORATION_ALERT,Certification énergie-eau,YELLOW
SOM,2023,PTRA,DECLINING,DETERIORATION_ALERT,Transport et logistique,YELLOW
SSD,2023,PECO,ACCELERATING,PROGRESSION_SIGNAL,Diversification économique,YELLOW
SSD,2023,PENV,DECLINING,DETERIORATION_ALERT,Résilience environnementale,YELLOW
SSD,2023,PGEO,STABLE,STABILITY_SIGNAL,Gouvernance géopolitique et stabilité,YELLOW
SSD,2023,PHUM,PROGRESSING,PROGRESSION_SIGNAL,Capital humain,YELLOW
SSD,2023,PMIL,STABLE,STABILITY_SIGNAL,Résilience sécuritaire,YELLOW
SSD,2023,PMIN,STABLE,STABILITY_SIGNAL,Chaîne de valeur minière,YELLOW
SSD,2023,PMON,PROGRESSING,PROGRESSION_SIGNAL,Résilience monétaire et financière,YELLOW
SSD,2023,PNUM,PROGRESSING,PROGRESSION_SIGNAL,Souveraineté numérique,YELLOW
SSD,2023,PRES,DECLINING,DETERIORATION_ALERT,Certification énergie-eau,YELLOW
SSD,2023,PTRA,PROGRESSING,PROGRESSION_SIGNAL,Transport et logistique,YELLOW
STP,2023,PECO,CRITICAL,DETERIORATION_ALERT,Diversification économique,YELLOW
STP,2023,PENV,CRITICAL,DETERIORATION_ALERT,Résilience environnementale,YELLOW
STP,2023,PGEO,STABLE,STABILITY_SIGNAL,Gouvernance géopolitique et stabilité,YELLOW
STP,2023,PHUM,CRITICAL,DECLINE_SIGNAL,Capital humain,YELLOW
STP,2023,PMIL,DECLINING,DETERIORATION_ALERT,Résilience sécuritaire,YELLOW
STP,2023,PMIN,STABLE,STABILITY_SIGNAL,Chaîne de valeur minière,YELLOW
STP,2023,PMON,DECLINING,DETERIORATION_ALERT,Résilience monétaire et financière,YELLOW
STP,2023,PNUM,DECLINING,DETERIORATION_ALERT,Souveraineté numérique,YELLOW
STP,2023,PRES,CRITICAL,DETERIORATION_ALERT,Certification énergie-eau,YELLOW
STP,2023,PTRA,PROGRESSING,PROGRESSION_SIGNAL,Transport et logistique,YELLOW
SWZ,2023,PECO,DECLINING,DETERIORATION_ALERT,Diversification économique,YELLOW
SWZ,2023,PENV,CRITICAL,DETERIORATION_ALERT,Résilience environnementale,YELLOW
SWZ,2023,PGEO,STABLE,STABILITY_SIGNAL,Gouvernance géopolitique et stabilité,YELLOW
SWZ,2023,PHUM,DECLINING,DECLINE_SIGNAL,Capital humain,YELLOW
SWZ,2023,PMIL,CRITICAL,DETERIORATION_ALERT,Résilience sécuritaire,YELLOW
SWZ,2023,PMIN,DECLINING,DETERIORATION_ALERT,Chaîne de valeur minière,YELLOW
SWZ,2023,PMON,DECLINING,DECLINE_SIGNAL,Résilience monétaire et financière,YELLOW
SWZ,2023,PNUM,STABLE,STABILITY_SIGNAL,Souveraineté numérique,YELLOW
SWZ,2023,PRES,DECLINING,DETERIORATION_ALERT,Certification énergie-eau,YELLOW
SWZ,2023,PTRA,PROGRESSING,PROGRESSION_SIGNAL,Transport et logistique,YELLOW
SYC,2023,PECO,CRITICAL,DECLINE_SIGNAL,Diversification économique,YELLOW
SYC,2023,PENV,DECLINING,DETERIORATION_ALERT,Résilience environnementale,YELLOW
SYC,2023,PGEO,STABLE,STABILITY_SIGNAL,Gouvernance géopolitique et stabilité,YELLOW
SYC,2023,PHUM,DECLINING,DECLINE_SIGNAL,Capital humain,YELLOW
SYC,2023,PMIL,CRITICAL,DETERIORATION_ALERT,Résilience sécuritaire,YELLOW
SYC,2023,PMIN,STABLE,STABILITY_SIGNAL,Chaîne de valeur minière,YELLOW
SYC,2023,PMON,STABLE,STABILITY_SIGNAL,Résilience monétaire et financière,YELLOW
SYC,2023,PNUM,PROGRESSING,PROGRESSION_SIGNAL,Souveraineté numérique,YELLOW
SYC,2023,PRES,CRITICAL,DETERIORATION_ALERT,Certification énergie-eau,YELLOW
SYC,2023,PTRA,CRITICAL,DETERIORATION_ALERT,Transport et logistique,YELLOW
TCD,2023,PECO,DECLINING,DECLINE_SIGNAL,Diversification économique,YELLOW
TCD,2023,PENV,DECLINING,DETERIORATION_ALERT,Résilience environnementale,YELLOW
TCD,2023,PGEO,DECLINING,DETERIORATION_ALERT,Gouvernance géopolitique et stabilité,YELLOW
TCD,2023,PHUM,STABLE,STABILITY_SIGNAL,Capital humain,YELLOW
TCD,2023,PMIL,ACCELERATING,PROGRESSION_SIGNAL,Résilience sécuritaire,YELLOW
TCD,2023,PMIN,STABLE,STABILITY_SIGNAL,Chaîne de valeur minière,YELLOW
TCD,2023,PMON,CRITICAL,DETERIORATION_ALERT,Résilience monétaire et financière,YELLOW
TCD,2023,PNUM,PROGRESSING,PROGRESSION_SIGNAL,Souveraineté numérique,YELLOW
TCD,2023,PRES,DECLINING,DETERIORATION_ALERT,Certification énergie-eau,YELLOW
TCD,2023,PTRA,CRITICAL,DETERIORATION_ALERT,Transport et logistique,YELLOW
TGO,2023,PECO,DECLINING,DETERIORATION_ALERT,Diversification économique,YELLOW
TGO,2023,PENV,CRITICAL,DETERIORATION_ALERT,Résilience environnementale,YELLOW
TGO,2023,PGEO,DECLINING,DECLINE_SIGNAL,Gouvernance géopolitique et stabilité,YELLOW
TGO,2023,PHUM,STABLE,STABILITY_SIGNAL,Capital humain,YELLOW
TGO,2023,PMIL,STABLE,STABILITY_SIGNAL,Résilience sécuritaire,YELLOW
TGO,2023,PMIN,PROGRESSING,PROGRESSION_SIGNAL,Chaîne de valeur minière,YELLOW
TGO,2023,PMON,DECLINING,DECLINE_SIGNAL,Résilience monétaire et financière,YELLOW
TGO,2023,PNUM,PROGRESSING,PROGRESSION_SIGNAL,Souveraineté numérique,YELLOW
TGO,2023,PRES,CRITICAL,DETERIORATION_ALERT,Certification énergie-eau,YELLOW
TGO,2023,PTRA,DECLINING,DETERIORATION_ALERT,Transport et logistique,YELLOW
TUN,2023,PECO,CRITICAL,DETERIORATION_ALERT,Diversification économique,YELLOW
TUN,2023,PENV,CRITICAL,DETERIORATION_ALERT,Résilience environnementale,YELLOW
TUN,2023,PGEO,STABLE,STABILITY_SIGNAL,Gouvernance géopolitique et stabilité,YELLOW
TUN,2023,PHUM,CRITICAL,DECLINE_SIGNAL,Capital humain,YELLOW
TUN,2023,PMIL,ACCELERATING,PROGRESSION_SIGNAL,Résilience sécuritaire,YELLOW
TUN,2023,PMIN,DECLINING,DECLINE_SIGNAL,Chaîne de valeur minière,YELLOW
TUN,2023,PMON,STABLE,STABILITY_SIGNAL,Résilience monétaire et financière,YELLOW
TUN,2023,PNUM,PROGRESSING,PROGRESSION_SIGNAL,Souveraineté numérique,YELLOW
TUN,2023,PRES,CRITICAL,DETERIORATION_ALERT,Certification énergie-eau,YELLOW
TUN,2023,PTRA,CRITICAL,DETERIORATION_ALERT,Transport et logistique,YELLOW
TZA,2023,PECO,PROGRESSING,PROGRESSION_SIGNAL,Diversification économique,YELLOW
TZA,2023,PENV,CRITICAL,DETERIORATION_ALERT,Résilience environnementale,YELLOW
TZA,2023,PGEO,DECLINING,DECLINE_SIGNAL,Gouvernance géopolitique et stabilité,YELLOW
TZA,2023,PHUM,STABLE,STABILITY_SIGNAL,Capital humain,YELLOW
TZA,2023,PMIL,STABLE,STABILITY_SIGNAL,Résilience sécuritaire,YELLOW
TZA,2023,PMIN,PROGRESSING,PROGRESSION_SIGNAL,Chaîne de valeur minière,YELLOW
TZA,2023,PMON,ACCELERATING,PROGRESSION_SIGNAL,Résilience monétaire et financière,YELLOW
TZA,2023,PNUM,ACCELERATING,PROGRESSION_SIGNAL,Souveraineté numérique,YELLOW
TZA,2023,PRES,STABLE,STABILITY_SIGNAL,Certification énergie-eau,YELLOW
TZA,2023,PTRA,CRITICAL,DETERIORATION_ALERT,Transport et logistique,YELLOW
UGA,2023,PECO,ACCELERATING,ACCELERATION_SIGNAL,Diversification économique,YELLOW
UGA,2023,PENV,DECLINING,DETERIORATION_ALERT,Résilience environnementale,YELLOW
UGA,2023,PGEO,STABLE,STABILITY_SIGNAL,Gouvernance géopolitique et stabilité,YELLOW
UGA,2023,PHUM,STABLE,STABILITY_SIGNAL,Capital humain,YELLOW
UGA,2023,PMIL,ACCELERATING,PROGRESSION_SIGNAL,Résilience sécuritaire,YELLOW
UGA,2023,PMIN,PROGRESSING,PROGRESSION_SIGNAL,Chaîne de valeur minière,YELLOW
UGA,2023,PMON,STABLE,STABILITY_SIGNAL,Résilience monétaire et financière,YELLOW
UGA,2023,PNUM,STABLE,STABILITY_SIGNAL,Souveraineté numérique,YELLOW
UGA,2023,PRES,DECLINING,DETERIORATION_ALERT,Certification énergie-eau,YELLOW
UGA,2023,PTRA,CRITICAL,DETERIORATION_ALERT,Transport et logistique,YELLOW
ZAF,2023,PECO,DECLINING,DETERIORATION_ALERT,Diversification économique,YELLOW
ZAF,2023,PENV,CRITICAL,DETERIORATION_ALERT,Résilience environnementale,YELLOW
ZAF,2023,PGEO,DECLINING,DECLINE_SIGNAL,Gouvernance géopolitique et stabilité,YELLOW
ZAF,2023,PHUM,CRITICAL,DECLINE_SIGNAL,Capital humain,YELLOW
ZAF,2023,PMIL,PROGRESSING,PROGRESSION_SIGNAL,Résilience sécuritaire,YELLOW
ZAF,2023,PMIN,PROGRESSING,PROGRESSION_SIGNAL,Chaîne de valeur minière,YELLOW
ZAF,2023,PMON,STABLE,STABILITY_SIGNAL,Résilience monétaire et financière,YELLOW
ZAF,2023,PNUM,PROGRESSING,PROGRESSION_SIGNAL,Souveraineté numérique,YELLOW
ZAF,2023,PRES,CRITICAL,DETERIORATION_ALERT,Certification énergie-eau,YELLOW
ZAF,2023,PTRA,DECLINING,DETERIORATION_ALERT,Transport et logistique,YELLOW
ZMB,2023,PECO,STABLE,STABILITY_SIGNAL,Diversification économique,YELLOW
ZMB,2023,PENV,DECLINING,DETERIORATION_ALERT,Résilience environnementale,YELLOW
ZMB,2023,PGEO,DECLINING,DECLINE_SIGNAL,Gouvernance géopolitique et stabilité,YELLOW
ZMB,2023,PHUM,STABLE,STABILITY_SIGNAL,Capital humain,YELLOW
ZMB,2023,PMIL,CRITICAL,DETERIORATION_ALERT,Résilience sécuritaire,YELLOW
ZMB,2023,PMIN,STABLE,STABILITY_SIGNAL,Chaîne de valeur minière,YELLOW
ZMB,2023,PMON,STABLE,STABILITY_SIGNAL,Résilience monétaire et financière,YELLOW
ZMB,2023,PNUM,PROGRESSING,PROGRESSION_SIGNAL,Souveraineté numérique,YELLOW
ZMB,2023,PRES,PROGRESSING,PROGRESSION_SIGNAL,Certification énergie-eau,YELLOW
ZMB,2023,PTRA,DECLINING,DETERIORATION_ALERT,Transport et logistique,YELLOW
ZWE,2023,PECO,CRITICAL,DETERIORATION_ALERT,Diversification économique,YELLOW
ZWE,2023,PENV,CRITICAL,DETERIORATION_ALERT,Résilience environnementale,YELLOW
ZWE,2023,PGEO,STABLE,STABILITY_SIGNAL,Gouvernance géopolitique et stabilité,YELLOW
ZWE,2023,PHUM,DECLINING,DECLINE_SIGNAL,Capital humain,YELLOW
ZWE,2023,PMIL,ACCELERATING,ACCELERATION_SIGNAL,Résilience sécuritaire,YELLOW
ZWE,2023,PMIN,ACCELERATING,ACCELERATION_SIGNAL,Chaîne de valeur minière,YELLOW
ZWE,2023,PMON,DECLINING,DETERIORATION_ALERT,Résilience monétaire et financière,YELLOW
ZWE,2023,PNUM,STABLE,STABILITY_SIGNAL,Souveraineté numérique,YELLOW
ZWE,2023,PRES,PROGRESSING,PROGRESSION_SIGNAL,Certification énergie-eau,YELLOW
ZWE,2023,PTRA,CRITICAL,DETERIORATION_ALERT,Transport et logistique,YELLOW
AGO,2022,PECO,PROGRESSING,PROGRESSION_SIGNAL,Diversification économique,YELLOW
AGO,2022,PENV,CRITICAL,DETERIORATION_ALERT,Résilience environnementale,YELLOW
AGO,2022,PGEO,STABLE,STABILITY_SIGNAL,Gouvernance géopolitique et stabilité,YELLOW
AGO,2022,PHUM,STABLE,STABILITY_SIGNAL,Capital humain,YELLOW
AGO,2022,PMIL,PROGRESSING,PROGRESSION_SIGNAL,Résilience sécuritaire,YELLOW
AGO,2022,PMIN,PROGRESSING,PROGRESSION_SIGNAL,Chaîne de valeur minière,YELLOW
AGO,2022,PMON,ACCELERATING,ACCELERATION_SIGNAL,Résilience monétaire et financière,YELLOW
AGO,2022,PNUM,PROGRESSING,PROGRESSION_SIGNAL,Souveraineté numérique,YELLOW
AGO,2022,PRES,PROGRESSING,PROGRESSION_SIGNAL,Certification énergie-eau,YELLOW
AGO,2022,PTRA,CRITICAL,DETERIORATION_ALERT,Transport et logistique,YELLOW
BDI,2022,PECO,CRITICAL,DECLINE_SIGNAL,Diversification économique,YELLOW
BDI,2022,PENV,DECLINING,DETERIORATION_ALERT,Résilience environnementale,YELLOW
BDI,2022,PGEO,STABLE,STABILITY_SIGNAL,Gouvernance géopolitique et stabilité,YELLOW
BDI,2022,PHUM,STABLE,STABILITY_SIGNAL,Capital humain,YELLOW
BDI,2022,PMIL,ACCELERATING,PROGRESSION_SIGNAL,Résilience sécuritaire,YELLOW
BDI,2022,PMIN,STABLE,STABILITY_SIGNAL,Chaîne de valeur minière,YELLOW
BDI,2022,PMON,PROGRESSING,PROGRESSION_SIGNAL,Résilience monétaire et financière,YELLOW
BDI,2022,PNUM,STABLE,STABILITY_SIGNAL,Souveraineté numérique,YELLOW
BDI,2022,PRES,CRITICAL,DETERIORATION_ALERT,Certification énergie-eau,YELLOW
BDI,2022,PTRA,PROGRESSING,PROGRESSION_SIGNAL,Transport et logistique,YELLOW
BEN,2022,PECO,STABLE,STABILITY_SIGNAL,Diversification économique,YELLOW
BEN,2022,PENV,CRITICAL,DETERIORATION_ALERT,Résilience environnementale,YELLOW
BEN,2022,PGEO,DECLINING,DECLINE_SIGNAL,Gouvernance géopolitique et stabilité,YELLOW
BEN,2022,PHUM,DECLINING,DECLINE_SIGNAL,Capital humain,YELLOW
BEN,2022,PMIL,PROGRESSING,PROGRESSION_SIGNAL,Résilience sécuritaire,YELLOW
BEN,2022,PMIN,PROGRESSING,PROGRESSION_SIGNAL,Chaîne de valeur minière,YELLOW
BEN,2022,PMON,DECLINING,DETERIORATION_ALERT,Résilience monétaire et financière,YELLOW
BEN,2022,PNUM,PROGRESSING,PROGRESSION_SIGNAL,Souveraineté numérique,YELLOW
BEN,2022,PRES,STABLE,STABILITY_SIGNAL,Certification énergie-eau,YELLOW
BEN,2022,PTRA,CRITICAL,DETERIORATION_ALERT,Transport et logistique,YELLOW
BFA,2022,PECO,DECLINING,DETERIORATION_ALERT,Diversification économique,YELLOW
BFA,2022,PENV,CRITICAL,DETERIORATION_ALERT,Résilience environnementale,YELLOW
BFA,2022,PGEO,DECLINING,DECLINE_SIGNAL,Gouvernance géopolitique et stabilité,YELLOW
BFA,2022,PHUM,STABLE,STABILITY_SIGNAL,Capital humain,YELLOW
BFA,2022,PMIL,CRITICAL,DETERIORATION_ALERT,Résilience sécuritaire,YELLOW
BFA,2022,PMIN,ACCELERATING,PROGRESSION_SIGNAL,Chaîne de valeur minière,YELLOW
BFA,2022,PMON,STABLE,STABILITY_SIGNAL,Résilience monétaire et financière,YELLOW
BFA,2022,PNUM,ACCELERATING,PROGRESSION_SIGNAL,Souveraineté numérique,YELLOW
BFA,2022,PRES,STABLE,STABILITY_SIGNAL,Certification énergie-eau,YELLOW
BFA,2022,PTRA,CRITICAL,DETERIORATION_ALERT,Transport et logistique,YELLOW
BWA,2022,PECO,ACCELERATING,PROGRESSION_SIGNAL,Diversification économique,YELLOW
BWA,2022,PENV,CRITICAL,DETERIORATION_ALERT,Résilience environnementale,YELLOW
BWA,2022,PGEO,STABLE,STABILITY_SIGNAL,Gouvernance géopolitique et stabilité,YELLOW
BWA,2022,PHUM,DECLINING,DECLINE_SIGNAL,Capital humain,YELLOW
BWA,2022,PMIL,STABLE,STABILITY_SIGNAL,Résilience sécuritaire,YELLOW
BWA,2022,PMIN,STABLE,STABILITY_SIGNAL,Chaîne de valeur minière,YELLOW
BWA,2022,PMON,STABLE,STABILITY_SIGNAL,Résilience monétaire et financière,YELLOW
BWA,2022,PNUM,PROGRESSING,PROGRESSION_SIGNAL,Souveraineté numérique,YELLOW
BWA,2022,PRES,CRITICAL,DETERIORATION_ALERT,Certification énergie-eau,YELLOW
BWA,2022,PTRA,CRITICAL,DETERIORATION_ALERT,Transport et logistique,YELLOW
CAF,2022,PECO,DECLINING,DECLINE_SIGNAL,Diversification économique,YELLOW
CAF,2022,PENV,CRITICAL,DETERIORATION_ALERT,Résilience environnementale,YELLOW
CAF,2022,PGEO,STABLE,STABILITY_SIGNAL,Gouvernance géopolitique et stabilité,YELLOW
CAF,2022,PHUM,STABLE,STABILITY_SIGNAL,Capital humain,YELLOW
CAF,2022,PMIL,STABLE,STABILITY_SIGNAL,Résilience sécuritaire,YELLOW
CAF,2022,PMIN,STABLE,STABILITY_SIGNAL,Chaîne de valeur minière,YELLOW
CAF,2022,PMON,DECLINING,DECLINE_SIGNAL,Résilience monétaire et financière,YELLOW
CAF,2022,PNUM,STABLE,STABILITY_SIGNAL,Souveraineté numérique,YELLOW
CAF,2022,PRES,DECLINING,DETERIORATION_ALERT,Certification énergie-eau,YELLOW
CAF,2022,PTRA,DECLINING,DETERIORATION_ALERT,Transport et logistique,YELLOW
CIV,2022,PECO,DECLINING,DECLINE_SIGNAL,Diversification économique,YELLOW
CIV,2022,PENV,CRITICAL,DETERIORATION_ALERT,Résilience environnementale,YELLOW
CIV,2022,PGEO,STABLE,STABILITY_SIGNAL,Gouvernance géopolitique et stabilité,YELLOW
CIV,2022,PHUM,PROGRESSING,PROGRESSION_SIGNAL,Capital humain,YELLOW
CIV,2022,PMIL,DECLINING,DETERIORATION_ALERT,Résilience sécuritaire,YELLOW
CIV,2022,PMIN,PROGRESSING,PROGRESSION_SIGNAL,Chaîne de valeur minière,YELLOW
CIV,2022,PMON,DECLINING,DETERIORATION_ALERT,Résilience monétaire et financière,YELLOW
CIV,2022,PNUM,ACCELERATING,ACCELERATION_SIGNAL,Souveraineté numérique,YELLOW
CIV,2022,PRES,CRITICAL,DETERIORATION_ALERT,Certification énergie-eau,YELLOW
CIV,2022,PTRA,DECLINING,DETERIORATION_ALERT,Transport et logistique,YELLOW
CMR,2022,PECO,DECLINING,DECLINE_SIGNAL,Diversification économique,YELLOW
CMR,2022,PENV,CRITICAL,DETERIORATION_ALERT,Résilience environnementale,YELLOW
CMR,2022,PGEO,DECLINING,DECLINE_SIGNAL,Gouvernance géopolitique et stabilité,YELLOW
CMR,2022,PHUM,DECLINING,DECLINE_SIGNAL,Capital humain,YELLOW
CMR,2022,PMIL,PROGRESSING,PROGRESSION_SIGNAL,Résilience sécuritaire,YELLOW
CMR,2022,PMIN,PROGRESSING,PROGRESSION_SIGNAL,Chaîne de valeur minière,YELLOW
CMR,2022,PMON,CRITICAL,DECLINE_SIGNAL,Résilience monétaire et financière,YELLOW
CMR,2022,PNUM,STABLE,STABILITY_SIGNAL,Souveraineté numérique,YELLOW
CMR,2022,PRES,DECLINING,DETERIORATION_ALERT,Certification énergie-eau,YELLOW
CMR,2022,PTRA,DECLINING,DETERIORATION_ALERT,Transport et logistique,YELLOW
COD,2022,PECO,CRITICAL,DECLINE_SIGNAL,Diversification économique,YELLOW
COD,2022,PENV,CRITICAL,DETERIORATION_ALERT,Résilience environnementale,YELLOW
COD,2022,PGEO,STABLE,STABILITY_SIGNAL,Gouvernance géopolitique et stabilité,YELLOW
COD,2022,PHUM,DECLINING,DETERIORATION_ALERT,Capital humain,YELLOW
COD,2022,PMIL,ACCELERATING,ACCELERATION_SIGNAL,Résilience sécuritaire,YELLOW
COD,2022,PMIN,STABLE,STABILITY_SIGNAL,Chaîne de valeur minière,YELLOW
COD,2022,PMON,DECLINING,DETERIORATION_ALERT,Résilience monétaire et financière,YELLOW
COD,2022,PNUM,PROGRESSING,PROGRESSION_SIGNAL,Souveraineté numérique,YELLOW
COD,2022,PRES,STABLE,STABILITY_SIGNAL,Certification énergie-eau,YELLOW
COD,2022,PTRA,CRITICAL,DETERIORATION_ALERT,Transport et logistique,YELLOW
COG,2022,PECO,CRITICAL,DECLINE_SIGNAL,Diversification économique,YELLOW
COG,2022,PENV,CRITICAL,DETERIORATION_ALERT,Résilience environnementale,YELLOW
COG,2022,PGEO,STABLE,STABILITY_SIGNAL,Gouvernance géopolitique et stabilité,YELLOW
COG,2022,PHUM,CRITICAL,DECLINE_SIGNAL,Capital humain,YELLOW
COG,2022,PMIL,ACCELERATING,PROGRESSION_SIGNAL,Résilience sécuritaire,YELLOW
COG,2022,PMIN,PROGRESSING,PROGRESSION_SIGNAL,Chaîne de valeur minière,YELLOW
COG,2022,PMON,CRITICAL,DECLINE_SIGNAL,Résilience monétaire et financière,YELLOW
COG,2022,PNUM,STABLE,STABILITY_SIGNAL,Souveraineté numérique,YELLOW
COG,2022,PRES,STABLE,STABILITY_SIGNAL,Certification énergie-eau,YELLOW
COG,2022,PTRA,CRITICAL,DETERIORATION_ALERT,Transport et logistique,YELLOW
COM,2022,PECO,PROGRESSING,PROGRESSION_SIGNAL,Diversification économique,YELLOW
COM,2022,PENV,CRITICAL,DETERIORATION_ALERT,Résilience environnementale,YELLOW
COM,2022,PGEO,STABLE,STABILITY_SIGNAL,Gouvernance géopolitique et stabilité,YELLOW
COM,2022,PHUM,STABLE,STABILITY_SIGNAL,Capital humain,YELLOW
COM,2022,PMIL,STABLE,STABILITY_SIGNAL,Résilience sécuritaire,YELLOW
COM,2022,PMIN,STABLE,STABILITY_SIGNAL,Chaîne de valeur minière,YELLOW
COM,2022,PMON,STABLE,STABILITY_SIGNAL,Résilience monétaire et financière,YELLOW
COM,2022,PNUM,STABLE,STABILITY_SIGNAL,Souveraineté numérique,YELLOW
COM,2022,PRES,CRITICAL,DETERIORATION_ALERT,Certification énergie-eau,YELLOW
COM,2022,PTRA,CRITICAL,DETERIORATION_ALERT,Transport et logistique,YELLOW
CPV,2022,PECO,CRITICAL,DETERIORATION_ALERT,Diversification économique,YELLOW
CPV,2022,PENV,CRITICAL,DETERIORATION_ALERT,Résilience environnementale,YELLOW
CPV,2022,PGEO,STABLE,STABILITY_SIGNAL,Gouvernance géopolitique et stabilité,YELLOW
CPV,2022,PHUM,DECLINING,DECLINE_SIGNAL,Capital humain,YELLOW
CPV,2022,PMIL,DECLINING,DETERIORATION_ALERT,Résilience sécuritaire,YELLOW
CPV,2022,PMIN,STABLE,STABILITY_SIGNAL,Chaîne de valeur minière,YELLOW
CPV,2022,PMON,STABLE,STABILITY_SIGNAL,Résilience monétaire et financière,YELLOW
CPV,2022,PNUM,DECLINING,DECLINE_SIGNAL,Souveraineté numérique,YELLOW
CPV,2022,PRES,DECLINING,DETERIORATION_ALERT,Certification énergie-eau,YELLOW
CPV,2022,PTRA,CRITICAL,DETERIORATION_ALERT,Transport et logistique,YELLOW
DJI,2022,PECO,STABLE,STABILITY_SIGNAL,Diversification économique,YELLOW
DJI,2022,PENV,DECLINING,DETERIORATION_ALERT,Résilience environnementale,YELLOW
DJI,2022,PGEO,STABLE,STABILITY_SIGNAL,Gouvernance géopolitique et stabilité,YELLOW
DJI,2022,PHUM,DECLINING,DECLINE_SIGNAL,Capital humain,YELLOW
DJI,2022,PMIL,PROGRESSING,PROGRESSION_SIGNAL,Résilience sécuritaire,YELLOW
DJI,2022,PMIN,PROGRESSING,PROGRESSION_SIGNAL,Chaîne de valeur minière,YELLOW
DJI,2022,PMON,PROGRESSING,PROGRESSION_SIGNAL,Résilience monétaire et financière,YELLOW
DJI,2022,PNUM,STABLE,STABILITY_SIGNAL,Souveraineté numérique,YELLOW
DJI,2022,PRES,STABLE,STABILITY_SIGNAL,Certification énergie-eau,YELLOW
DJI,2022,PTRA,CRITICAL,DETERIORATION_ALERT,Transport et logistique,YELLOW
DZA,2022,PECO,CRITICAL,DECLINE_SIGNAL,Diversification économique,YELLOW
DZA,2022,PENV,DECLINING,DETERIORATION_ALERT,Résilience environnementale,YELLOW
DZA,2022,PGEO,STABLE,STABILITY_SIGNAL,Gouvernance géopolitique et stabilité,YELLOW
DZA,2022,PHUM,DECLINING,DECLINE_SIGNAL,Capital humain,YELLOW
DZA,2022,PMIL,ACCELERATING,PROGRESSION_SIGNAL,Résilience sécuritaire,YELLOW
DZA,2022,PMIN,PROGRESSING,PROGRESSION_SIGNAL,Chaîne de valeur minière,YELLOW
DZA,2022,PMON,PROGRESSING,PROGRESSION_SIGNAL,Résilience monétaire et financière,YELLOW
DZA,2022,PNUM,PROGRESSING,PROGRESSION_SIGNAL,Souveraineté numérique,YELLOW
DZA,2022,PRES,CRITICAL,DETERIORATION_ALERT,Certification énergie-eau,YELLOW
DZA,2022,PTRA,CRITICAL,DETERIORATION_ALERT,Transport et logistique,YELLOW
EGY,2022,PECO,CRITICAL,DETERIORATION_ALERT,Diversification économique,YELLOW
EGY,2022,PENV,CRITICAL,DETERIORATION_ALERT,Résilience environnementale,YELLOW
EGY,2022,PGEO,DECLINING,DECLINE_SIGNAL,Gouvernance géopolitique et stabilité,YELLOW
EGY,2022,PHUM,STABLE,STABILITY_SIGNAL,Capital humain,YELLOW
EGY,2022,PMIL,DECLINING,DETERIORATION_ALERT,Résilience sécuritaire,YELLOW
EGY,2022,PMIN,ACCELERATING,ACCELERATION_SIGNAL,Chaîne de valeur minière,YELLOW
EGY,2022,PMON,CRITICAL,DECLINE_SIGNAL,Résilience monétaire et financière,YELLOW
EGY,2022,PNUM,PROGRESSING,PROGRESSION_SIGNAL,Souveraineté numérique,YELLOW
EGY,2022,PRES,CRITICAL,DETERIORATION_ALERT,Certification énergie-eau,YELLOW
EGY,2022,PTRA,CRITICAL,DECLINE_SIGNAL,Transport et logistique,YELLOW
ERI,2022,PECO,CRITICAL,DECLINE_SIGNAL,Diversification économique,YELLOW
ERI,2022,PENV,CRITICAL,DETERIORATION_ALERT,Résilience environnementale,YELLOW
ERI,2022,PGEO,STABLE,STABILITY_SIGNAL,Gouvernance géopolitique et stabilité,YELLOW
ERI,2022,PHUM,CRITICAL,DECLINE_SIGNAL,Capital humain,YELLOW
ERI,2022,PMIL,ACCELERATING,PROGRESSION_SIGNAL,Résilience sécuritaire,YELLOW
ERI,2022,PMIN,ACCELERATING,PROGRESSION_SIGNAL,Chaîne de valeur minière,YELLOW
ERI,2022,PMON,STABLE,STABILITY_SIGNAL,Résilience monétaire et financière,YELLOW
ERI,2022,PNUM,PROGRESSING,PROGRESSION_SIGNAL,Souveraineté numérique,YELLOW
ERI,2022,PRES,PROGRESSING,PROGRESSION_SIGNAL,Certification énergie-eau,YELLOW
ERI,2022,PTRA,STABLE,STABILITY_SIGNAL,Transport et logistique,YELLOW
ETH,2022,PECO,ACCELERATING,PROGRESSION_SIGNAL,Diversification économique,YELLOW
ETH,2022,PENV,CRITICAL,DETERIORATION_ALERT,Résilience environnementale,YELLOW
ETH,2022,PGEO,DECLINING,DECLINE_SIGNAL,Gouvernance géopolitique et stabilité,YELLOW
ETH,2022,PHUM,DECLINING,DECLINE_SIGNAL,Capital humain,YELLOW
ETH,2022,PMIL,ACCELERATING,PROGRESSION_SIGNAL,Résilience sécuritaire,YELLOW
ETH,2022,PMIN,STABLE,STABILITY_SIGNAL,Chaîne de valeur minière,YELLOW
ETH,2022,PMON,DECLINING,DETERIORATION_ALERT,Résilience monétaire et financière,YELLOW
ETH,2022,PNUM,PROGRESSING,PROGRESSION_SIGNAL,Souveraineté numérique,YELLOW
ETH,2022,PRES,DECLINING,DETERIORATION_ALERT,Certification énergie-eau,YELLOW
ETH,2022,PTRA,CRITICAL,DECLINE_SIGNAL,Transport et logistique,YELLOW
GAB,2022,PECO,STABLE,STABILITY_SIGNAL,Diversification économique,YELLOW
GAB,2022,PENV,CRITICAL,DETERIORATION_ALERT,Résilience environnementale,YELLOW
GAB,2022,PGEO,STABLE,STABILITY_SIGNAL,Gouvernance géopolitique et stabilité,YELLOW
GAB,2022,PHUM,STABLE,STABILITY_SIGNAL,Capital humain,YELLOW
GAB,2022,PMIL,STABLE,STABILITY_SIGNAL,Résilience sécuritaire,YELLOW
GAB,2022,PMIN,PROGRESSING,PROGRESSION_SIGNAL,Chaîne de valeur minière,YELLOW
GAB,2022,PMON,CRITICAL,DECLINE_SIGNAL,Résilience monétaire et financière,YELLOW
GAB,2022,PNUM,STABLE,STABILITY_SIGNAL,Souveraineté numérique,YELLOW
GAB,2022,PRES,CRITICAL,DETERIORATION_ALERT,Certification énergie-eau,YELLOW
GAB,2022,PTRA,CRITICAL,DETERIORATION_ALERT,Transport et logistique,YELLOW
GHA,2022,PECO,CRITICAL,DETERIORATION_ALERT,Diversification économique,YELLOW
GHA,2022,PENV,CRITICAL,DETERIORATION_ALERT,Résilience environnementale,YELLOW
GHA,2022,PGEO,DECLINING,DECLINE_SIGNAL,Gouvernance géopolitique et stabilité,YELLOW
GHA,2022,PHUM,STABLE,STABILITY_SIGNAL,Capital humain,YELLOW
GHA,2022,PMIL,DECLINING,DETERIORATION_ALERT,Résilience sécuritaire,YELLOW
GHA,2022,PMIN,STABLE,STABILITY_SIGNAL,Chaîne de valeur minière,YELLOW
GHA,2022,PMON,STABLE,STABILITY_SIGNAL,Résilience monétaire et financière,YELLOW
GHA,2022,PNUM,ACCELERATING,ACCELERATION_SIGNAL,Souveraineté numérique,YELLOW
GHA,2022,PRES,CRITICAL,DETERIORATION_ALERT,Certification énergie-eau,YELLOW
GHA,2022,PTRA,CRITICAL,DETERIORATION_ALERT,Transport et logistique,YELLOW
GIN,2022,PECO,STABLE,STABILITY_SIGNAL,Diversification économique,YELLOW
GIN,2022,PENV,DECLINING,DETERIORATION_ALERT,Résilience environnementale,YELLOW
GIN,2022,PGEO,STABLE,STABILITY_SIGNAL,Gouvernance géopolitique et stabilité,YELLOW
GIN,2022,PHUM,STABLE,STABILITY_SIGNAL,Capital humain,YELLOW
GIN,2022,PMIL,PROGRESSING,PROGRESSION_SIGNAL,Résilience sécuritaire,YELLOW
GIN,2022,PMIN,ACCELERATING,ACCELERATION_SIGNAL,Chaîne de valeur minière,YELLOW
GIN,2022,PMON,PROGRESSING,PROGRESSION_SIGNAL,Résilience monétaire et financière,YELLOW
GIN,2022,PNUM,STABLE,STABILITY_SIGNAL,Souveraineté numérique,YELLOW
GIN,2022,PRES,STABLE,STABILITY_SIGNAL,Certification énergie-eau,YELLOW
GIN,2022,PTRA,CRITICAL,DETERIORATION_ALERT,Transport et logistique,YELLOW
GMB,2022,PECO,STABLE,STABILITY_SIGNAL,Diversification économique,YELLOW
GMB,2022,PENV,CRITICAL,DETERIORATION_ALERT,Résilience environnementale,YELLOW
GMB,2022,PGEO,DECLINING,DECLINE_SIGNAL,Gouvernance géopolitique et stabilité,YELLOW
GMB,2022,PHUM,CRITICAL,DECLINE_SIGNAL,Capital humain,YELLOW
GMB,2022,PMIL,STABLE,STABILITY_SIGNAL,Résilience sécuritaire,YELLOW
GMB,2022,PMIN,STABLE,STABILITY_SIGNAL,Chaîne de valeur minière,YELLOW
GMB,2022,PMON,PROGRESSING,PROGRESSION_SIGNAL,Résilience monétaire et financière,YELLOW
GMB,2022,PNUM,STABLE,STABILITY_SIGNAL,Souveraineté numérique,YELLOW
GMB,2022,PRES,CRITICAL,DETERIORATION_ALERT,Certification énergie-eau,YELLOW
GMB,2022,PTRA,CRITICAL,DETERIORATION_ALERT,Transport et logistique,YELLOW
GNB,2022,PECO,ACCELERATING,PROGRESSION_SIGNAL,Diversification économique,YELLOW
GNB,2022,PENV,CRITICAL,DETERIORATION_ALERT,Résilience environnementale,YELLOW
GNB,2022,PGEO,STABLE,STABILITY_SIGNAL,Gouvernance géopolitique et stabilité,YELLOW
GNB,2022,PHUM,STABLE,STABILITY_SIGNAL,Capital humain,YELLOW
GNB,2022,PMIL,CRITICAL,DETERIORATION_ALERT,Résilience sécuritaire,YELLOW
GNB,2022,PMIN,ACCELERATING,PROGRESSION_SIGNAL,Chaîne de valeur minière,YELLOW
GNB,2022,PMON,CRITICAL,DETERIORATION_ALERT,Résilience monétaire et financière,YELLOW
GNB,2022,PNUM,ACCELERATING,PROGRESSION_SIGNAL,Souveraineté numérique,YELLOW
GNB,2022,PRES,DECLINING,DETERIORATION_ALERT,Certification énergie-eau,YELLOW
GNB,2022,PTRA,CRITICAL,DETERIORATION_ALERT,Transport et logistique,YELLOW
GNQ,2022,PECO,CRITICAL,DECLINE_SIGNAL,Diversification économique,YELLOW
GNQ,2022,PENV,CRITICAL,DETERIORATION_ALERT,Résilience environnementale,YELLOW
GNQ,2022,PGEO,STABLE,STABILITY_SIGNAL,Gouvernance géopolitique et stabilité,YELLOW
GNQ,2022,PHUM,PROGRESSING,PROGRESSION_SIGNAL,Capital humain,YELLOW
GNQ,2022,PMIL,ACCELERATING,ACCELERATION_SIGNAL,Résilience sécuritaire,YELLOW
GNQ,2022,PMIN,STABLE,STABILITY_SIGNAL,Chaîne de valeur minière,YELLOW
GNQ,2022,PMON,CRITICAL,DETERIORATION_ALERT,Résilience monétaire et financière,YELLOW
GNQ,2022,PNUM,DECLINING,DETERIORATION_ALERT,Souveraineté numérique,YELLOW
GNQ,2022,PRES,CRITICAL,DETERIORATION_ALERT,Certification énergie-eau,YELLOW
GNQ,2022,PTRA,CRITICAL,DETERIORATION_ALERT,Transport et logistique,YELLOW
KEN,2022,PECO,PROGRESSING,PROGRESSION_SIGNAL,Diversification économique,YELLOW
KEN,2022,PENV,DECLINING,DETERIORATION_ALERT,Résilience environnementale,YELLOW
KEN,2022,PGEO,STABLE,STABILITY_SIGNAL,Gouvernance géopolitique et stabilité,YELLOW
KEN,2022,PHUM,PROGRESSING,PROGRESSION_SIGNAL,Capital humain,YELLOW
KEN,2022,PMIL,STABLE,STABILITY_SIGNAL,Résilience sécuritaire,YELLOW
KEN,2022,PMIN,ACCELERATING,ACCELERATION_SIGNAL,Chaîne de valeur minière,YELLOW
KEN,2022,PMON,STABLE,STABILITY_SIGNAL,Résilience monétaire et financière,YELLOW
KEN,2022,PNUM,ACCELERATING,ACCELERATION_SIGNAL,Souveraineté numérique,YELLOW
KEN,2022,PRES,STABLE,STABILITY_SIGNAL,Certification énergie-eau,YELLOW
KEN,2022,PTRA,DECLINING,DETERIORATION_ALERT,Transport et logistique,YELLOW
LBR,2022,PECO,DECLINING,DECLINE_SIGNAL,Diversification économique,YELLOW
LBR,2022,PENV,CRITICAL,DETERIORATION_ALERT,Résilience environnementale,YELLOW
LBR,2022,PGEO,STABLE,STABILITY_SIGNAL,Gouvernance géopolitique et stabilité,YELLOW
LBR,2022,PHUM,DECLINING,DECLINE_SIGNAL,Capital humain,YELLOW
LBR,2022,PMIL,CRITICAL,DETERIORATION_ALERT,Résilience sécuritaire,YELLOW
LBR,2022,PMIN,PROGRESSING,PROGRESSION_SIGNAL,Chaîne de valeur minière,YELLOW
LBR,2022,PMON,DECLINING,DETERIORATION_ALERT,Résilience monétaire et financière,YELLOW
LBR,2022,PNUM,DECLINING,DETERIORATION_ALERT,Souveraineté numérique,YELLOW
LBR,2022,PRES,ACCELERATING,ACCELERATION_SIGNAL,Certification énergie-eau,YELLOW
LBR,2022,PTRA,CRITICAL,DETERIORATION_ALERT,Transport et logistique,YELLOW
LBY,2022,PECO,DECLINING,DECLINE_SIGNAL,Diversification économique,YELLOW
LBY,2022,PENV,DECLINING,DETERIORATION_ALERT,Résilience environnementale,YELLOW
LBY,2022,PGEO,STABLE,STABILITY_SIGNAL,Gouvernance géopolitique et stabilité,YELLOW
LBY,2022,PHUM,DECLINING,DECLINE_SIGNAL,Capital humain,YELLOW
LBY,2022,PMIL,CRITICAL,DETERIORATION_ALERT,Résilience sécuritaire,YELLOW
LBY,2022,PMIN,STABLE,STABILITY_SIGNAL,Chaîne de valeur minière,YELLOW
LBY,2022,PMON,CRITICAL,DECLINE_SIGNAL,Résilience monétaire et financière,YELLOW
LBY,2022,PNUM,DECLINING,DECLINE_SIGNAL,Souveraineté numérique,YELLOW
LBY,2022,PRES,CRITICAL,DETERIORATION_ALERT,Certification énergie-eau,YELLOW
LBY,2022,PTRA,CRITICAL,DETERIORATION_ALERT,Transport et logistique,YELLOW
LSO,2022,PECO,PROGRESSING,PROGRESSION_SIGNAL,Diversification économique,YELLOW
LSO,2022,PENV,DECLINING,DETERIORATION_ALERT,Résilience environnementale,YELLOW
LSO,2022,PGEO,STABLE,STABILITY_SIGNAL,Gouvernance géopolitique et stabilité,YELLOW
LSO,2022,PHUM,DECLINING,DECLINE_SIGNAL,Capital humain,YELLOW
LSO,2022,PMIL,CRITICAL,DETERIORATION_ALERT,Résilience sécuritaire,YELLOW
LSO,2022,PMIN,STABLE,STABILITY_SIGNAL,Chaîne de valeur minière,YELLOW
LSO,2022,PMON,DECLINING,DECLINE_SIGNAL,Résilience monétaire et financière,YELLOW
LSO,2022,PNUM,STABLE,STABILITY_SIGNAL,Souveraineté numérique,YELLOW
LSO,2022,PRES,DECLINING,DETERIORATION_ALERT,Certification énergie-eau,YELLOW
LSO,2022,PTRA,DECLINING,DETERIORATION_ALERT,Transport et logistique,YELLOW
MAR,2022,PECO,DECLINING,DECLINE_SIGNAL,Diversification économique,YELLOW
MAR,2022,PENV,CRITICAL,DETERIORATION_ALERT,Résilience environnementale,YELLOW
MAR,2022,PGEO,DECLINING,DECLINE_SIGNAL,Gouvernance géopolitique et stabilité,YELLOW
MAR,2022,PHUM,DECLINING,DECLINE_SIGNAL,Capital humain,YELLOW
MAR,2022,PMIL,PROGRESSING,PROGRESSION_SIGNAL,Résilience sécuritaire,YELLOW
MAR,2022,PMIN,DECLINING,DECLINE_SIGNAL,Chaîne de valeur minière,YELLOW
MAR,2022,PMON,STABLE,STABILITY_SIGNAL,Résilience monétaire et financière,YELLOW
MAR,2022,PNUM,ACCELERATING,ACCELERATION_SIGNAL,Souveraineté numérique,YELLOW
MAR,2022,PRES,CRITICAL,DETERIORATION_ALERT,Certification énergie-eau,YELLOW
MAR,2022,PTRA,STABLE,STABILITY_SIGNAL,Transport et logistique,YELLOW
MDG,2022,PECO,STABLE,STABILITY_SIGNAL,Diversification économique,YELLOW
MDG,2022,PENV,CRITICAL,DETERIORATION_ALERT,Résilience environnementale,YELLOW
MDG,2022,PGEO,STABLE,STABILITY_SIGNAL,Gouvernance géopolitique et stabilité,YELLOW
MDG,2022,PHUM,DECLINING,DETERIORATION_ALERT,Capital humain,YELLOW
MDG,2022,PMIL,ACCELERATING,PROGRESSION_SIGNAL,Résilience sécuritaire,YELLOW
MDG,2022,PMIN,ACCELERATING,ACCELERATION_SIGNAL,Chaîne de valeur minière,YELLOW
MDG,2022,PMON,PROGRESSING,PROGRESSION_SIGNAL,Résilience monétaire et financière,YELLOW
MDG,2022,PNUM,PROGRESSING,PROGRESSION_SIGNAL,Souveraineté numérique,YELLOW
MDG,2022,PRES,CRITICAL,DETERIORATION_ALERT,Certification énergie-eau,YELLOW
MDG,2022,PTRA,CRITICAL,DETERIORATION_ALERT,Transport et logistique,YELLOW
MLI,2022,PECO,CRITICAL,DETERIORATION_ALERT,Diversification économique,YELLOW
MLI,2022,PENV,DECLINING,DETERIORATION_ALERT,Résilience environnementale,YELLOW
MLI,2022,PGEO,DECLINING,DETERIORATION_ALERT,Gouvernance géopolitique et stabilité,YELLOW
MLI,2022,PHUM,PROGRESSING,PROGRESSION_SIGNAL,Capital humain,YELLOW
MLI,2022,PMIL,ACCELERATING,PROGRESSION_SIGNAL,Résilience sécuritaire,YELLOW
MLI,2022,PMIN,STABLE,STABILITY_SIGNAL,Chaîne de valeur minière,YELLOW
MLI,2022,PMON,DECLINING,DETERIORATION_ALERT,Résilience monétaire et financière,YELLOW
MLI,2022,PNUM,STABLE,STABILITY_SIGNAL,Souveraineté numérique,YELLOW
MLI,2022,PRES,PROGRESSING,PROGRESSION_SIGNAL,Certification énergie-eau,YELLOW
MLI,2022,PTRA,CRITICAL,DETERIORATION_ALERT,Transport et logistique,YELLOW
MOZ,2022,PECO,STABLE,STABILITY_SIGNAL,Diversification économique,YELLOW
MOZ,2022,PENV,CRITICAL,DETERIORATION_ALERT,Résilience environnementale,YELLOW
MOZ,2022,PGEO,STABLE,STABILITY_SIGNAL,Gouvernance géopolitique et stabilité,YELLOW
MOZ,2022,PHUM,PROGRESSING,PROGRESSION_SIGNAL,Capital humain,YELLOW
MOZ,2022,PMIL,STABLE,STABILITY_SIGNAL,Résilience sécuritaire,YELLOW
MOZ,2022,PMIN,DECLINING,DECLINE_SIGNAL,Chaîne de valeur minière,YELLOW
MOZ,2022,PMON,PROGRESSING,PROGRESSION_SIGNAL,Résilience monétaire et financière,YELLOW
MOZ,2022,PNUM,STABLE,STABILITY_SIGNAL,Souveraineté numérique,YELLOW
MOZ,2022,PRES,DECLINING,DETERIORATION_ALERT,Certification énergie-eau,YELLOW
MOZ,2022,PTRA,DECLINING,DETERIORATION_ALERT,Transport et logistique,YELLOW
MRT,2022,PECO,DECLINING,DECLINE_SIGNAL,Diversification économique,YELLOW
MRT,2022,PENV,STABLE,STABILITY_SIGNAL,Résilience environnementale,YELLOW
MRT,2022,PGEO,STABLE,STABILITY_SIGNAL,Gouvernance géopolitique et stabilité,YELLOW
MRT,2022,PHUM,DECLINING,DECLINE_SIGNAL,Capital humain,YELLOW
MRT,2022,PMIL,ACCELERATING,ACCELERATION_SIGNAL,Résilience sécuritaire,YELLOW
MRT,2022,PMIN,PROGRESSING,PROGRESSION_SIGNAL,Chaîne de valeur minière,YELLOW
MRT,2022,PMON,DECLINING,DECLINE_SIGNAL,Résilience monétaire et financière,YELLOW
MRT,2022,PNUM,STABLE,STABILITY_SIGNAL,Souveraineté numérique,YELLOW
MRT,2022,PRES,CRITICAL,DETERIORATION_ALERT,Certification énergie-eau,YELLOW
MRT,2022,PTRA,CRITICAL,DETERIORATION_ALERT,Transport et logistique,YELLOW
MUS,2022,PECO,STABLE,STABILITY_SIGNAL,Diversification économique,YELLOW
MUS,2022,PENV,CRITICAL,DETERIORATION_ALERT,Résilience environnementale,YELLOW
MUS,2022,PGEO,STABLE,STABILITY_SIGNAL,Gouvernance géopolitique et stabilité,YELLOW
MUS,2022,PHUM,CRITICAL,DECLINE_SIGNAL,Capital humain,YELLOW
MUS,2022,PMIL,DECLINING,DETERIORATION_ALERT,Résilience sécuritaire,YELLOW
MUS,2022,PMIN,STABLE,STABILITY_SIGNAL,Chaîne de valeur minière,YELLOW
MUS,2022,PMON,PROGRESSING,PROGRESSION_SIGNAL,Résilience monétaire et financière,YELLOW
MUS,2022,PNUM,PROGRESSING,PROGRESSION_SIGNAL,Souveraineté numérique,YELLOW
MUS,2022,PRES,CRITICAL,DETERIORATION_ALERT,Certification énergie-eau,YELLOW
MUS,2022,PTRA,CRITICAL,DETERIORATION_ALERT,Transport et logistique,YELLOW
MWI,2022,PECO,CRITICAL,DECLINE_SIGNAL,Diversification économique,YELLOW
MWI,2022,PENV,CRITICAL,DETERIORATION_ALERT,Résilience environnementale,YELLOW
MWI,2022,PGEO,DECLINING,DECLINE_SIGNAL,Gouvernance géopolitique et stabilité,YELLOW
MWI,2022,PHUM,DECLINING,DECLINE_SIGNAL,Capital humain,YELLOW
MWI,2022,PMIL,STABLE,STABILITY_SIGNAL,Résilience sécuritaire,YELLOW
MWI,2022,PMIN,STABLE,STABILITY_SIGNAL,Chaîne de valeur minière,YELLOW
MWI,2022,PMON,DECLINING,DECLINE_SIGNAL,Résilience monétaire et financière,YELLOW
MWI,2022,PNUM,PROGRESSING,PROGRESSION_SIGNAL,Souveraineté numérique,YELLOW
MWI,2022,PRES,DECLINING,DETERIORATION_ALERT,Certification énergie-eau,YELLOW
MWI,2022,PTRA,CRITICAL,DETERIORATION_ALERT,Transport et logistique,YELLOW
NAM,2022,PECO,STABLE,STABILITY_SIGNAL,Diversification économique,YELLOW
NAM,2022,PENV,CRITICAL,DETERIORATION_ALERT,Résilience environnementale,YELLOW
NAM,2022,PGEO,STABLE,STABILITY_SIGNAL,Gouvernance géopolitique et stabilité,YELLOW
NAM,2022,PHUM,STABLE,STABILITY_SIGNAL,Capital humain,YELLOW
NAM,2022,PMIL,PROGRESSING,PROGRESSION_SIGNAL,Résilience sécuritaire,YELLOW
NAM,2022,PMIN,DECLINING,DECLINE_SIGNAL,Chaîne de valeur minière,YELLOW
NAM,2022,PMON,CRITICAL,DECLINE_SIGNAL,Résilience monétaire et financière,YELLOW
NAM,2022,PNUM,PROGRESSING,PROGRESSION_SIGNAL,Souveraineté numérique,YELLOW
NAM,2022,PRES,CRITICAL,DETERIORATION_ALERT,Certification énergie-eau,YELLOW
NAM,2022,PTRA,CRITICAL,DETERIORATION_ALERT,Transport et logistique,YELLOW
NER,2022,PECO,DECLINING,DECLINE_SIGNAL,Diversification économique,YELLOW
NER,2022,PENV,DECLINING,DETERIORATION_ALERT,Résilience environnementale,YELLOW
NER,2022,PGEO,DECLINING,DECLINE_SIGNAL,Gouvernance géopolitique et stabilité,YELLOW
NER,2022,PHUM,STABLE,STABILITY_SIGNAL,Capital humain,YELLOW
NER,2022,PMIL,DECLINING,DETERIORATION_ALERT,Résilience sécuritaire,YELLOW
NER,2022,PMIN,DECLINING,DECLINE_SIGNAL,Chaîne de valeur minière,YELLOW
NER,2022,PMON,DECLINING,DETERIORATION_ALERT,Résilience monétaire et financière,YELLOW
NER,2022,PNUM,PROGRESSING,PROGRESSION_SIGNAL,Souveraineté numérique,YELLOW
NER,2022,PRES,PROGRESSING,PROGRESSION_SIGNAL,Certification énergie-eau,YELLOW
NER,2022,PTRA,DECLINING,DETERIORATION_ALERT,Transport et logistique,YELLOW
NGA,2022,PECO,CRITICAL,DECLINE_SIGNAL,Diversification économique,YELLOW
NGA,2022,PENV,CRITICAL,DETERIORATION_ALERT,Résilience environnementale,YELLOW
NGA,2022,PGEO,DECLINING,DECLINE_SIGNAL,Gouvernance géopolitique et stabilité,YELLOW
NGA,2022,PHUM,CRITICAL,DECLINE_SIGNAL,Capital humain,YELLOW
NGA,2022,PMIL,ACCELERATING,ACCELERATION_SIGNAL,Résilience sécuritaire,YELLOW
NGA,2022,PMIN,PROGRESSING,PROGRESSION_SIGNAL,Chaîne de valeur minière,YELLOW
NGA,2022,PMON,DECLINING,DETERIORATION_ALERT,Résilience monétaire et financière,YELLOW
NGA,2022,PNUM,STABLE,STABILITY_SIGNAL,Souveraineté numérique,YELLOW
NGA,2022,PRES,DECLINING,DETERIORATION_ALERT,Certification énergie-eau,YELLOW
NGA,2022,PTRA,CRITICAL,DETERIORATION_ALERT,Transport et logistique,YELLOW
RWA,2022,PECO,PROGRESSING,PROGRESSION_SIGNAL,Diversification économique,YELLOW
RWA,2022,PENV,CRITICAL,DETERIORATION_ALERT,Résilience environnementale,YELLOW
RWA,2022,PGEO,STABLE,STABILITY_SIGNAL,Gouvernance géopolitique et stabilité,YELLOW
RWA,2022,PHUM,STABLE,STABILITY_SIGNAL,Capital humain,YELLOW
RWA,2022,PMIL,PROGRESSING,PROGRESSION_SIGNAL,Résilience sécuritaire,YELLOW
RWA,2022,PMIN,PROGRESSING,PROGRESSION_SIGNAL,Chaîne de valeur minière,YELLOW
RWA,2022,PMON,PROGRESSING,PROGRESSION_SIGNAL,Résilience monétaire et financière,YELLOW
RWA,2022,PNUM,PROGRESSING,PROGRESSION_SIGNAL,Souveraineté numérique,YELLOW
RWA,2022,PRES,CRITICAL,DETERIORATION_ALERT,Certification énergie-eau,YELLOW
RWA,2022,PTRA,CRITICAL,DETERIORATION_ALERT,Transport et logistique,YELLOW
SDN,2022,PECO,CRITICAL,DETERIORATION_ALERT,Diversification économique,YELLOW
SDN,2022,PENV,CRITICAL,DETERIORATION_ALERT,Résilience environnementale,YELLOW
SDN,2022,PGEO,STABLE,STABILITY_SIGNAL,Gouvernance géopolitique et stabilité,YELLOW
SDN,2022,PHUM,DECLINING,DECLINE_SIGNAL,Capital humain,YELLOW
SDN,2022,PMIL,STABLE,STABILITY_SIGNAL,Résilience sécuritaire,YELLOW
SDN,2022,PMIN,DECLINING,DECLINE_SIGNAL,Chaîne de valeur minière,YELLOW
SDN,2022,PMON,CRITICAL,DETERIORATION_ALERT,Résilience monétaire et financière,YELLOW
SDN,2022,PNUM,DECLINING,DETERIORATION_ALERT,Souveraineté numérique,YELLOW
SDN,2022,PRES,ACCELERATING,PROGRESSION_SIGNAL,Certification énergie-eau,YELLOW
SDN,2022,PTRA,CRITICAL,DETERIORATION_ALERT,Transport et logistique,YELLOW
SEN,2022,PECO,ACCELERATING,ACCELERATION_SIGNAL,Diversification économique,YELLOW
SEN,2022,PENV,CRITICAL,DETERIORATION_ALERT,Résilience environnementale,YELLOW
SEN,2022,PGEO,STABLE,STABILITY_SIGNAL,Gouvernance géopolitique et stabilité,YELLOW
SEN,2022,PHUM,STABLE,STABILITY_SIGNAL,Capital humain,YELLOW
SEN,2022,PMIL,PROGRESSING,PROGRESSION_SIGNAL,Résilience sécuritaire,YELLOW
SEN,2022,PMIN,ACCELERATING,PROGRESSION_SIGNAL,Chaîne de valeur minière,YELLOW
SEN,2022,PMON,DECLINING,DETERIORATION_ALERT,Résilience monétaire et financière,YELLOW
SEN,2022,PNUM,PROGRESSING,PROGRESSION_SIGNAL,Souveraineté numérique,YELLOW
SEN,2022,PRES,CRITICAL,DETERIORATION_ALERT,Certification énergie-eau,YELLOW
SEN,2022,PTRA,DECLINING,DETERIORATION_ALERT,Transport et logistique,YELLOW
SLE,2022,PECO,STABLE,STABILITY_SIGNAL,Diversification économique,YELLOW
SLE,2022,PENV,CRITICAL,DETERIORATION_ALERT,Résilience environnementale,YELLOW
SLE,2022,PGEO,STABLE,STABILITY_SIGNAL,Gouvernance géopolitique et stabilité,YELLOW
SLE,2022,PHUM,STABLE,STABILITY_SIGNAL,Capital humain,YELLOW
SLE,2022,PMIL,DECLINING,DETERIORATION_ALERT,Résilience sécuritaire,YELLOW
SLE,2022,PMIN,STABLE,STABILITY_SIGNAL,Chaîne de valeur minière,YELLOW
SLE,2022,PMON,ACCELERATING,ACCELERATION_SIGNAL,Résilience monétaire et financière,YELLOW
SLE,2022,PNUM,PROGRESSING,PROGRESSION_SIGNAL,Souveraineté numérique,YELLOW
SLE,2022,PRES,STABLE,STABILITY_SIGNAL,Certification énergie-eau,YELLOW
SLE,2022,PTRA,CRITICAL,DETERIORATION_ALERT,Transport et logistique,YELLOW
SOM,2022,PECO,PROGRESSING,PROGRESSION_SIGNAL,Diversification économique,YELLOW
SOM,2022,PENV,CRITICAL,DETERIORATION_ALERT,Résilience environnementale,YELLOW
SOM,2022,PGEO,STABLE,STABILITY_SIGNAL,Gouvernance géopolitique et stabilité,YELLOW
SOM,2022,PHUM,PROGRESSING,PROGRESSION_SIGNAL,Capital humain,YELLOW
SOM,2022,PMIL,ACCELERATING,ACCELERATION_SIGNAL,Résilience sécuritaire,YELLOW
SOM,2022,PMIN,PROGRESSING,PROGRESSION_SIGNAL,Chaîne de valeur minière,YELLOW
SOM,2022,PMON,PROGRESSING,PROGRESSION_SIGNAL,Résilience monétaire et financière,YELLOW
SOM,2022,PNUM,ACCELERATING,PROGRESSION_SIGNAL,Souveraineté numérique,YELLOW
SOM,2022,PRES,DECLINING,DETERIORATION_ALERT,Certification énergie-eau,YELLOW
SOM,2022,PTRA,DECLINING,DETERIORATION_ALERT,Transport et logistique,YELLOW
SSD,2022,PECO,ACCELERATING,ACCELERATION_SIGNAL,Diversification économique,YELLOW
SSD,2022,PENV,DECLINING,DETERIORATION_ALERT,Résilience environnementale,YELLOW
SSD,2022,PGEO,STABLE,STABILITY_SIGNAL,Gouvernance géopolitique et stabilité,YELLOW
SSD,2022,PHUM,PROGRESSING,PROGRESSION_SIGNAL,Capital humain,YELLOW
SSD,2022,PMIL,STABLE,STABILITY_SIGNAL,Résilience sécuritaire,YELLOW
SSD,2022,PMIN,STABLE,STABILITY_SIGNAL,Chaîne de valeur minière,YELLOW
SSD,2022,PMON,PROGRESSING,PROGRESSION_SIGNAL,Résilience monétaire et financière,YELLOW
SSD,2022,PNUM,PROGRESSING,PROGRESSION_SIGNAL,Souveraineté numérique,YELLOW
SSD,2022,PRES,DECLINING,DETERIORATION_ALERT,Certification énergie-eau,YELLOW
SSD,2022,PTRA,PROGRESSING,PROGRESSION_SIGNAL,Transport et logistique,YELLOW
STP,2022,PECO,CRITICAL,DETERIORATION_ALERT,Diversification économique,YELLOW
STP,2022,PENV,CRITICAL,DETERIORATION_ALERT,Résilience environnementale,YELLOW
STP,2022,PGEO,STABLE,STABILITY_SIGNAL,Gouvernance géopolitique et stabilité,YELLOW
STP,2022,PHUM,CRITICAL,DECLINE_SIGNAL,Capital humain,YELLOW
STP,2022,PMIL,DECLINING,DETERIORATION_ALERT,Résilience sécuritaire,YELLOW
STP,2022,PMIN,STABLE,STABILITY_SIGNAL,Chaîne de valeur minière,YELLOW
STP,2022,PMON,DECLINING,DETERIORATION_ALERT,Résilience monétaire et financière,YELLOW
STP,2022,PNUM,DECLINING,DETERIORATION_ALERT,Souveraineté numérique,YELLOW
STP,2022,PRES,CRITICAL,DETERIORATION_ALERT,Certification énergie-eau,YELLOW
STP,2022,PTRA,PROGRESSING,PROGRESSION_SIGNAL,Transport et logistique,YELLOW
SWZ,2022,PECO,DECLINING,DETERIORATION_ALERT,Diversification économique,YELLOW
SWZ,2022,PENV,CRITICAL,DETERIORATION_ALERT,Résilience environnementale,YELLOW
SWZ,2022,PGEO,STABLE,STABILITY_SIGNAL,Gouvernance géopolitique et stabilité,YELLOW
SWZ,2022,PHUM,DECLINING,DECLINE_SIGNAL,Capital humain,YELLOW
SWZ,2022,PMIL,CRITICAL,DETERIORATION_ALERT,Résilience sécuritaire,YELLOW
SWZ,2022,PMIN,DECLINING,DETERIORATION_ALERT,Chaîne de valeur minière,YELLOW
SWZ,2022,PMON,DECLINING,DETERIORATION_ALERT,Résilience monétaire et financière,YELLOW
SWZ,2022,PNUM,STABLE,STABILITY_SIGNAL,Souveraineté numérique,YELLOW
SWZ,2022,PRES,DECLINING,DETERIORATION_ALERT,Certification énergie-eau,YELLOW
SWZ,2022,PTRA,PROGRESSING,PROGRESSION_SIGNAL,Transport et logistique,YELLOW
SYC,2022,PECO,CRITICAL,DECLINE_SIGNAL,Diversification économique,YELLOW
SYC,2022,PENV,DECLINING,DETERIORATION_ALERT,Résilience environnementale,YELLOW
SYC,2022,PGEO,STABLE,STABILITY_SIGNAL,Gouvernance géopolitique et stabilité,YELLOW
SYC,2022,PHUM,DECLINING,DECLINE_SIGNAL,Capital humain,YELLOW
SYC,2022,PMIL,CRITICAL,DETERIORATION_ALERT,Résilience sécuritaire,YELLOW
SYC,2022,PMIN,STABLE,STABILITY_SIGNAL,Chaîne de valeur minière,YELLOW
SYC,2022,PMON,STABLE,STABILITY_SIGNAL,Résilience monétaire et financière,YELLOW
SYC,2022,PNUM,PROGRESSING,PROGRESSION_SIGNAL,Souveraineté numérique,YELLOW
SYC,2022,PRES,CRITICAL,DETERIORATION_ALERT,Certification énergie-eau,YELLOW
SYC,2022,PTRA,CRITICAL,DETERIORATION_ALERT,Transport et logistique,YELLOW
TCD,2022,PECO,DECLINING,DECLINE_SIGNAL,Diversification économique,YELLOW
TCD,2022,PENV,DECLINING,DETERIORATION_ALERT,Résilience environnementale,YELLOW
TCD,2022,PGEO,DECLINING,DETERIORATION_ALERT,Gouvernance géopolitique et stabilité,YELLOW
TCD,2022,PHUM,STABLE,STABILITY_SIGNAL,Capital humain,YELLOW
TCD,2022,PMIL,ACCELERATING,ACCELERATION_SIGNAL,Résilience sécuritaire,YELLOW
TCD,2022,PMIN,STABLE,STABILITY_SIGNAL,Chaîne de valeur minière,YELLOW
TCD,2022,PMON,CRITICAL,DETERIORATION_ALERT,Résilience monétaire et financière,YELLOW
TCD,2022,PNUM,PROGRESSING,PROGRESSION_SIGNAL,Souveraineté numérique,YELLOW
TCD,2022,PRES,DECLINING,DETERIORATION_ALERT,Certification énergie-eau,YELLOW
TCD,2022,PTRA,CRITICAL,DETERIORATION_ALERT,Transport et logistique,YELLOW
TGO,2022,PECO,DECLINING,DETERIORATION_ALERT,Diversification économique,YELLOW
TGO,2022,PENV,CRITICAL,DETERIORATION_ALERT,Résilience environnementale,YELLOW
TGO,2022,PGEO,DECLINING,DECLINE_SIGNAL,Gouvernance géopolitique et stabilité,YELLOW
TGO,2022,PHUM,STABLE,STABILITY_SIGNAL,Capital humain,YELLOW
TGO,2022,PMIL,STABLE,STABILITY_SIGNAL,Résilience sécuritaire,YELLOW
TGO,2022,PMIN,PROGRESSING,PROGRESSION_SIGNAL,Chaîne de valeur minière,YELLOW
TGO,2022,PMON,DECLINING,DECLINE_SIGNAL,Résilience monétaire et financière,YELLOW
TGO,2022,PNUM,PROGRESSING,PROGRESSION_SIGNAL,Souveraineté numérique,YELLOW
TGO,2022,PRES,CRITICAL,DETERIORATION_ALERT,Certification énergie-eau,YELLOW
TGO,2022,PTRA,DECLINING,DETERIORATION_ALERT,Transport et logistique,YELLOW
TUN,2022,PECO,CRITICAL,DETERIORATION_ALERT,Diversification économique,YELLOW
TUN,2022,PENV,CRITICAL,DETERIORATION_ALERT,Résilience environnementale,YELLOW
TUN,2022,PGEO,STABLE,STABILITY_SIGNAL,Gouvernance géopolitique et stabilité,YELLOW
TUN,2022,PHUM,CRITICAL,DECLINE_SIGNAL,Capital humain,YELLOW
TUN,2022,PMIL,ACCELERATING,ACCELERATION_SIGNAL,Résilience sécuritaire,YELLOW
TUN,2022,PMIN,DECLINING,DECLINE_SIGNAL,Chaîne de valeur minière,YELLOW
TUN,2022,PMON,STABLE,STABILITY_SIGNAL,Résilience monétaire et financière,YELLOW
TUN,2022,PNUM,PROGRESSING,PROGRESSION_SIGNAL,Souveraineté numérique,YELLOW
TUN,2022,PRES,CRITICAL,DETERIORATION_ALERT,Certification énergie-eau,YELLOW
TUN,2022,PTRA,CRITICAL,DETERIORATION_ALERT,Transport et logistique,YELLOW
TZA,2022,PECO,PROGRESSING,PROGRESSION_SIGNAL,Diversification économique,YELLOW
TZA,2022,PENV,CRITICAL,DETERIORATION_ALERT,Résilience environnementale,YELLOW
TZA,2022,PGEO,DECLINING,DECLINE_SIGNAL,Gouvernance géopolitique et stabilité,YELLOW
TZA,2022,PHUM,STABLE,STABILITY_SIGNAL,Capital humain,YELLOW
TZA,2022,PMIL,STABLE,STABILITY_SIGNAL,Résilience sécuritaire,YELLOW
TZA,2022,PMIN,PROGRESSING,PROGRESSION_SIGNAL,Chaîne de valeur minière,YELLOW
TZA,2022,PMON,ACCELERATING,PROGRESSION_SIGNAL,Résilience monétaire et financière,YELLOW
TZA,2022,PNUM,ACCELERATING,PROGRESSION_SIGNAL,Souveraineté numérique,YELLOW
TZA,2022,PRES,STABLE,STABILITY_SIGNAL,Certification énergie-eau,YELLOW
TZA,2022,PTRA,CRITICAL,DETERIORATION_ALERT,Transport et logistique,YELLOW
UGA,2022,PECO,ACCELERATING,ACCELERATION_SIGNAL,Diversification économique,YELLOW
UGA,2022,PENV,DECLINING,DETERIORATION_ALERT,Résilience environnementale,YELLOW
UGA,2022,PGEO,STABLE,STABILITY_SIGNAL,Gouvernance géopolitique et stabilité,YELLOW
UGA,2022,PHUM,STABLE,STABILITY_SIGNAL,Capital humain,YELLOW
UGA,2022,PMIL,ACCELERATING,PROGRESSION_SIGNAL,Résilience sécuritaire,YELLOW
UGA,2022,PMIN,PROGRESSING,PROGRESSION_SIGNAL,Chaîne de valeur minière,YELLOW
UGA,2022,PMON,STABLE,STABILITY_SIGNAL,Résilience monétaire et financière,YELLOW
UGA,2022,PNUM,STABLE,STABILITY_SIGNAL,Souveraineté numérique,YELLOW
UGA,2022,PRES,DECLINING,DETERIORATION_ALERT,Certification énergie-eau,YELLOW
UGA,2022,PTRA,CRITICAL,DETERIORATION_ALERT,Transport et logistique,YELLOW
ZAF,2022,PECO,DECLINING,DETERIORATION_ALERT,Diversification économique,YELLOW
ZAF,2022,PENV,CRITICAL,DETERIORATION_ALERT,Résilience environnementale,YELLOW
ZAF,2022,PGEO,DECLINING,DECLINE_SIGNAL,Gouvernance géopolitique et stabilité,YELLOW
ZAF,2022,PHUM,CRITICAL,DECLINE_SIGNAL,Capital humain,YELLOW
ZAF,2022,PMIL,PROGRESSING,PROGRESSION_SIGNAL,Résilience sécuritaire,YELLOW
ZAF,2022,PMIN,PROGRESSING,PROGRESSION_SIGNAL,Chaîne de valeur minière,YELLOW
ZAF,2022,PMON,STABLE,STABILITY_SIGNAL,Résilience monétaire et financière,YELLOW
ZAF,2022,PNUM,PROGRESSING,PROGRESSION_SIGNAL,Souveraineté numérique,YELLOW
ZAF,2022,PRES,CRITICAL,DETERIORATION_ALERT,Certification énergie-eau,YELLOW
ZAF,2022,PTRA,DECLINING,DETERIORATION_ALERT,Transport et logistique,YELLOW
ZMB,2022,PECO,STABLE,STABILITY_SIGNAL,Diversification économique,YELLOW
ZMB,2022,PENV,DECLINING,DETERIORATION_ALERT,Résilience environnementale,YELLOW
ZMB,2022,PGEO,DECLINING,DECLINE_SIGNAL,Gouvernance géopolitique et stabilité,YELLOW
ZMB,2022,PHUM,STABLE,STABILITY_SIGNAL,Capital humain,YELLOW
ZMB,2022,PMIL,CRITICAL,DETERIORATION_ALERT,Résilience sécuritaire,YELLOW
ZMB,2022,PMIN,STABLE,STABILITY_SIGNAL,Chaîne de valeur minière,YELLOW
ZMB,2022,PMON,STABLE,STABILITY_SIGNAL,Résilience monétaire et financière,YELLOW
ZMB,2022,PNUM,PROGRESSING,PROGRESSION_SIGNAL,Souveraineté numérique,YELLOW
ZMB,2022,PRES,PROGRESSING,PROGRESSION_SIGNAL,Certification énergie-eau,YELLOW
ZMB,2022,PTRA,DECLINING,DETERIORATION_ALERT,Transport et logistique,YELLOW
ZWE,2022,PECO,CRITICAL,DECLINE_SIGNAL,Diversification économique,YELLOW
ZWE,2022,PENV,CRITICAL,DETERIORATION_ALERT,Résilience environnementale,YELLOW
ZWE,2022,PGEO,STABLE,STABILITY_SIGNAL,Gouvernance géopolitique et stabilité,YELLOW
ZWE,2022,PHUM,DECLINING,DECLINE_SIGNAL,Capital humain,YELLOW
ZWE,2022,PMIL,ACCELERATING,PROGRESSION_SIGNAL,Résilience sécuritaire,YELLOW
ZWE,2022,PMIN,ACCELERATING,ACCELERATION_SIGNAL,Chaîne de valeur minière,YELLOW
ZWE,2022,PMON,DECLINING,DETERIORATION_ALERT,Résilience monétaire et financière,YELLOW
ZWE,2022,PNUM,STABLE,STABILITY_SIGNAL,Souveraineté numérique,YELLOW
ZWE,2022,PRES,PROGRESSING,PROGRESSION_SIGNAL,Certification énergie-eau,YELLOW
ZWE,2022,PTRA,CRITICAL,DETERIORATION_ALERT,Transport et logistique,YELLOW
AGO,2021,PECO,PROGRESSING,PROGRESSION_SIGNAL,Diversification économique,YELLOW
AGO,2021,PENV,CRITICAL,DECLINE_SIGNAL,Résilience environnementale,YELLOW
AGO,2021,PGEO,STABLE,STABILITY_SIGNAL,Gouvernance géopolitique et stabilité,YELLOW
AGO,2021,PHUM,STABLE,STABILITY_SIGNAL,Capital humain,YELLOW
AGO,2021,PMIL,PROGRESSING,PROGRESSION_SIGNAL,Résilience sécuritaire,YELLOW
AGO,2021,PMIN,PROGRESSING,PROGRESSION_SIGNAL,Chaîne de valeur minière,YELLOW
AGO,2021,PMON,ACCELERATING,ACCELERATION_SIGNAL,Résilience monétaire et financière,YELLOW
AGO,2021,PNUM,PROGRESSING,PROGRESSION_SIGNAL,Souveraineté numérique,YELLOW
AGO,2021,PRES,PROGRESSING,PROGRESSION_SIGNAL,Certification énergie-eau,YELLOW
AGO,2021,PTRA,CRITICAL,DETERIORATION_ALERT,Transport et logistique,YELLOW
BDI,2021,PECO,CRITICAL,DECLINE_SIGNAL,Diversification économique,YELLOW
BDI,2021,PENV,DECLINING,DETERIORATION_ALERT,Résilience environnementale,YELLOW
BDI,2021,PGEO,STABLE,STABILITY_SIGNAL,Gouvernance géopolitique et stabilité,YELLOW
BDI,2021,PHUM,STABLE,STABILITY_SIGNAL,Capital humain,YELLOW
BDI,2021,PMIL,ACCELERATING,PROGRESSION_SIGNAL,Résilience sécuritaire,YELLOW
BDI,2021,PMIN,STABLE,STABILITY_SIGNAL,Chaîne de valeur minière,YELLOW
BDI,2021,PMON,PROGRESSING,PROGRESSION_SIGNAL,Résilience monétaire et financière,YELLOW
BDI,2021,PNUM,STABLE,STABILITY_SIGNAL,Souveraineté numérique,YELLOW
BDI,2021,PRES,CRITICAL,DETERIORATION_ALERT,Certification énergie-eau,YELLOW
BDI,2021,PTRA,PROGRESSING,PROGRESSION_SIGNAL,Transport et logistique,YELLOW
BEN,2021,PECO,STABLE,STABILITY_SIGNAL,Diversification économique,YELLOW
BEN,2021,PENV,CRITICAL,DETERIORATION_ALERT,Résilience environnementale,YELLOW
BEN,2021,PGEO,DECLINING,DECLINE_SIGNAL,Gouvernance géopolitique et stabilité,YELLOW
BEN,2021,PHUM,DECLINING,DECLINE_SIGNAL,Capital humain,YELLOW
BEN,2021,PMIL,PROGRESSING,PROGRESSION_SIGNAL,Résilience sécuritaire,YELLOW
BEN,2021,PMIN,PROGRESSING,PROGRESSION_SIGNAL,Chaîne de valeur minière,YELLOW
BEN,2021,PMON,DECLINING,DETERIORATION_ALERT,Résilience monétaire et financière,YELLOW
BEN,2021,PNUM,PROGRESSING,PROGRESSION_SIGNAL,Souveraineté numérique,YELLOW
BEN,2021,PRES,STABLE,STABILITY_SIGNAL,Certification énergie-eau,YELLOW
BEN,2021,PTRA,CRITICAL,DETERIORATION_ALERT,Transport et logistique,YELLOW
BFA,2021,PECO,DECLINING,DECLINE_SIGNAL,Diversification économique,YELLOW
BFA,2021,PENV,CRITICAL,DETERIORATION_ALERT,Résilience environnementale,YELLOW
BFA,2021,PGEO,DECLINING,DECLINE_SIGNAL,Gouvernance géopolitique et stabilité,YELLOW
BFA,2021,PHUM,STABLE,STABILITY_SIGNAL,Capital humain,YELLOW
BFA,2021,PMIL,CRITICAL,DETERIORATION_ALERT,Résilience sécuritaire,YELLOW
BFA,2021,PMIN,ACCELERATING,PROGRESSION_SIGNAL,Chaîne de valeur minière,YELLOW
BFA,2021,PMON,STABLE,STABILITY_SIGNAL,Résilience monétaire et financière,YELLOW
BFA,2021,PNUM,ACCELERATING,PROGRESSION_SIGNAL,Souveraineté numérique,YELLOW
BFA,2021,PRES,STABLE,STABILITY_SIGNAL,Certification énergie-eau,YELLOW
BFA,2021,PTRA,CRITICAL,DETERIORATION_ALERT,Transport et logistique,YELLOW
BWA,2021,PECO,ACCELERATING,PROGRESSION_SIGNAL,Diversification économique,YELLOW
BWA,2021,PENV,CRITICAL,DETERIORATION_ALERT,Résilience environnementale,YELLOW
BWA,2021,PGEO,STABLE,STABILITY_SIGNAL,Gouvernance géopolitique et stabilité,YELLOW
BWA,2021,PHUM,DECLINING,DECLINE_SIGNAL,Capital humain,YELLOW
BWA,2021,PMIL,STABLE,STABILITY_SIGNAL,Résilience sécuritaire,YELLOW
BWA,2021,PMIN,STABLE,STABILITY_SIGNAL,Chaîne de valeur minière,YELLOW
BWA,2021,PMON,STABLE,STABILITY_SIGNAL,Résilience monétaire et financière,YELLOW
BWA,2021,PNUM,PROGRESSING,PROGRESSION_SIGNAL,Souveraineté numérique,YELLOW
BWA,2021,PRES,CRITICAL,DETERIORATION_ALERT,Certification énergie-eau,YELLOW
BWA,2021,PTRA,CRITICAL,DETERIORATION_ALERT,Transport et logistique,YELLOW
CAF,2021,PECO,DECLINING,DECLINE_SIGNAL,Diversification économique,YELLOW
CAF,2021,PENV,CRITICAL,DECLINE_SIGNAL,Résilience environnementale,YELLOW
CAF,2021,PGEO,STABLE,STABILITY_SIGNAL,Gouvernance géopolitique et stabilité,YELLOW
CAF,2021,PHUM,STABLE,STABILITY_SIGNAL,Capital humain,YELLOW
CAF,2021,PMIL,STABLE,STABILITY_SIGNAL,Résilience sécuritaire,YELLOW
CAF,2021,PMIN,STABLE,STABILITY_SIGNAL,Chaîne de valeur minière,YELLOW
CAF,2021,PMON,DECLINING,DECLINE_SIGNAL,Résilience monétaire et financière,YELLOW
CAF,2021,PNUM,STABLE,STABILITY_SIGNAL,Souveraineté numérique,YELLOW
CAF,2021,PRES,DECLINING,DETERIORATION_ALERT,Certification énergie-eau,YELLOW
CAF,2021,PTRA,DECLINING,DETERIORATION_ALERT,Transport et logistique,YELLOW
CIV,2021,PECO,DECLINING,DECLINE_SIGNAL,Diversification économique,YELLOW
CIV,2021,PENV,CRITICAL,DETERIORATION_ALERT,Résilience environnementale,YELLOW
CIV,2021,PGEO,STABLE,STABILITY_SIGNAL,Gouvernance géopolitique et stabilité,YELLOW
CIV,2021,PHUM,PROGRESSING,PROGRESSION_SIGNAL,Capital humain,YELLOW
CIV,2021,PMIL,DECLINING,DETERIORATION_ALERT,Résilience sécuritaire,YELLOW
CIV,2021,PMIN,PROGRESSING,PROGRESSION_SIGNAL,Chaîne de valeur minière,YELLOW
CIV,2021,PMON,DECLINING,DETERIORATION_ALERT,Résilience monétaire et financière,YELLOW
CIV,2021,PNUM,ACCELERATING,ACCELERATION_SIGNAL,Souveraineté numérique,YELLOW
CIV,2021,PRES,CRITICAL,DETERIORATION_ALERT,Certification énergie-eau,YELLOW
CIV,2021,PTRA,DECLINING,DETERIORATION_ALERT,Transport et logistique,YELLOW
CMR,2021,PECO,DECLINING,DECLINE_SIGNAL,Diversification économique,YELLOW
CMR,2021,PENV,CRITICAL,DETERIORATION_ALERT,Résilience environnementale,YELLOW
CMR,2021,PGEO,DECLINING,DECLINE_SIGNAL,Gouvernance géopolitique et stabilité,YELLOW
CMR,2021,PHUM,DECLINING,DECLINE_SIGNAL,Capital humain,YELLOW
CMR,2021,PMIL,PROGRESSING,PROGRESSION_SIGNAL,Résilience sécuritaire,YELLOW
CMR,2021,PMIN,PROGRESSING,PROGRESSION_SIGNAL,Chaîne de valeur minière,YELLOW
CMR,2021,PMON,CRITICAL,DECLINE_SIGNAL,Résilience monétaire et financière,YELLOW
CMR,2021,PNUM,STABLE,STABILITY_SIGNAL,Souveraineté numérique,YELLOW
CMR,2021,PRES,DECLINING,DETERIORATION_ALERT,Certification énergie-eau,YELLOW
CMR,2021,PTRA,DECLINING,DETERIORATION_ALERT,Transport et logistique,YELLOW
COD,2021,PECO,CRITICAL,DECLINE_SIGNAL,Diversification économique,YELLOW
COD,2021,PENV,CRITICAL,DECLINE_SIGNAL,Résilience environnementale,YELLOW
COD,2021,PGEO,STABLE,STABILITY_SIGNAL,Gouvernance géopolitique et stabilité,YELLOW
COD,2021,PHUM,DECLINING,DECLINE_SIGNAL,Capital humain,YELLOW
COD,2021,PMIL,ACCELERATING,ACCELERATION_SIGNAL,Résilience sécuritaire,YELLOW
COD,2021,PMIN,STABLE,STABILITY_SIGNAL,Chaîne de valeur minière,YELLOW
COD,2021,PMON,DECLINING,DETERIORATION_ALERT,Résilience monétaire et financière,YELLOW
COD,2021,PNUM,PROGRESSING,PROGRESSION_SIGNAL,Souveraineté numérique,YELLOW
COD,2021,PRES,STABLE,STABILITY_SIGNAL,Certification énergie-eau,YELLOW
COD,2021,PTRA,CRITICAL,DETERIORATION_ALERT,Transport et logistique,YELLOW
COG,2021,PECO,CRITICAL,DECLINE_SIGNAL,Diversification économique,YELLOW
COG,2021,PENV,CRITICAL,DETERIORATION_ALERT,Résilience environnementale,YELLOW
COG,2021,PGEO,STABLE,STABILITY_SIGNAL,Gouvernance géopolitique et stabilité,YELLOW
COG,2021,PHUM,CRITICAL,DECLINE_SIGNAL,Capital humain,YELLOW
COG,2021,PMIL,ACCELERATING,PROGRESSION_SIGNAL,Résilience sécuritaire,YELLOW
COG,2021,PMIN,PROGRESSING,PROGRESSION_SIGNAL,Chaîne de valeur minière,YELLOW
COG,2021,PMON,CRITICAL,DETERIORATION_ALERT,Résilience monétaire et financière,YELLOW
COG,2021,PNUM,STABLE,STABILITY_SIGNAL,Souveraineté numérique,YELLOW
COG,2021,PRES,STABLE,STABILITY_SIGNAL,Certification énergie-eau,YELLOW
COG,2021,PTRA,CRITICAL,DETERIORATION_ALERT,Transport et logistique,YELLOW
COM,2021,PECO,PROGRESSING,PROGRESSION_SIGNAL,Diversification économique,YELLOW
COM,2021,PENV,CRITICAL,DETERIORATION_ALERT,Résilience environnementale,YELLOW
COM,2021,PGEO,STABLE,STABILITY_SIGNAL,Gouvernance géopolitique et stabilité,YELLOW
COM,2021,PHUM,STABLE,STABILITY_SIGNAL,Capital humain,YELLOW
COM,2021,PMIL,STABLE,STABILITY_SIGNAL,Résilience sécuritaire,YELLOW
COM,2021,PMIN,STABLE,STABILITY_SIGNAL,Chaîne de valeur minière,YELLOW
COM,2021,PMON,STABLE,STABILITY_SIGNAL,Résilience monétaire et financière,YELLOW
COM,2021,PNUM,STABLE,STABILITY_SIGNAL,Souveraineté numérique,YELLOW
COM,2021,PRES,CRITICAL,DETERIORATION_ALERT,Certification énergie-eau,YELLOW
COM,2021,PTRA,CRITICAL,DETERIORATION_ALERT,Transport et logistique,YELLOW
CPV,2021,PECO,CRITICAL,DETERIORATION_ALERT,Diversification économique,YELLOW
CPV,2021,PENV,CRITICAL,DETERIORATION_ALERT,Résilience environnementale,YELLOW
CPV,2021,PGEO,STABLE,STABILITY_SIGNAL,Gouvernance géopolitique et stabilité,YELLOW
CPV,2021,PHUM,DECLINING,DECLINE_SIGNAL,Capital humain,YELLOW
CPV,2021,PMIL,DECLINING,DETERIORATION_ALERT,Résilience sécuritaire,YELLOW
CPV,2021,PMIN,STABLE,STABILITY_SIGNAL,Chaîne de valeur minière,YELLOW
CPV,2021,PMON,STABLE,STABILITY_SIGNAL,Résilience monétaire et financière,YELLOW
CPV,2021,PNUM,DECLINING,DECLINE_SIGNAL,Souveraineté numérique,YELLOW
CPV,2021,PRES,DECLINING,DETERIORATION_ALERT,Certification énergie-eau,YELLOW
CPV,2021,PTRA,CRITICAL,DETERIORATION_ALERT,Transport et logistique,YELLOW
DJI,2021,PECO,STABLE,STABILITY_SIGNAL,Diversification économique,YELLOW
DJI,2021,PENV,DECLINING,DETERIORATION_ALERT,Résilience environnementale,YELLOW
DJI,2021,PGEO,STABLE,STABILITY_SIGNAL,Gouvernance géopolitique et stabilité,YELLOW
DJI,2021,PHUM,DECLINING,DECLINE_SIGNAL,Capital humain,YELLOW
DJI,2021,PMIL,PROGRESSING,PROGRESSION_SIGNAL,Résilience sécuritaire,YELLOW
DJI,2021,PMIN,PROGRESSING,PROGRESSION_SIGNAL,Chaîne de valeur minière,YELLOW
DJI,2021,PMON,PROGRESSING,PROGRESSION_SIGNAL,Résilience monétaire et financière,YELLOW
DJI,2021,PNUM,STABLE,STABILITY_SIGNAL,Souveraineté numérique,YELLOW
DJI,2021,PRES,STABLE,STABILITY_SIGNAL,Certification énergie-eau,YELLOW
DJI,2021,PTRA,CRITICAL,DETERIORATION_ALERT,Transport et logistique,YELLOW
DZA,2021,PECO,CRITICAL,DECLINE_SIGNAL,Diversification économique,YELLOW
DZA,2021,PENV,DECLINING,DETERIORATION_ALERT,Résilience environnementale,YELLOW
DZA,2021,PGEO,STABLE,STABILITY_SIGNAL,Gouvernance géopolitique et stabilité,YELLOW
DZA,2021,PHUM,DECLINING,DECLINE_SIGNAL,Capital humain,YELLOW
DZA,2021,PMIL,ACCELERATING,ACCELERATION_SIGNAL,Résilience sécuritaire,YELLOW
DZA,2021,PMIN,PROGRESSING,PROGRESSION_SIGNAL,Chaîne de valeur minière,YELLOW
DZA,2021,PMON,PROGRESSING,PROGRESSION_SIGNAL,Résilience monétaire et financière,YELLOW
DZA,2021,PNUM,PROGRESSING,PROGRESSION_SIGNAL,Souveraineté numérique,YELLOW
DZA,2021,PRES,CRITICAL,DECLINE_SIGNAL,Certification énergie-eau,YELLOW
DZA,2021,PTRA,CRITICAL,DETERIORATION_ALERT,Transport et logistique,YELLOW
EGY,2021,PECO,CRITICAL,DETERIORATION_ALERT,Diversification économique,YELLOW
EGY,2021,PENV,CRITICAL,DETERIORATION_ALERT,Résilience environnementale,YELLOW
EGY,2021,PGEO,DECLINING,DECLINE_SIGNAL,Gouvernance géopolitique et stabilité,YELLOW
EGY,2021,PHUM,STABLE,STABILITY_SIGNAL,Capital humain,YELLOW
EGY,2021,PMIL,DECLINING,DETERIORATION_ALERT,Résilience sécuritaire,YELLOW
EGY,2021,PMIN,ACCELERATING,PROGRESSION_SIGNAL,Chaîne de valeur minière,YELLOW
EGY,2021,PMON,CRITICAL,DECLINE_SIGNAL,Résilience monétaire et financière,YELLOW
EGY,2021,PNUM,PROGRESSING,PROGRESSION_SIGNAL,Souveraineté numérique,YELLOW
EGY,2021,PRES,CRITICAL,DETERIORATION_ALERT,Certification énergie-eau,YELLOW
EGY,2021,PTRA,CRITICAL,DECLINE_SIGNAL,Transport et logistique,YELLOW
ERI,2021,PECO,CRITICAL,DECLINE_SIGNAL,Diversification économique,YELLOW
ERI,2021,PENV,CRITICAL,DETERIORATION_ALERT,Résilience environnementale,YELLOW
ERI,2021,PGEO,STABLE,STABILITY_SIGNAL,Gouvernance géopolitique et stabilité,YELLOW
ERI,2021,PHUM,CRITICAL,DETERIORATION_ALERT,Capital humain,YELLOW
ERI,2021,PMIL,ACCELERATING,ACCELERATION_SIGNAL,Résilience sécuritaire,YELLOW
ERI,2021,PMIN,ACCELERATING,ACCELERATION_SIGNAL,Chaîne de valeur minière,YELLOW
ERI,2021,PMON,STABLE,STABILITY_SIGNAL,Résilience monétaire et financière,YELLOW
ERI,2021,PNUM,PROGRESSING,PROGRESSION_SIGNAL,Souveraineté numérique,YELLOW
ERI,2021,PRES,PROGRESSING,PROGRESSION_SIGNAL,Certification énergie-eau,YELLOW
ERI,2021,PTRA,STABLE,STABILITY_SIGNAL,Transport et logistique,YELLOW
ETH,2021,PECO,ACCELERATING,ACCELERATION_SIGNAL,Diversification économique,YELLOW
ETH,2021,PENV,CRITICAL,DETERIORATION_ALERT,Résilience environnementale,YELLOW
ETH,2021,PGEO,DECLINING,DECLINE_SIGNAL,Gouvernance géopolitique et stabilité,YELLOW
ETH,2021,PHUM,DECLINING,DECLINE_SIGNAL,Capital humain,YELLOW
ETH,2021,PMIL,ACCELERATING,PROGRESSION_SIGNAL,Résilience sécuritaire,YELLOW
ETH,2021,PMIN,STABLE,STABILITY_SIGNAL,Chaîne de valeur minière,YELLOW
ETH,2021,PMON,DECLINING,DECLINE_SIGNAL,Résilience monétaire et financière,YELLOW
ETH,2021,PNUM,PROGRESSING,PROGRESSION_SIGNAL,Souveraineté numérique,YELLOW
ETH,2021,PRES,DECLINING,DECLINE_SIGNAL,Certification énergie-eau,YELLOW
ETH,2021,PTRA,CRITICAL,DECLINE_SIGNAL,Transport et logistique,YELLOW
GAB,2021,PECO,STABLE,STABILITY_SIGNAL,Diversification économique,YELLOW
GAB,2021,PENV,CRITICAL,DETERIORATION_ALERT,Résilience environnementale,YELLOW
GAB,2021,PGEO,STABLE,STABILITY_SIGNAL,Gouvernance géopolitique et stabilité,YELLOW
GAB,2021,PHUM,STABLE,STABILITY_SIGNAL,Capital humain,YELLOW
GAB,2021,PMIL,STABLE,STABILITY_SIGNAL,Résilience sécuritaire,YELLOW
GAB,2021,PMIN,PROGRESSING,PROGRESSION_SIGNAL,Chaîne de valeur minière,YELLOW
GAB,2021,PMON,CRITICAL,DECLINE_SIGNAL,Résilience monétaire et financière,YELLOW
GAB,2021,PNUM,STABLE,STABILITY_SIGNAL,Souveraineté numérique,YELLOW
GAB,2021,PRES,CRITICAL,DECLINE_SIGNAL,Certification énergie-eau,YELLOW
GAB,2021,PTRA,CRITICAL,DETERIORATION_ALERT,Transport et logistique,YELLOW
GHA,2021,PECO,CRITICAL,DECLINE_SIGNAL,Diversification économique,YELLOW
GHA,2021,PENV,CRITICAL,DETERIORATION_ALERT,Résilience environnementale,YELLOW
GHA,2021,PGEO,DECLINING,DECLINE_SIGNAL,Gouvernance géopolitique et stabilité,YELLOW
GHA,2021,PHUM,STABLE,STABILITY_SIGNAL,Capital humain,YELLOW
GHA,2021,PMIL,DECLINING,DETERIORATION_ALERT,Résilience sécuritaire,YELLOW
GHA,2021,PMIN,STABLE,STABILITY_SIGNAL,Chaîne de valeur minière,YELLOW
GHA,2021,PMON,STABLE,STABILITY_SIGNAL,Résilience monétaire et financière,YELLOW
GHA,2021,PNUM,ACCELERATING,ACCELERATION_SIGNAL,Souveraineté numérique,YELLOW
GHA,2021,PRES,CRITICAL,DETERIORATION_ALERT,Certification énergie-eau,YELLOW
GHA,2021,PTRA,CRITICAL,DECLINE_SIGNAL,Transport et logistique,YELLOW
GIN,2021,PECO,STABLE,STABILITY_SIGNAL,Diversification économique,YELLOW
GIN,2021,PENV,DECLINING,DECLINE_SIGNAL,Résilience environnementale,YELLOW
GIN,2021,PGEO,STABLE,STABILITY_SIGNAL,Gouvernance géopolitique et stabilité,YELLOW
GIN,2021,PHUM,STABLE,STABILITY_SIGNAL,Capital humain,YELLOW
GIN,2021,PMIL,PROGRESSING,PROGRESSION_SIGNAL,Résilience sécuritaire,YELLOW
GIN,2021,PMIN,ACCELERATING,ACCELERATION_SIGNAL,Chaîne de valeur minière,YELLOW
GIN,2021,PMON,PROGRESSING,PROGRESSION_SIGNAL,Résilience monétaire et financière,YELLOW
GIN,2021,PNUM,STABLE,STABILITY_SIGNAL,Souveraineté numérique,YELLOW
GIN,2021,PRES,STABLE,STABILITY_SIGNAL,Certification énergie-eau,YELLOW
GIN,2021,PTRA,CRITICAL,DETERIORATION_ALERT,Transport et logistique,YELLOW
GMB,2021,PECO,STABLE,STABILITY_SIGNAL,Diversification économique,YELLOW
GMB,2021,PENV,CRITICAL,DETERIORATION_ALERT,Résilience environnementale,YELLOW
GMB,2021,PGEO,DECLINING,DECLINE_SIGNAL,Gouvernance géopolitique et stabilité,YELLOW
GMB,2021,PHUM,CRITICAL,DECLINE_SIGNAL,Capital humain,YELLOW
GMB,2021,PMIL,STABLE,STABILITY_SIGNAL,Résilience sécuritaire,YELLOW
GMB,2021,PMIN,STABLE,STABILITY_SIGNAL,Chaîne de valeur minière,YELLOW
GMB,2021,PMON,PROGRESSING,PROGRESSION_SIGNAL,Résilience monétaire et financière,YELLOW
GMB,2021,PNUM,STABLE,STABILITY_SIGNAL,Souveraineté numérique,YELLOW
GMB,2021,PRES,CRITICAL,DETERIORATION_ALERT,Certification énergie-eau,YELLOW
GMB,2021,PTRA,CRITICAL,DETERIORATION_ALERT,Transport et logistique,YELLOW
GNB,2021,PECO,ACCELERATING,PROGRESSION_SIGNAL,Diversification économique,YELLOW
GNB,2021,PENV,CRITICAL,DETERIORATION_ALERT,Résilience environnementale,YELLOW
GNB,2021,PGEO,STABLE,STABILITY_SIGNAL,Gouvernance géopolitique et stabilité,YELLOW
GNB,2021,PHUM,STABLE,STABILITY_SIGNAL,Capital humain,YELLOW
GNB,2021,PMIL,CRITICAL,DETERIORATION_ALERT,Résilience sécuritaire,YELLOW
GNB,2021,PMIN,ACCELERATING,PROGRESSION_SIGNAL,Chaîne de valeur minière,YELLOW
GNB,2021,PMON,CRITICAL,DETERIORATION_ALERT,Résilience monétaire et financière,YELLOW
GNB,2021,PNUM,ACCELERATING,PROGRESSION_SIGNAL,Souveraineté numérique,YELLOW
GNB,2021,PRES,DECLINING,DETERIORATION_ALERT,Certification énergie-eau,YELLOW
GNB,2021,PTRA,CRITICAL,DETERIORATION_ALERT,Transport et logistique,YELLOW
GNQ,2021,PECO,CRITICAL,DECLINE_SIGNAL,Diversification économique,YELLOW
GNQ,2021,PENV,CRITICAL,DETERIORATION_ALERT,Résilience environnementale,YELLOW
GNQ,2021,PGEO,STABLE,STABILITY_SIGNAL,Gouvernance géopolitique et stabilité,YELLOW
GNQ,2021,PHUM,PROGRESSING,PROGRESSION_SIGNAL,Capital humain,YELLOW
GNQ,2021,PMIL,ACCELERATING,ACCELERATION_SIGNAL,Résilience sécuritaire,YELLOW
GNQ,2021,PMIN,STABLE,STABILITY_SIGNAL,Chaîne de valeur minière,YELLOW
GNQ,2021,PMON,CRITICAL,DETERIORATION_ALERT,Résilience monétaire et financière,YELLOW
GNQ,2021,PNUM,DECLINING,DETERIORATION_ALERT,Souveraineté numérique,YELLOW
GNQ,2021,PRES,CRITICAL,DETERIORATION_ALERT,Certification énergie-eau,YELLOW
GNQ,2021,PTRA,CRITICAL,DETERIORATION_ALERT,Transport et logistique,YELLOW
KEN,2021,PECO,PROGRESSING,PROGRESSION_SIGNAL,Diversification économique,YELLOW
KEN,2021,PENV,DECLINING,DETERIORATION_ALERT,Résilience environnementale,YELLOW
KEN,2021,PGEO,STABLE,STABILITY_SIGNAL,Gouvernance géopolitique et stabilité,YELLOW
KEN,2021,PHUM,PROGRESSING,PROGRESSION_SIGNAL,Capital humain,YELLOW
KEN,2021,PMIL,STABLE,STABILITY_SIGNAL,Résilience sécuritaire,YELLOW
KEN,2021,PMIN,ACCELERATING,ACCELERATION_SIGNAL,Chaîne de valeur minière,YELLOW
KEN,2021,PMON,STABLE,STABILITY_SIGNAL,Résilience monétaire et financière,YELLOW
KEN,2021,PNUM,ACCELERATING,ACCELERATION_SIGNAL,Souveraineté numérique,YELLOW
KEN,2021,PRES,STABLE,STABILITY_SIGNAL,Certification énergie-eau,YELLOW
KEN,2021,PTRA,DECLINING,DETERIORATION_ALERT,Transport et logistique,YELLOW
LBR,2021,PECO,DECLINING,DECLINE_SIGNAL,Diversification économique,YELLOW
LBR,2021,PENV,CRITICAL,DETERIORATION_ALERT,Résilience environnementale,YELLOW
LBR,2021,PGEO,STABLE,STABILITY_SIGNAL,Gouvernance géopolitique et stabilité,YELLOW
LBR,2021,PHUM,DECLINING,DECLINE_SIGNAL,Capital humain,YELLOW
LBR,2021,PMIL,CRITICAL,DETERIORATION_ALERT,Résilience sécuritaire,YELLOW
LBR,2021,PMIN,PROGRESSING,PROGRESSION_SIGNAL,Chaîne de valeur minière,YELLOW
LBR,2021,PMON,DECLINING,DETERIORATION_ALERT,Résilience monétaire et financière,YELLOW
LBR,2021,PNUM,DECLINING,DETERIORATION_ALERT,Souveraineté numérique,YELLOW
LBR,2021,PRES,ACCELERATING,ACCELERATION_SIGNAL,Certification énergie-eau,YELLOW
LBR,2021,PTRA,CRITICAL,DETERIORATION_ALERT,Transport et logistique,YELLOW
LBY,2021,PECO,DECLINING,DECLINE_SIGNAL,Diversification économique,YELLOW
LBY,2021,PENV,DECLINING,DETERIORATION_ALERT,Résilience environnementale,YELLOW
LBY,2021,PGEO,STABLE,STABILITY_SIGNAL,Gouvernance géopolitique et stabilité,YELLOW
LBY,2021,PHUM,DECLINING,DECLINE_SIGNAL,Capital humain,YELLOW
LBY,2021,PMIL,CRITICAL,DETERIORATION_ALERT,Résilience sécuritaire,YELLOW
LBY,2021,PMIN,STABLE,STABILITY_SIGNAL,Chaîne de valeur minière,YELLOW
LBY,2021,PMON,CRITICAL,DETERIORATION_ALERT,Résilience monétaire et financière,YELLOW
LBY,2021,PNUM,DECLINING,DECLINE_SIGNAL,Souveraineté numérique,YELLOW
LBY,2021,PRES,CRITICAL,DECLINE_SIGNAL,Certification énergie-eau,YELLOW
LBY,2021,PTRA,CRITICAL,DETERIORATION_ALERT,Transport et logistique,YELLOW
LSO,2021,PECO,PROGRESSING,PROGRESSION_SIGNAL,Diversification économique,YELLOW
LSO,2021,PENV,DECLINING,DECLINE_SIGNAL,Résilience environnementale,YELLOW
LSO,2021,PGEO,STABLE,STABILITY_SIGNAL,Gouvernance géopolitique et stabilité,YELLOW
LSO,2021,PHUM,DECLINING,DECLINE_SIGNAL,Capital humain,YELLOW
LSO,2021,PMIL,CRITICAL,DETERIORATION_ALERT,Résilience sécuritaire,YELLOW
LSO,2021,PMIN,STABLE,STABILITY_SIGNAL,Chaîne de valeur minière,YELLOW
LSO,2021,PMON,DECLINING,DECLINE_SIGNAL,Résilience monétaire et financière,YELLOW
LSO,2021,PNUM,STABLE,STABILITY_SIGNAL,Souveraineté numérique,YELLOW
LSO,2021,PRES,DECLINING,DETERIORATION_ALERT,Certification énergie-eau,YELLOW
LSO,2021,PTRA,DECLINING,DETERIORATION_ALERT,Transport et logistique,YELLOW
MAR,2021,PECO,DECLINING,DECLINE_SIGNAL,Diversification économique,YELLOW
MAR,2021,PENV,CRITICAL,DETERIORATION_ALERT,Résilience environnementale,YELLOW
MAR,2021,PGEO,DECLINING,DECLINE_SIGNAL,Gouvernance géopolitique et stabilité,YELLOW
MAR,2021,PHUM,DECLINING,DECLINE_SIGNAL,Capital humain,YELLOW
MAR,2021,PMIL,PROGRESSING,PROGRESSION_SIGNAL,Résilience sécuritaire,YELLOW
MAR,2021,PMIN,DECLINING,DECLINE_SIGNAL,Chaîne de valeur minière,YELLOW
MAR,2021,PMON,STABLE,STABILITY_SIGNAL,Résilience monétaire et financière,YELLOW
MAR,2021,PNUM,ACCELERATING,ACCELERATION_SIGNAL,Souveraineté numérique,YELLOW
MAR,2021,PRES,CRITICAL,DETERIORATION_ALERT,Certification énergie-eau,YELLOW
MAR,2021,PTRA,STABLE,STABILITY_SIGNAL,Transport et logistique,YELLOW
MDG,2021,PECO,STABLE,STABILITY_SIGNAL,Diversification économique,YELLOW
MDG,2021,PENV,CRITICAL,DETERIORATION_ALERT,Résilience environnementale,YELLOW
MDG,2021,PGEO,STABLE,STABILITY_SIGNAL,Gouvernance géopolitique et stabilité,YELLOW
MDG,2021,PHUM,DECLINING,DECLINE_SIGNAL,Capital humain,YELLOW
MDG,2021,PMIL,ACCELERATING,PROGRESSION_SIGNAL,Résilience sécuritaire,YELLOW
MDG,2021,PMIN,ACCELERATING,ACCELERATION_SIGNAL,Chaîne de valeur minière,YELLOW
MDG,2021,PMON,PROGRESSING,PROGRESSION_SIGNAL,Résilience monétaire et financière,YELLOW
MDG,2021,PNUM,PROGRESSING,PROGRESSION_SIGNAL,Souveraineté numérique,YELLOW
MDG,2021,PRES,CRITICAL,DETERIORATION_ALERT,Certification énergie-eau,YELLOW
MDG,2021,PTRA,CRITICAL,DETERIORATION_ALERT,Transport et logistique,YELLOW
MLI,2021,PECO,CRITICAL,DECLINE_SIGNAL,Diversification économique,YELLOW
MLI,2021,PENV,DECLINING,DETERIORATION_ALERT,Résilience environnementale,YELLOW
MLI,2021,PGEO,DECLINING,DETERIORATION_ALERT,Gouvernance géopolitique et stabilité,YELLOW
MLI,2021,PHUM,PROGRESSING,PROGRESSION_SIGNAL,Capital humain,YELLOW
MLI,2021,PMIL,ACCELERATING,PROGRESSION_SIGNAL,Résilience sécuritaire,YELLOW
MLI,2021,PMIN,STABLE,STABILITY_SIGNAL,Chaîne de valeur minière,YELLOW
MLI,2021,PMON,DECLINING,DETERIORATION_ALERT,Résilience monétaire et financière,YELLOW
MLI,2021,PNUM,STABLE,STABILITY_SIGNAL,Souveraineté numérique,YELLOW
MLI,2021,PRES,PROGRESSING,PROGRESSION_SIGNAL,Certification énergie-eau,YELLOW
MLI,2021,PTRA,CRITICAL,DETERIORATION_ALERT,Transport et logistique,YELLOW
MOZ,2021,PECO,STABLE,STABILITY_SIGNAL,Diversification économique,YELLOW
MOZ,2021,PENV,CRITICAL,DECLINE_SIGNAL,Résilience environnementale,YELLOW
MOZ,2021,PGEO,STABLE,STABILITY_SIGNAL,Gouvernance géopolitique et stabilité,YELLOW
MOZ,2021,PHUM,PROGRESSING,PROGRESSION_SIGNAL,Capital humain,YELLOW
MOZ,2021,PMIL,STABLE,STABILITY_SIGNAL,Résilience sécuritaire,YELLOW
MOZ,2021,PMIN,DECLINING,DECLINE_SIGNAL,Chaîne de valeur minière,YELLOW
MOZ,2021,PMON,PROGRESSING,PROGRESSION_SIGNAL,Résilience monétaire et financière,YELLOW
MOZ,2021,PNUM,STABLE,STABILITY_SIGNAL,Souveraineté numérique,YELLOW
MOZ,2021,PRES,DECLINING,DETERIORATION_ALERT,Certification énergie-eau,YELLOW
MOZ,2021,PTRA,DECLINING,DETERIORATION_ALERT,Transport et logistique,YELLOW
MRT,2021,PECO,DECLINING,DECLINE_SIGNAL,Diversification économique,YELLOW
MRT,2021,PENV,STABLE,STABILITY_SIGNAL,Résilience environnementale,YELLOW
MRT,2021,PGEO,STABLE,STABILITY_SIGNAL,Gouvernance géopolitique et stabilité,YELLOW
MRT,2021,PHUM,DECLINING,DECLINE_SIGNAL,Capital humain,YELLOW
MRT,2021,PMIL,ACCELERATING,PROGRESSION_SIGNAL,Résilience sécuritaire,YELLOW
MRT,2021,PMIN,PROGRESSING,PROGRESSION_SIGNAL,Chaîne de valeur minière,YELLOW
MRT,2021,PMON,DECLINING,DETERIORATION_ALERT,Résilience monétaire et financière,YELLOW
MRT,2021,PNUM,STABLE,STABILITY_SIGNAL,Souveraineté numérique,YELLOW
MRT,2021,PRES,CRITICAL,DETERIORATION_ALERT,Certification énergie-eau,YELLOW
MRT,2021,PTRA,CRITICAL,DETERIORATION_ALERT,Transport et logistique,YELLOW
MUS,2021,PECO,STABLE,STABILITY_SIGNAL,Diversification économique,YELLOW
MUS,2021,PENV,CRITICAL,DETERIORATION_ALERT,Résilience environnementale,YELLOW
MUS,2021,PGEO,STABLE,STABILITY_SIGNAL,Gouvernance géopolitique et stabilité,YELLOW
MUS,2021,PHUM,CRITICAL,DECLINE_SIGNAL,Capital humain,YELLOW
MUS,2021,PMIL,DECLINING,DETERIORATION_ALERT,Résilience sécuritaire,YELLOW
MUS,2021,PMIN,STABLE,STABILITY_SIGNAL,Chaîne de valeur minière,YELLOW
MUS,2021,PMON,PROGRESSING,PROGRESSION_SIGNAL,Résilience monétaire et financière,YELLOW
MUS,2021,PNUM,PROGRESSING,PROGRESSION_SIGNAL,Souveraineté numérique,YELLOW
MUS,2021,PRES,CRITICAL,DETERIORATION_ALERT,Certification énergie-eau,YELLOW
MUS,2021,PTRA,CRITICAL,DETERIORATION_ALERT,Transport et logistique,YELLOW
MWI,2021,PECO,CRITICAL,DECLINE_SIGNAL,Diversification économique,YELLOW
MWI,2021,PENV,CRITICAL,DECLINE_SIGNAL,Résilience environnementale,YELLOW
MWI,2021,PGEO,DECLINING,DECLINE_SIGNAL,Gouvernance géopolitique et stabilité,YELLOW
MWI,2021,PHUM,DECLINING,DECLINE_SIGNAL,Capital humain,YELLOW
MWI,2021,PMIL,STABLE,STABILITY_SIGNAL,Résilience sécuritaire,YELLOW
MWI,2021,PMIN,STABLE,STABILITY_SIGNAL,Chaîne de valeur minière,YELLOW
MWI,2021,PMON,DECLINING,DETERIORATION_ALERT,Résilience monétaire et financière,YELLOW
MWI,2021,PNUM,PROGRESSING,PROGRESSION_SIGNAL,Souveraineté numérique,YELLOW
MWI,2021,PRES,DECLINING,DETERIORATION_ALERT,Certification énergie-eau,YELLOW
MWI,2021,PTRA,CRITICAL,DETERIORATION_ALERT,Transport et logistique,YELLOW
NAM,2021,PECO,STABLE,STABILITY_SIGNAL,Diversification économique,YELLOW
NAM,2021,PENV,CRITICAL,DECLINE_SIGNAL,Résilience environnementale,YELLOW
NAM,2021,PGEO,STABLE,STABILITY_SIGNAL,Gouvernance géopolitique et stabilité,YELLOW
NAM,2021,PHUM,STABLE,STABILITY_SIGNAL,Capital humain,YELLOW
NAM,2021,PMIL,PROGRESSING,PROGRESSION_SIGNAL,Résilience sécuritaire,YELLOW
NAM,2021,PMIN,DECLINING,DECLINE_SIGNAL,Chaîne de valeur minière,YELLOW
NAM,2021,PMON,CRITICAL,DECLINE_SIGNAL,Résilience monétaire et financière,YELLOW
NAM,2021,PNUM,PROGRESSING,PROGRESSION_SIGNAL,Souveraineté numérique,YELLOW
NAM,2021,PRES,CRITICAL,DETERIORATION_ALERT,Certification énergie-eau,YELLOW
NAM,2021,PTRA,CRITICAL,DETERIORATION_ALERT,Transport et logistique,YELLOW
NER,2021,PECO,DECLINING,DECLINE_SIGNAL,Diversification économique,YELLOW
NER,2021,PENV,DECLINING,DETERIORATION_ALERT,Résilience environnementale,YELLOW
NER,2021,PGEO,DECLINING,DECLINE_SIGNAL,Gouvernance géopolitique et stabilité,YELLOW
NER,2021,PHUM,STABLE,STABILITY_SIGNAL,Capital humain,YELLOW
NER,2021,PMIL,DECLINING,DETERIORATION_ALERT,Résilience sécuritaire,YELLOW
NER,2021,PMIN,DECLINING,DECLINE_SIGNAL,Chaîne de valeur minière,YELLOW
NER,2021,PMON,DECLINING,DETERIORATION_ALERT,Résilience monétaire et financière,YELLOW
NER,2021,PNUM,PROGRESSING,PROGRESSION_SIGNAL,Souveraineté numérique,YELLOW
NER,2021,PRES,PROGRESSING,PROGRESSION_SIGNAL,Certification énergie-eau,YELLOW
NER,2021,PTRA,DECLINING,DETERIORATION_ALERT,Transport et logistique,YELLOW
NGA,2021,PECO,CRITICAL,DECLINE_SIGNAL,Diversification économique,YELLOW
NGA,2021,PENV,CRITICAL,DETERIORATION_ALERT,Résilience environnementale,YELLOW
NGA,2021,PGEO,DECLINING,DECLINE_SIGNAL,Gouvernance géopolitique et stabilité,YELLOW
NGA,2021,PHUM,CRITICAL,DECLINE_SIGNAL,Capital humain,YELLOW
NGA,2021,PMIL,ACCELERATING,ACCELERATION_SIGNAL,Résilience sécuritaire,YELLOW
NGA,2021,PMIN,PROGRESSING,PROGRESSION_SIGNAL,Chaîne de valeur minière,YELLOW
NGA,2021,PMON,DECLINING,DETERIORATION_ALERT,Résilience monétaire et financière,YELLOW
NGA,2021,PNUM,STABLE,STABILITY_SIGNAL,Souveraineté numérique,YELLOW
NGA,2021,PRES,DECLINING,DECLINE_SIGNAL,Certification énergie-eau,YELLOW
NGA,2021,PTRA,CRITICAL,DETERIORATION_ALERT,Transport et logistique,YELLOW
RWA,2021,PECO,PROGRESSING,PROGRESSION_SIGNAL,Diversification économique,YELLOW
RWA,2021,PENV,CRITICAL,DETERIORATION_ALERT,Résilience environnementale,YELLOW
RWA,2021,PGEO,STABLE,STABILITY_SIGNAL,Gouvernance géopolitique et stabilité,YELLOW
RWA,2021,PHUM,STABLE,STABILITY_SIGNAL,Capital humain,YELLOW
RWA,2021,PMIL,PROGRESSING,PROGRESSION_SIGNAL,Résilience sécuritaire,YELLOW
RWA,2021,PMIN,PROGRESSING,PROGRESSION_SIGNAL,Chaîne de valeur minière,YELLOW
RWA,2021,PMON,PROGRESSING,PROGRESSION_SIGNAL,Résilience monétaire et financière,YELLOW
RWA,2021,PNUM,PROGRESSING,PROGRESSION_SIGNAL,Souveraineté numérique,YELLOW
RWA,2021,PRES,CRITICAL,DETERIORATION_ALERT,Certification énergie-eau,YELLOW
RWA,2021,PTRA,CRITICAL,DETERIORATION_ALERT,Transport et logistique,YELLOW
SDN,2021,PECO,CRITICAL,DETERIORATION_ALERT,Diversification économique,YELLOW
SDN,2021,PENV,CRITICAL,DETERIORATION_ALERT,Résilience environnementale,YELLOW
SDN,2021,PGEO,STABLE,STABILITY_SIGNAL,Gouvernance géopolitique et stabilité,YELLOW
SDN,2021,PHUM,DECLINING,DECLINE_SIGNAL,Capital humain,YELLOW
SDN,2021,PMIL,STABLE,STABILITY_SIGNAL,Résilience sécuritaire,YELLOW
SDN,2021,PMIN,DECLINING,DETERIORATION_ALERT,Chaîne de valeur minière,YELLOW
SDN,2021,PMON,CRITICAL,DETERIORATION_ALERT,Résilience monétaire et financière,YELLOW
SDN,2021,PNUM,DECLINING,DETERIORATION_ALERT,Souveraineté numérique,YELLOW
SDN,2021,PRES,ACCELERATING,PROGRESSION_SIGNAL,Certification énergie-eau,YELLOW
SDN,2021,PTRA,CRITICAL,DETERIORATION_ALERT,Transport et logistique,YELLOW
SEN,2021,PECO,ACCELERATING,ACCELERATION_SIGNAL,Diversification économique,YELLOW
SEN,2021,PENV,CRITICAL,DETERIORATION_ALERT,Résilience environnementale,YELLOW
SEN,2021,PGEO,STABLE,STABILITY_SIGNAL,Gouvernance géopolitique et stabilité,YELLOW
SEN,2021,PHUM,STABLE,STABILITY_SIGNAL,Capital humain,YELLOW
SEN,2021,PMIL,PROGRESSING,PROGRESSION_SIGNAL,Résilience sécuritaire,YELLOW
SEN,2021,PMIN,ACCELERATING,ACCELERATION_SIGNAL,Chaîne de valeur minière,YELLOW
SEN,2021,PMON,DECLINING,DETERIORATION_ALERT,Résilience monétaire et financière,YELLOW
SEN,2021,PNUM,PROGRESSING,PROGRESSION_SIGNAL,Souveraineté numérique,YELLOW
SEN,2021,PRES,CRITICAL,DETERIORATION_ALERT,Certification énergie-eau,YELLOW
SEN,2021,PTRA,DECLINING,DETERIORATION_ALERT,Transport et logistique,YELLOW
SLE,2021,PECO,STABLE,STABILITY_SIGNAL,Diversification économique,YELLOW
SLE,2021,PENV,CRITICAL,DECLINE_SIGNAL,Résilience environnementale,YELLOW
SLE,2021,PGEO,STABLE,STABILITY_SIGNAL,Gouvernance géopolitique et stabilité,YELLOW
SLE,2021,PHUM,STABLE,STABILITY_SIGNAL,Capital humain,YELLOW
SLE,2021,PMIL,DECLINING,DETERIORATION_ALERT,Résilience sécuritaire,YELLOW
SLE,2021,PMIN,STABLE,STABILITY_SIGNAL,Chaîne de valeur minière,YELLOW
SLE,2021,PMON,ACCELERATING,ACCELERATION_SIGNAL,Résilience monétaire et financière,YELLOW
SLE,2021,PNUM,PROGRESSING,PROGRESSION_SIGNAL,Souveraineté numérique,YELLOW
SLE,2021,PRES,STABLE,STABILITY_SIGNAL,Certification énergie-eau,YELLOW
SLE,2021,PTRA,CRITICAL,DETERIORATION_ALERT,Transport et logistique,YELLOW
SOM,2021,PECO,PROGRESSING,PROGRESSION_SIGNAL,Diversification économique,YELLOW
SOM,2021,PENV,CRITICAL,DETERIORATION_ALERT,Résilience environnementale,YELLOW
SOM,2021,PGEO,STABLE,STABILITY_SIGNAL,Gouvernance géopolitique et stabilité,YELLOW
SOM,2021,PHUM,PROGRESSING,PROGRESSION_SIGNAL,Capital humain,YELLOW
SOM,2021,PMIL,ACCELERATING,ACCELERATION_SIGNAL,Résilience sécuritaire,YELLOW
SOM,2021,PMIN,PROGRESSING,PROGRESSION_SIGNAL,Chaîne de valeur minière,YELLOW
SOM,2021,PMON,PROGRESSING,PROGRESSION_SIGNAL,Résilience monétaire et financière,YELLOW
SOM,2021,PNUM,ACCELERATING,PROGRESSION_SIGNAL,Souveraineté numérique,YELLOW
SOM,2021,PRES,DECLINING,DETERIORATION_ALERT,Certification énergie-eau,YELLOW
SOM,2021,PTRA,DECLINING,DETERIORATION_ALERT,Transport et logistique,YELLOW
SSD,2021,PECO,ACCELERATING,ACCELERATION_SIGNAL,Diversification économique,YELLOW
SSD,2021,PENV,DECLINING,DETERIORATION_ALERT,Résilience environnementale,YELLOW
SSD,2021,PGEO,STABLE,STABILITY_SIGNAL,Gouvernance géopolitique et stabilité,YELLOW
SSD,2021,PHUM,PROGRESSING,PROGRESSION_SIGNAL,Capital humain,YELLOW
SSD,2021,PMIL,STABLE,STABILITY_SIGNAL,Résilience sécuritaire,YELLOW
SSD,2021,PMIN,STABLE,STABILITY_SIGNAL,Chaîne de valeur minière,YELLOW
SSD,2021,PMON,PROGRESSING,PROGRESSION_SIGNAL,Résilience monétaire et financière,YELLOW
SSD,2021,PNUM,PROGRESSING,PROGRESSION_SIGNAL,Souveraineté numérique,YELLOW
SSD,2021,PRES,DECLINING,DETERIORATION_ALERT,Certification énergie-eau,YELLOW
SSD,2021,PTRA,PROGRESSING,PROGRESSION_SIGNAL,Transport et logistique,YELLOW
STP,2021,PECO,CRITICAL,DETERIORATION_ALERT,Diversification économique,YELLOW
STP,2021,PENV,CRITICAL,DETERIORATION_ALERT,Résilience environnementale,YELLOW
STP,2021,PGEO,STABLE,STABILITY_SIGNAL,Gouvernance géopolitique et stabilité,YELLOW
STP,2021,PHUM,CRITICAL,DECLINE_SIGNAL,Capital humain,YELLOW
STP,2021,PMIL,DECLINING,DETERIORATION_ALERT,Résilience sécuritaire,YELLOW
STP,2021,PMIN,STABLE,STABILITY_SIGNAL,Chaîne de valeur minière,YELLOW
STP,2021,PMON,DECLINING,DETERIORATION_ALERT,Résilience monétaire et financière,YELLOW
STP,2021,PNUM,DECLINING,DETERIORATION_ALERT,Souveraineté numérique,YELLOW
STP,2021,PRES,CRITICAL,DETERIORATION_ALERT,Certification énergie-eau,YELLOW
STP,2021,PTRA,PROGRESSING,PROGRESSION_SIGNAL,Transport et logistique,YELLOW
SWZ,2021,PECO,DECLINING,DETERIORATION_ALERT,Diversification économique,YELLOW
SWZ,2021,PENV,CRITICAL,DECLINE_SIGNAL,Résilience environnementale,YELLOW
SWZ,2021,PGEO,STABLE,STABILITY_SIGNAL,Gouvernance géopolitique et stabilité,YELLOW
SWZ,2021,PHUM,DECLINING,DECLINE_SIGNAL,Capital humain,YELLOW
SWZ,2021,PMIL,CRITICAL,DETERIORATION_ALERT,Résilience sécuritaire,YELLOW
SWZ,2021,PMIN,DECLINING,DETERIORATION_ALERT,Chaîne de valeur minière,YELLOW
SWZ,2021,PMON,DECLINING,DETERIORATION_ALERT,Résilience monétaire et financière,YELLOW
SWZ,2021,PNUM,STABLE,STABILITY_SIGNAL,Souveraineté numérique,YELLOW
SWZ,2021,PRES,DECLINING,DETERIORATION_ALERT,Certification énergie-eau,YELLOW
SWZ,2021,PTRA,PROGRESSING,PROGRESSION_SIGNAL,Transport et logistique,YELLOW
SYC,2021,PECO,CRITICAL,DECLINE_SIGNAL,Diversification économique,YELLOW
SYC,2021,PENV,DECLINING,DETERIORATION_ALERT,Résilience environnementale,YELLOW
SYC,2021,PGEO,STABLE,STABILITY_SIGNAL,Gouvernance géopolitique et stabilité,YELLOW
SYC,2021,PHUM,DECLINING,DECLINE_SIGNAL,Capital humain,YELLOW
SYC,2021,PMIL,CRITICAL,DETERIORATION_ALERT,Résilience sécuritaire,YELLOW
SYC,2021,PMIN,STABLE,STABILITY_SIGNAL,Chaîne de valeur minière,YELLOW
SYC,2021,PMON,STABLE,STABILITY_SIGNAL,Résilience monétaire et financière,YELLOW
SYC,2021,PNUM,PROGRESSING,PROGRESSION_SIGNAL,Souveraineté numérique,YELLOW
SYC,2021,PRES,CRITICAL,DETERIORATION_ALERT,Certification énergie-eau,YELLOW
SYC,2021,PTRA,CRITICAL,DETERIORATION_ALERT,Transport et logistique,YELLOW
TCD,2021,PECO,DECLINING,DECLINE_SIGNAL,Diversification économique,YELLOW
TCD,2021,PENV,DECLINING,DETERIORATION_ALERT,Résilience environnementale,YELLOW
TCD,2021,PGEO,DECLINING,DETERIORATION_ALERT,Gouvernance géopolitique et stabilité,YELLOW
TCD,2021,PHUM,STABLE,STABILITY_SIGNAL,Capital humain,YELLOW
TCD,2021,PMIL,ACCELERATING,ACCELERATION_SIGNAL,Résilience sécuritaire,YELLOW
TCD,2021,PMIN,STABLE,STABILITY_SIGNAL,Chaîne de valeur minière,YELLOW
TCD,2021,PMON,CRITICAL,DETERIORATION_ALERT,Résilience monétaire et financière,YELLOW
TCD,2021,PNUM,PROGRESSING,PROGRESSION_SIGNAL,Souveraineté numérique,YELLOW
TCD,2021,PRES,DECLINING,DETERIORATION_ALERT,Certification énergie-eau,YELLOW
TCD,2021,PTRA,CRITICAL,DETERIORATION_ALERT,Transport et logistique,YELLOW
TGO,2021,PECO,DECLINING,DECLINE_SIGNAL,Diversification économique,YELLOW
TGO,2021,PENV,CRITICAL,DETERIORATION_ALERT,Résilience environnementale,YELLOW
TGO,2021,PGEO,DECLINING,DECLINE_SIGNAL,Gouvernance géopolitique et stabilité,YELLOW
TGO,2021,PHUM,STABLE,STABILITY_SIGNAL,Capital humain,YELLOW
TGO,2021,PMIL,STABLE,STABILITY_SIGNAL,Résilience sécuritaire,YELLOW
TGO,2021,PMIN,PROGRESSING,PROGRESSION_SIGNAL,Chaîne de valeur minière,YELLOW
TGO,2021,PMON,DECLINING,DECLINE_SIGNAL,Résilience monétaire et financière,YELLOW
TGO,2021,PNUM,PROGRESSING,PROGRESSION_SIGNAL,Souveraineté numérique,YELLOW
TGO,2021,PRES,CRITICAL,DETERIORATION_ALERT,Certification énergie-eau,YELLOW
TGO,2021,PTRA,DECLINING,DETERIORATION_ALERT,Transport et logistique,YELLOW
TUN,2021,PECO,CRITICAL,DETERIORATION_ALERT,Diversification économique,YELLOW
TUN,2021,PENV,CRITICAL,DETERIORATION_ALERT,Résilience environnementale,YELLOW
TUN,2021,PGEO,STABLE,STABILITY_SIGNAL,Gouvernance géopolitique et stabilité,YELLOW
TUN,2021,PHUM,CRITICAL,DECLINE_SIGNAL,Capital humain,YELLOW
TUN,2021,PMIL,ACCELERATING,PROGRESSION_SIGNAL,Résilience sécuritaire,YELLOW
TUN,2021,PMIN,DECLINING,DECLINE_SIGNAL,Chaîne de valeur minière,YELLOW
TUN,2021,PMON,STABLE,STABILITY_SIGNAL,Résilience monétaire et financière,YELLOW
TUN,2021,PNUM,PROGRESSING,PROGRESSION_SIGNAL,Souveraineté numérique,YELLOW
TUN,2021,PRES,CRITICAL,DETERIORATION_ALERT,Certification énergie-eau,YELLOW
TUN,2021,PTRA,CRITICAL,DETERIORATION_ALERT,Transport et logistique,YELLOW
TZA,2021,PECO,PROGRESSING,PROGRESSION_SIGNAL,Diversification économique,YELLOW
TZA,2021,PENV,CRITICAL,DETERIORATION_ALERT,Résilience environnementale,YELLOW
TZA,2021,PGEO,DECLINING,DECLINE_SIGNAL,Gouvernance géopolitique et stabilité,YELLOW
TZA,2021,PHUM,STABLE,STABILITY_SIGNAL,Capital humain,YELLOW
TZA,2021,PMIL,STABLE,STABILITY_SIGNAL,Résilience sécuritaire,YELLOW
TZA,2021,PMIN,PROGRESSING,PROGRESSION_SIGNAL,Chaîne de valeur minière,YELLOW
TZA,2021,PMON,ACCELERATING,PROGRESSION_SIGNAL,Résilience monétaire et financière,YELLOW
TZA,2021,PNUM,ACCELERATING,PROGRESSION_SIGNAL,Souveraineté numérique,YELLOW
TZA,2021,PRES,STABLE,STABILITY_SIGNAL,Certification énergie-eau,YELLOW
TZA,2021,PTRA,CRITICAL,DETERIORATION_ALERT,Transport et logistique,YELLOW
UGA,2021,PECO,ACCELERATING,ACCELERATION_SIGNAL,Diversification économique,YELLOW
UGA,2021,PENV,DECLINING,DECLINE_SIGNAL,Résilience environnementale,YELLOW
UGA,2021,PGEO,STABLE,STABILITY_SIGNAL,Gouvernance géopolitique et stabilité,YELLOW
UGA,2021,PHUM,STABLE,STABILITY_SIGNAL,Capital humain,YELLOW
UGA,2021,PMIL,ACCELERATING,PROGRESSION_SIGNAL,Résilience sécuritaire,YELLOW
UGA,2021,PMIN,PROGRESSING,PROGRESSION_SIGNAL,Chaîne de valeur minière,YELLOW
UGA,2021,PMON,STABLE,STABILITY_SIGNAL,Résilience monétaire et financière,YELLOW
UGA,2021,PNUM,STABLE,STABILITY_SIGNAL,Souveraineté numérique,YELLOW
UGA,2021,PRES,DECLINING,DECLINE_SIGNAL,Certification énergie-eau,YELLOW
UGA,2021,PTRA,CRITICAL,DETERIORATION_ALERT,Transport et logistique,YELLOW
ZAF,2021,PECO,DECLINING,DECLINE_SIGNAL,Diversification économique,YELLOW
ZAF,2021,PENV,CRITICAL,DETERIORATION_ALERT,Résilience environnementale,YELLOW
ZAF,2021,PGEO,DECLINING,DECLINE_SIGNAL,Gouvernance géopolitique et stabilité,YELLOW
ZAF,2021,PHUM,CRITICAL,DECLINE_SIGNAL,Capital humain,YELLOW
ZAF,2021,PMIL,PROGRESSING,PROGRESSION_SIGNAL,Résilience sécuritaire,YELLOW
ZAF,2021,PMIN,PROGRESSING,PROGRESSION_SIGNAL,Chaîne de valeur minière,YELLOW
ZAF,2021,PMON,STABLE,STABILITY_SIGNAL,Résilience monétaire et financière,YELLOW
ZAF,2021,PNUM,PROGRESSING,PROGRESSION_SIGNAL,Souveraineté numérique,YELLOW
ZAF,2021,PRES,CRITICAL,DETERIORATION_ALERT,Certification énergie-eau,YELLOW
ZAF,2021,PTRA,DECLINING,DETERIORATION_ALERT,Transport et logistique,YELLOW
ZMB,2021,PECO,STABLE,STABILITY_SIGNAL,Diversification économique,YELLOW
ZMB,2021,PENV,DECLINING,DECLINE_SIGNAL,Résilience environnementale,YELLOW
ZMB,2021,PGEO,DECLINING,DECLINE_SIGNAL,Gouvernance géopolitique et stabilité,YELLOW
ZMB,2021,PHUM,STABLE,STABILITY_SIGNAL,Capital humain,YELLOW
ZMB,2021,PMIL,CRITICAL,DETERIORATION_ALERT,Résilience sécuritaire,YELLOW
ZMB,2021,PMIN,STABLE,STABILITY_SIGNAL,Chaîne de valeur minière,YELLOW
ZMB,2021,PMON,STABLE,STABILITY_SIGNAL,Résilience monétaire et financière,YELLOW
ZMB,2021,PNUM,PROGRESSING,PROGRESSION_SIGNAL,Souveraineté numérique,YELLOW
ZMB,2021,PRES,PROGRESSING,PROGRESSION_SIGNAL,Certification énergie-eau,YELLOW
ZMB,2021,PTRA,DECLINING,DETERIORATION_ALERT,Transport et logistique,YELLOW
ZWE,2021,PECO,CRITICAL,DECLINE_SIGNAL,Diversification économique,YELLOW
ZWE,2021,PENV,CRITICAL,DECLINE_SIGNAL,Résilience environnementale,YELLOW
ZWE,2021,PGEO,STABLE,STABILITY_SIGNAL,Gouvernance géopolitique et stabilité,YELLOW
ZWE,2021,PHUM,DECLINING,DECLINE_SIGNAL,Capital humain,YELLOW
ZWE,2021,PMIL,ACCELERATING,PROGRESSION_SIGNAL,Résilience sécuritaire,YELLOW
ZWE,2021,PMIN,ACCELERATING,ACCELERATION_SIGNAL,Chaîne de valeur minière,YELLOW
ZWE,2021,PMON,DECLINING,DETERIORATION_ALERT,Résilience monétaire et financière,YELLOW
ZWE,2021,PNUM,STABLE,STABILITY_SIGNAL,Souveraineté numérique,YELLOW
ZWE,2021,PRES,PROGRESSING,PROGRESSION_SIGNAL,Certification énergie-eau,YELLOW
ZWE,2021,PTRA,CRITICAL,DETERIORATION_ALERT,Transport et logistique,YELLOW
AGO,2020,PECO,PROGRESSING,PROGRESSION_SIGNAL,Diversification économique,YELLOW
AGO,2020,PENV,CRITICAL,DECLINE_SIGNAL,Résilience environnementale,YELLOW
AGO,2020,PGEO,STABLE,STABILITY_SIGNAL,Gouvernance géopolitique et stabilité,YELLOW
AGO,2020,PHUM,STABLE,STABILITY_SIGNAL,Capital humain,YELLOW
AGO,2020,PMIL,PROGRESSING,PROGRESSION_SIGNAL,Résilience sécuritaire,YELLOW
AGO,2020,PMIN,PROGRESSING,PROGRESSION_SIGNAL,Chaîne de valeur minière,YELLOW
AGO,2020,PMON,ACCELERATING,PROGRESSION_SIGNAL,Résilience monétaire et financière,YELLOW
AGO,2020,PNUM,PROGRESSING,PROGRESSION_SIGNAL,Souveraineté numérique,YELLOW
AGO,2020,PRES,PROGRESSING,PROGRESSION_SIGNAL,Certification énergie-eau,YELLOW
AGO,2020,PTRA,CRITICAL,DETERIORATION_ALERT,Transport et logistique,YELLOW
BDI,2020,PECO,CRITICAL,DECLINE_SIGNAL,Diversification économique,YELLOW
BDI,2020,PENV,DECLINING,DECLINE_SIGNAL,Résilience environnementale,YELLOW
BDI,2020,PGEO,STABLE,STABILITY_SIGNAL,Gouvernance géopolitique et stabilité,YELLOW
BDI,2020,PHUM,STABLE,STABILITY_SIGNAL,Capital humain,YELLOW
BDI,2020,PMIL,ACCELERATING,PROGRESSION_SIGNAL,Résilience sécuritaire,YELLOW
BDI,2020,PMIN,STABLE,STABILITY_SIGNAL,Chaîne de valeur minière,YELLOW
BDI,2020,PMON,PROGRESSING,PROGRESSION_SIGNAL,Résilience monétaire et financière,YELLOW
BDI,2020,PNUM,STABLE,STABILITY_SIGNAL,Souveraineté numérique,YELLOW
BDI,2020,PRES,CRITICAL,DETERIORATION_ALERT,Certification énergie-eau,YELLOW
BDI,2020,PTRA,PROGRESSING,PROGRESSION_SIGNAL,Transport et logistique,YELLOW
BEN,2020,PECO,STABLE,STABILITY_SIGNAL,Diversification économique,YELLOW
BEN,2020,PENV,CRITICAL,DETERIORATION_ALERT,Résilience environnementale,YELLOW
BEN,2020,PGEO,DECLINING,DECLINE_SIGNAL,Gouvernance géopolitique et stabilité,YELLOW
BEN,2020,PHUM,DECLINING,DECLINE_SIGNAL,Capital humain,YELLOW
BEN,2020,PMIL,PROGRESSING,PROGRESSION_SIGNAL,Résilience sécuritaire,YELLOW
BEN,2020,PMIN,PROGRESSING,PROGRESSION_SIGNAL,Chaîne de valeur minière,YELLOW
BEN,2020,PMON,DECLINING,DETERIORATION_ALERT,Résilience monétaire et financière,YELLOW
BEN,2020,PNUM,PROGRESSING,PROGRESSION_SIGNAL,Souveraineté numérique,YELLOW
BEN,2020,PRES,STABLE,STABILITY_SIGNAL,Certification énergie-eau,YELLOW
BEN,2020,PTRA,CRITICAL,DETERIORATION_ALERT,Transport et logistique,YELLOW
BFA,2020,PECO,DECLINING,DECLINE_SIGNAL,Diversification économique,YELLOW
BFA,2020,PENV,CRITICAL,DETERIORATION_ALERT,Résilience environnementale,YELLOW
BFA,2020,PGEO,DECLINING,DECLINE_SIGNAL,Gouvernance géopolitique et stabilité,YELLOW
BFA,2020,PHUM,STABLE,STABILITY_SIGNAL,Capital humain,YELLOW
BFA,2020,PMIL,CRITICAL,DETERIORATION_ALERT,Résilience sécuritaire,YELLOW
BFA,2020,PMIN,ACCELERATING,PROGRESSION_SIGNAL,Chaîne de valeur minière,YELLOW
BFA,2020,PMON,STABLE,STABILITY_SIGNAL,Résilience monétaire et financière,YELLOW
BFA,2020,PNUM,ACCELERATING,PROGRESSION_SIGNAL,Souveraineté numérique,YELLOW
BFA,2020,PRES,STABLE,STABILITY_SIGNAL,Certification énergie-eau,YELLOW
BFA,2020,PTRA,CRITICAL,DETERIORATION_ALERT,Transport et logistique,YELLOW
BWA,2020,PECO,ACCELERATING,PROGRESSION_SIGNAL,Diversification économique,YELLOW
BWA,2020,PENV,CRITICAL,DETERIORATION_ALERT,Résilience environnementale,YELLOW
BWA,2020,PGEO,STABLE,STABILITY_SIGNAL,Gouvernance géopolitique et stabilité,YELLOW
BWA,2020,PHUM,DECLINING,DECLINE_SIGNAL,Capital humain,YELLOW
BWA,2020,PMIL,STABLE,STABILITY_SIGNAL,Résilience sécuritaire,YELLOW
BWA,2020,PMIN,STABLE,STABILITY_SIGNAL,Chaîne de valeur minière,YELLOW
BWA,2020,PMON,STABLE,STABILITY_SIGNAL,Résilience monétaire et financière,YELLOW
BWA,2020,PNUM,PROGRESSING,PROGRESSION_SIGNAL,Souveraineté numérique,YELLOW
BWA,2020,PRES,CRITICAL,DETERIORATION_ALERT,Certification énergie-eau,YELLOW
BWA,2020,PTRA,CRITICAL,DETERIORATION_ALERT,Transport et logistique,YELLOW
CAF,2020,PECO,DECLINING,DECLINE_SIGNAL,Diversification économique,YELLOW
CAF,2020,PENV,CRITICAL,DECLINE_SIGNAL,Résilience environnementale,YELLOW
CAF,2020,PGEO,STABLE,STABILITY_SIGNAL,Gouvernance géopolitique et stabilité,YELLOW
CAF,2020,PHUM,STABLE,STABILITY_SIGNAL,Capital humain,YELLOW
CAF,2020,PMIL,STABLE,STABILITY_SIGNAL,Résilience sécuritaire,YELLOW
CAF,2020,PMIN,STABLE,STABILITY_SIGNAL,Chaîne de valeur minière,YELLOW
CAF,2020,PMON,DECLINING,DETERIORATION_ALERT,Résilience monétaire et financière,YELLOW
CAF,2020,PNUM,STABLE,STABILITY_SIGNAL,Souveraineté numérique,YELLOW
CAF,2020,PRES,DECLINING,DETERIORATION_ALERT,Certification énergie-eau,YELLOW
CAF,2020,PTRA,DECLINING,DETERIORATION_ALERT,Transport et logistique,YELLOW
CIV,2020,PECO,DECLINING,DECLINE_SIGNAL,Diversification économique,YELLOW
CIV,2020,PENV,CRITICAL,DETERIORATION_ALERT,Résilience environnementale,YELLOW
CIV,2020,PGEO,STABLE,STABILITY_SIGNAL,Gouvernance géopolitique et stabilité,YELLOW
CIV,2020,PHUM,PROGRESSING,PROGRESSION_SIGNAL,Capital humain,YELLOW
CIV,2020,PMIL,DECLINING,DETERIORATION_ALERT,Résilience sécuritaire,YELLOW
CIV,2020,PMIN,PROGRESSING,PROGRESSION_SIGNAL,Chaîne de valeur minière,YELLOW
CIV,2020,PMON,DECLINING,DETERIORATION_ALERT,Résilience monétaire et financière,YELLOW
CIV,2020,PNUM,ACCELERATING,ACCELERATION_SIGNAL,Souveraineté numérique,YELLOW
CIV,2020,PRES,CRITICAL,DETERIORATION_ALERT,Certification énergie-eau,YELLOW
CIV,2020,PTRA,DECLINING,DETERIORATION_ALERT,Transport et logistique,YELLOW
CMR,2020,PECO,DECLINING,DECLINE_SIGNAL,Diversification économique,YELLOW
CMR,2020,PENV,CRITICAL,DETERIORATION_ALERT,Résilience environnementale,YELLOW
CMR,2020,PGEO,DECLINING,DECLINE_SIGNAL,Gouvernance géopolitique et stabilité,YELLOW
CMR,2020,PHUM,DECLINING,DECLINE_SIGNAL,Capital humain,YELLOW
CMR,2020,PMIL,PROGRESSING,PROGRESSION_SIGNAL,Résilience sécuritaire,YELLOW
CMR,2020,PMIN,PROGRESSING,PROGRESSION_SIGNAL,Chaîne de valeur minière,YELLOW
CMR,2020,PMON,CRITICAL,DECLINE_SIGNAL,Résilience monétaire et financière,YELLOW
CMR,2020,PNUM,STABLE,STABILITY_SIGNAL,Souveraineté numérique,YELLOW
CMR,2020,PRES,DECLINING,DETERIORATION_ALERT,Certification énergie-eau,YELLOW
CMR,2020,PTRA,DECLINING,DETERIORATION_ALERT,Transport et logistique,YELLOW
COD,2020,PECO,CRITICAL,DECLINE_SIGNAL,Diversification économique,YELLOW
COD,2020,PENV,CRITICAL,DECLINE_SIGNAL,Résilience environnementale,YELLOW
COD,2020,PGEO,STABLE,STABILITY_SIGNAL,Gouvernance géopolitique et stabilité,YELLOW
COD,2020,PHUM,DECLINING,DECLINE_SIGNAL,Capital humain,YELLOW
COD,2020,PMIL,ACCELERATING,PROGRESSION_SIGNAL,Résilience sécuritaire,YELLOW
COD,2020,PMIN,STABLE,STABILITY_SIGNAL,Chaîne de valeur minière,YELLOW
COD,2020,PMON,DECLINING,DETERIORATION_ALERT,Résilience monétaire et financière,YELLOW
COD,2020,PNUM,PROGRESSING,PROGRESSION_SIGNAL,Souveraineté numérique,YELLOW
COD,2020,PRES,STABLE,STABILITY_SIGNAL,Certification énergie-eau,YELLOW
COD,2020,PTRA,CRITICAL,DETERIORATION_ALERT,Transport et logistique,YELLOW
COG,2020,PECO,CRITICAL,DECLINE_SIGNAL,Diversification économique,YELLOW
COG,2020,PENV,CRITICAL,DETERIORATION_ALERT,Résilience environnementale,YELLOW
COG,2020,PGEO,STABLE,STABILITY_SIGNAL,Gouvernance géopolitique et stabilité,YELLOW
COG,2020,PHUM,CRITICAL,DECLINE_SIGNAL,Capital humain,YELLOW
COG,2020,PMIL,ACCELERATING,PROGRESSION_SIGNAL,Résilience sécuritaire,YELLOW
COG,2020,PMIN,PROGRESSING,PROGRESSION_SIGNAL,Chaîne de valeur minière,YELLOW
COG,2020,PMON,CRITICAL,DETERIORATION_ALERT,Résilience monétaire et financière,YELLOW
COG,2020,PNUM,STABLE,STABILITY_SIGNAL,Souveraineté numérique,YELLOW
COG,2020,PRES,STABLE,STABILITY_SIGNAL,Certification énergie-eau,YELLOW
COG,2020,PTRA,CRITICAL,DETERIORATION_ALERT,Transport et logistique,YELLOW
COM,2020,PECO,PROGRESSING,PROGRESSION_SIGNAL,Diversification économique,YELLOW
COM,2020,PENV,CRITICAL,DETERIORATION_ALERT,Résilience environnementale,YELLOW
COM,2020,PGEO,STABLE,STABILITY_SIGNAL,Gouvernance géopolitique et stabilité,YELLOW
COM,2020,PHUM,STABLE,STABILITY_SIGNAL,Capital humain,YELLOW
COM,2020,PMIL,STABLE,STABILITY_SIGNAL,Résilience sécuritaire,YELLOW
COM,2020,PMIN,STABLE,STABILITY_SIGNAL,Chaîne de valeur minière,YELLOW
COM,2020,PMON,STABLE,STABILITY_SIGNAL,Résilience monétaire et financière,YELLOW
COM,2020,PNUM,STABLE,STABILITY_SIGNAL,Souveraineté numérique,YELLOW
COM,2020,PRES,CRITICAL,DETERIORATION_ALERT,Certification énergie-eau,YELLOW
COM,2020,PTRA,CRITICAL,DETERIORATION_ALERT,Transport et logistique,YELLOW
CPV,2020,PECO,CRITICAL,DETERIORATION_ALERT,Diversification économique,YELLOW
CPV,2020,PENV,CRITICAL,DETERIORATION_ALERT,Résilience environnementale,YELLOW
CPV,2020,PGEO,STABLE,STABILITY_SIGNAL,Gouvernance géopolitique et stabilité,YELLOW
CPV,2020,PHUM,DECLINING,DECLINE_SIGNAL,Capital humain,YELLOW
CPV,2020,PMIL,DECLINING,DETERIORATION_ALERT,Résilience sécuritaire,YELLOW
CPV,2020,PMIN,STABLE,STABILITY_SIGNAL,Chaîne de valeur minière,YELLOW
CPV,2020,PMON,STABLE,STABILITY_SIGNAL,Résilience monétaire et financière,YELLOW
CPV,2020,PNUM,DECLINING,DETERIORATION_ALERT,Souveraineté numérique,YELLOW
CPV,2020,PRES,DECLINING,DETERIORATION_ALERT,Certification énergie-eau,YELLOW
CPV,2020,PTRA,CRITICAL,DETERIORATION_ALERT,Transport et logistique,YELLOW
DJI,2020,PECO,STABLE,STABILITY_SIGNAL,Diversification économique,YELLOW
DJI,2020,PENV,DECLINING,DETERIORATION_ALERT,Résilience environnementale,YELLOW
DJI,2020,PGEO,STABLE,STABILITY_SIGNAL,Gouvernance géopolitique et stabilité,YELLOW
DJI,2020,PHUM,DECLINING,DECLINE_SIGNAL,Capital humain,YELLOW
DJI,2020,PMIL,PROGRESSING,PROGRESSION_SIGNAL,Résilience sécuritaire,YELLOW
DJI,2020,PMIN,PROGRESSING,PROGRESSION_SIGNAL,Chaîne de valeur minière,YELLOW
DJI,2020,PMON,PROGRESSING,PROGRESSION_SIGNAL,Résilience monétaire et financière,YELLOW
DJI,2020,PNUM,STABLE,STABILITY_SIGNAL,Souveraineté numérique,YELLOW
DJI,2020,PRES,STABLE,STABILITY_SIGNAL,Certification énergie-eau,YELLOW
DJI,2020,PTRA,CRITICAL,DETERIORATION_ALERT,Transport et logistique,YELLOW
DZA,2020,PECO,CRITICAL,DECLINE_SIGNAL,Diversification économique,YELLOW
DZA,2020,PENV,DECLINING,DETERIORATION_ALERT,Résilience environnementale,YELLOW
DZA,2020,PGEO,STABLE,STABILITY_SIGNAL,Gouvernance géopolitique et stabilité,YELLOW
DZA,2020,PHUM,DECLINING,DECLINE_SIGNAL,Capital humain,YELLOW
DZA,2020,PMIL,ACCELERATING,ACCELERATION_SIGNAL,Résilience sécuritaire,YELLOW
DZA,2020,PMIN,PROGRESSING,PROGRESSION_SIGNAL,Chaîne de valeur minière,YELLOW
DZA,2020,PMON,PROGRESSING,PROGRESSION_SIGNAL,Résilience monétaire et financière,YELLOW
DZA,2020,PNUM,PROGRESSING,PROGRESSION_SIGNAL,Souveraineté numérique,YELLOW
DZA,2020,PRES,CRITICAL,DETERIORATION_ALERT,Certification énergie-eau,YELLOW
DZA,2020,PTRA,CRITICAL,DETERIORATION_ALERT,Transport et logistique,YELLOW
EGY,2020,PECO,CRITICAL,DETERIORATION_ALERT,Diversification économique,YELLOW
EGY,2020,PENV,CRITICAL,DETERIORATION_ALERT,Résilience environnementale,YELLOW
EGY,2020,PGEO,DECLINING,DECLINE_SIGNAL,Gouvernance géopolitique et stabilité,YELLOW
EGY,2020,PHUM,STABLE,STABILITY_SIGNAL,Capital humain,YELLOW
EGY,2020,PMIL,DECLINING,DECLINE_SIGNAL,Résilience sécuritaire,YELLOW
EGY,2020,PMIN,ACCELERATING,ACCELERATION_SIGNAL,Chaîne de valeur minière,YELLOW
EGY,2020,PMON,CRITICAL,DECLINE_SIGNAL,Résilience monétaire et financière,YELLOW
EGY,2020,PNUM,PROGRESSING,PROGRESSION_SIGNAL,Souveraineté numérique,YELLOW
EGY,2020,PRES,CRITICAL,DETERIORATION_ALERT,Certification énergie-eau,YELLOW
EGY,2020,PTRA,CRITICAL,DECLINE_SIGNAL,Transport et logistique,YELLOW
ERI,2020,PECO,CRITICAL,DECLINE_SIGNAL,Diversification économique,YELLOW
ERI,2020,PENV,CRITICAL,DETERIORATION_ALERT,Résilience environnementale,YELLOW
ERI,2020,PGEO,STABLE,STABILITY_SIGNAL,Gouvernance géopolitique et stabilité,YELLOW
ERI,2020,PHUM,CRITICAL,DETERIORATION_ALERT,Capital humain,YELLOW
ERI,2020,PMIL,ACCELERATING,PROGRESSION_SIGNAL,Résilience sécuritaire,YELLOW
ERI,2020,PMIN,ACCELERATING,PROGRESSION_SIGNAL,Chaîne de valeur minière,YELLOW
ERI,2020,PMON,STABLE,STABILITY_SIGNAL,Résilience monétaire et financière,YELLOW
ERI,2020,PNUM,PROGRESSING,PROGRESSION_SIGNAL,Souveraineté numérique,YELLOW
ERI,2020,PRES,PROGRESSING,PROGRESSION_SIGNAL,Certification énergie-eau,YELLOW
ERI,2020,PTRA,STABLE,STABILITY_SIGNAL,Transport et logistique,YELLOW
ETH,2020,PECO,ACCELERATING,PROGRESSION_SIGNAL,Diversification économique,YELLOW
ETH,2020,PENV,CRITICAL,DECLINE_SIGNAL,Résilience environnementale,YELLOW
ETH,2020,PGEO,DECLINING,DECLINE_SIGNAL,Gouvernance géopolitique et stabilité,YELLOW
ETH,2020,PHUM,DECLINING,DECLINE_SIGNAL,Capital humain,YELLOW
ETH,2020,PMIL,ACCELERATING,PROGRESSION_SIGNAL,Résilience sécuritaire,YELLOW
ETH,2020,PMIN,STABLE,STABILITY_SIGNAL,Chaîne de valeur minière,YELLOW
ETH,2020,PMON,DECLINING,DECLINE_SIGNAL,Résilience monétaire et financière,YELLOW
ETH,2020,PNUM,PROGRESSING,PROGRESSION_SIGNAL,Souveraineté numérique,YELLOW
ETH,2020,PRES,DECLINING,DECLINE_SIGNAL,Certification énergie-eau,YELLOW
ETH,2020,PTRA,CRITICAL,DECLINE_SIGNAL,Transport et logistique,YELLOW
GAB,2020,PECO,STABLE,STABILITY_SIGNAL,Diversification économique,YELLOW
GAB,2020,PENV,CRITICAL,DETERIORATION_ALERT,Résilience environnementale,YELLOW
GAB,2020,PGEO,STABLE,STABILITY_SIGNAL,Gouvernance géopolitique et stabilité,YELLOW
GAB,2020,PHUM,STABLE,STABILITY_SIGNAL,Capital humain,YELLOW
GAB,2020,PMIL,STABLE,STABILITY_SIGNAL,Résilience sécuritaire,YELLOW
GAB,2020,PMIN,PROGRESSING,PROGRESSION_SIGNAL,Chaîne de valeur minière,YELLOW
GAB,2020,PMON,CRITICAL,DECLINE_SIGNAL,Résilience monétaire et financière,YELLOW
GAB,2020,PNUM,STABLE,STABILITY_SIGNAL,Souveraineté numérique,YELLOW
GAB,2020,PRES,CRITICAL,DECLINE_SIGNAL,Certification énergie-eau,YELLOW
GAB,2020,PTRA,CRITICAL,DETERIORATION_ALERT,Transport et logistique,YELLOW
GHA,2020,PECO,CRITICAL,DECLINE_SIGNAL,Diversification économique,YELLOW
GHA,2020,PENV,CRITICAL,DETERIORATION_ALERT,Résilience environnementale,YELLOW
GHA,2020,PGEO,DECLINING,DECLINE_SIGNAL,Gouvernance géopolitique et stabilité,YELLOW
GHA,2020,PHUM,STABLE,STABILITY_SIGNAL,Capital humain,YELLOW
GHA,2020,PMIL,DECLINING,DETERIORATION_ALERT,Résilience sécuritaire,YELLOW
GHA,2020,PMIN,STABLE,STABILITY_SIGNAL,Chaîne de valeur minière,YELLOW
GHA,2020,PMON,STABLE,STABILITY_SIGNAL,Résilience monétaire et financière,YELLOW
GHA,2020,PNUM,ACCELERATING,ACCELERATION_SIGNAL,Souveraineté numérique,YELLOW
GHA,2020,PRES,CRITICAL,DETERIORATION_ALERT,Certification énergie-eau,YELLOW
GHA,2020,PTRA,CRITICAL,DECLINE_SIGNAL,Transport et logistique,YELLOW
GIN,2020,PECO,STABLE,STABILITY_SIGNAL,Diversification économique,YELLOW
GIN,2020,PENV,DECLINING,DECLINE_SIGNAL,Résilience environnementale,YELLOW
GIN,2020,PGEO,STABLE,STABILITY_SIGNAL,Gouvernance géopolitique et stabilité,YELLOW
GIN,2020,PHUM,STABLE,STABILITY_SIGNAL,Capital humain,YELLOW
GIN,2020,PMIL,PROGRESSING,PROGRESSION_SIGNAL,Résilience sécuritaire,YELLOW
GIN,2020,PMIN,ACCELERATING,ACCELERATION_SIGNAL,Chaîne de valeur minière,YELLOW
GIN,2020,PMON,PROGRESSING,PROGRESSION_SIGNAL,Résilience monétaire et financière,YELLOW
GIN,2020,PNUM,STABLE,STABILITY_SIGNAL,Souveraineté numérique,YELLOW
GIN,2020,PRES,STABLE,STABILITY_SIGNAL,Certification énergie-eau,YELLOW
GIN,2020,PTRA,CRITICAL,DETERIORATION_ALERT,Transport et logistique,YELLOW
GMB,2020,PECO,STABLE,STABILITY_SIGNAL,Diversification économique,YELLOW
GMB,2020,PENV,CRITICAL,DETERIORATION_ALERT,Résilience environnementale,YELLOW
GMB,2020,PGEO,DECLINING,DECLINE_SIGNAL,Gouvernance géopolitique et stabilité,YELLOW
GMB,2020,PHUM,CRITICAL,DECLINE_SIGNAL,Capital humain,YELLOW
GMB,2020,PMIL,STABLE,STABILITY_SIGNAL,Résilience sécuritaire,YELLOW
GMB,2020,PMIN,STABLE,STABILITY_SIGNAL,Chaîne de valeur minière,YELLOW
GMB,2020,PMON,PROGRESSING,PROGRESSION_SIGNAL,Résilience monétaire et financière,YELLOW
GMB,2020,PNUM,STABLE,STABILITY_SIGNAL,Souveraineté numérique,YELLOW
GMB,2020,PRES,CRITICAL,DETERIORATION_ALERT,Certification énergie-eau,YELLOW
GMB,2020,PTRA,CRITICAL,DETERIORATION_ALERT,Transport et logistique,YELLOW
GNB,2020,PECO,ACCELERATING,PROGRESSION_SIGNAL,Diversification économique,YELLOW
GNB,2020,PENV,CRITICAL,DETERIORATION_ALERT,Résilience environnementale,YELLOW
GNB,2020,PGEO,STABLE,STABILITY_SIGNAL,Gouvernance géopolitique et stabilité,YELLOW
GNB,2020,PHUM,STABLE,STABILITY_SIGNAL,Capital humain,YELLOW
GNB,2020,PMIL,CRITICAL,DETERIORATION_ALERT,Résilience sécuritaire,YELLOW
GNB,2020,PMIN,ACCELERATING,PROGRESSION_SIGNAL,Chaîne de valeur minière,YELLOW
GNB,2020,PMON,CRITICAL,DETERIORATION_ALERT,Résilience monétaire et financière,YELLOW
GNB,2020,PNUM,ACCELERATING,PROGRESSION_SIGNAL,Souveraineté numérique,YELLOW
GNB,2020,PRES,DECLINING,DETERIORATION_ALERT,Certification énergie-eau,YELLOW
GNB,2020,PTRA,CRITICAL,DETERIORATION_ALERT,Transport et logistique,YELLOW
GNQ,2020,PECO,CRITICAL,DECLINE_SIGNAL,Diversification économique,YELLOW
GNQ,2020,PENV,CRITICAL,DETERIORATION_ALERT,Résilience environnementale,YELLOW
GNQ,2020,PGEO,STABLE,STABILITY_SIGNAL,Gouvernance géopolitique et stabilité,YELLOW
GNQ,2020,PHUM,PROGRESSING,PROGRESSION_SIGNAL,Capital humain,YELLOW
GNQ,2020,PMIL,ACCELERATING,PROGRESSION_SIGNAL,Résilience sécuritaire,YELLOW
GNQ,2020,PMIN,STABLE,STABILITY_SIGNAL,Chaîne de valeur minière,YELLOW
GNQ,2020,PMON,CRITICAL,DETERIORATION_ALERT,Résilience monétaire et financière,YELLOW
GNQ,2020,PNUM,DECLINING,DETERIORATION_ALERT,Souveraineté numérique,YELLOW
GNQ,2020,PRES,CRITICAL,DETERIORATION_ALERT,Certification énergie-eau,YELLOW
GNQ,2020,PTRA,CRITICAL,DETERIORATION_ALERT,Transport et logistique,YELLOW
KEN,2020,PECO,PROGRESSING,PROGRESSION_SIGNAL,Diversification économique,YELLOW
KEN,2020,PENV,DECLINING,DECLINE_SIGNAL,Résilience environnementale,YELLOW
KEN,2020,PGEO,STABLE,STABILITY_SIGNAL,Gouvernance géopolitique et stabilité,YELLOW
KEN,2020,PHUM,PROGRESSING,PROGRESSION_SIGNAL,Capital humain,YELLOW
KEN,2020,PMIL,STABLE,STABILITY_SIGNAL,Résilience sécuritaire,YELLOW
KEN,2020,PMIN,ACCELERATING,ACCELERATION_SIGNAL,Chaîne de valeur minière,YELLOW
KEN,2020,PMON,STABLE,STABILITY_SIGNAL,Résilience monétaire et financière,YELLOW
KEN,2020,PNUM,ACCELERATING,ACCELERATION_SIGNAL,Souveraineté numérique,YELLOW
KEN,2020,PRES,STABLE,STABILITY_SIGNAL,Certification énergie-eau,YELLOW
KEN,2020,PTRA,DECLINING,DETERIORATION_ALERT,Transport et logistique,YELLOW
LBR,2020,PECO,DECLINING,DECLINE_SIGNAL,Diversification économique,YELLOW
LBR,2020,PENV,CRITICAL,DECLINE_SIGNAL,Résilience environnementale,YELLOW
LBR,2020,PGEO,STABLE,STABILITY_SIGNAL,Gouvernance géopolitique et stabilité,YELLOW
LBR,2020,PHUM,DECLINING,DECLINE_SIGNAL,Capital humain,YELLOW
LBR,2020,PMIL,CRITICAL,DETERIORATION_ALERT,Résilience sécuritaire,YELLOW
LBR,2020,PMIN,PROGRESSING,PROGRESSION_SIGNAL,Chaîne de valeur minière,YELLOW
LBR,2020,PMON,DECLINING,DETERIORATION_ALERT,Résilience monétaire et financière,YELLOW
LBR,2020,PNUM,DECLINING,DETERIORATION_ALERT,Souveraineté numérique,YELLOW
LBR,2020,PRES,ACCELERATING,ACCELERATION_SIGNAL,Certification énergie-eau,YELLOW
LBR,2020,PTRA,CRITICAL,DETERIORATION_ALERT,Transport et logistique,YELLOW
LBY,2020,PECO,DECLINING,DECLINE_SIGNAL,Diversification économique,YELLOW
LBY,2020,PENV,DECLINING,DETERIORATION_ALERT,Résilience environnementale,YELLOW
LBY,2020,PGEO,STABLE,STABILITY_SIGNAL,Gouvernance géopolitique et stabilité,YELLOW
LBY,2020,PHUM,DECLINING,DECLINE_SIGNAL,Capital humain,YELLOW
LBY,2020,PMIL,CRITICAL,DETERIORATION_ALERT,Résilience sécuritaire,YELLOW
LBY,2020,PMIN,STABLE,STABILITY_SIGNAL,Chaîne de valeur minière,YELLOW
LBY,2020,PMON,CRITICAL,DECLINE_SIGNAL,Résilience monétaire et financière,YELLOW
LBY,2020,PNUM,DECLINING,DECLINE_SIGNAL,Souveraineté numérique,YELLOW
LBY,2020,PRES,CRITICAL,DETERIORATION_ALERT,Certification énergie-eau,YELLOW
LBY,2020,PTRA,CRITICAL,DETERIORATION_ALERT,Transport et logistique,YELLOW
LSO,2020,PECO,PROGRESSING,PROGRESSION_SIGNAL,Diversification économique,YELLOW
LSO,2020,PENV,DECLINING,DECLINE_SIGNAL,Résilience environnementale,YELLOW
LSO,2020,PGEO,STABLE,STABILITY_SIGNAL,Gouvernance géopolitique et stabilité,YELLOW
LSO,2020,PHUM,DECLINING,DECLINE_SIGNAL,Capital humain,YELLOW
LSO,2020,PMIL,CRITICAL,DETERIORATION_ALERT,Résilience sécuritaire,YELLOW
LSO,2020,PMIN,STABLE,STABILITY_SIGNAL,Chaîne de valeur minière,YELLOW
LSO,2020,PMON,DECLINING,DECLINE_SIGNAL,Résilience monétaire et financière,YELLOW
LSO,2020,PNUM,STABLE,STABILITY_SIGNAL,Souveraineté numérique,YELLOW
LSO,2020,PRES,DECLINING,DETERIORATION_ALERT,Certification énergie-eau,YELLOW
LSO,2020,PTRA,DECLINING,DETERIORATION_ALERT,Transport et logistique,YELLOW
MAR,2020,PECO,DECLINING,DECLINE_SIGNAL,Diversification économique,YELLOW
MAR,2020,PENV,CRITICAL,DETERIORATION_ALERT,Résilience environnementale,YELLOW
MAR,2020,PGEO,DECLINING,DECLINE_SIGNAL,Gouvernance géopolitique et stabilité,YELLOW
MAR,2020,PHUM,DECLINING,DECLINE_SIGNAL,Capital humain,YELLOW
MAR,2020,PMIL,PROGRESSING,PROGRESSION_SIGNAL,Résilience sécuritaire,YELLOW
MAR,2020,PMIN,DECLINING,DECLINE_SIGNAL,Chaîne de valeur minière,YELLOW
MAR,2020,PMON,STABLE,STABILITY_SIGNAL,Résilience monétaire et financière,YELLOW
MAR,2020,PNUM,ACCELERATING,ACCELERATION_SIGNAL,Souveraineté numérique,YELLOW
MAR,2020,PRES,CRITICAL,DETERIORATION_ALERT,Certification énergie-eau,YELLOW
MAR,2020,PTRA,STABLE,STABILITY_SIGNAL,Transport et logistique,YELLOW
MDG,2020,PECO,STABLE,STABILITY_SIGNAL,Diversification économique,YELLOW
MDG,2020,PENV,CRITICAL,DETERIORATION_ALERT,Résilience environnementale,YELLOW
MDG,2020,PGEO,STABLE,STABILITY_SIGNAL,Gouvernance géopolitique et stabilité,YELLOW
MDG,2020,PHUM,DECLINING,DECLINE_SIGNAL,Capital humain,YELLOW
MDG,2020,PMIL,ACCELERATING,PROGRESSION_SIGNAL,Résilience sécuritaire,YELLOW
MDG,2020,PMIN,ACCELERATING,ACCELERATION_SIGNAL,Chaîne de valeur minière,YELLOW
MDG,2020,PMON,PROGRESSING,PROGRESSION_SIGNAL,Résilience monétaire et financière,YELLOW
MDG,2020,PNUM,PROGRESSING,PROGRESSION_SIGNAL,Souveraineté numérique,YELLOW
MDG,2020,PRES,CRITICAL,DETERIORATION_ALERT,Certification énergie-eau,YELLOW
MDG,2020,PTRA,CRITICAL,DETERIORATION_ALERT,Transport et logistique,YELLOW
MLI,2020,PECO,CRITICAL,DECLINE_SIGNAL,Diversification économique,YELLOW
MLI,2020,PENV,DECLINING,DETERIORATION_ALERT,Résilience environnementale,YELLOW
MLI,2020,PGEO,DECLINING,DECLINE_SIGNAL,Gouvernance géopolitique et stabilité,YELLOW
MLI,2020,PHUM,PROGRESSING,PROGRESSION_SIGNAL,Capital humain,YELLOW
MLI,2020,PMIL,ACCELERATING,PROGRESSION_SIGNAL,Résilience sécuritaire,YELLOW
MLI,2020,PMIN,STABLE,STABILITY_SIGNAL,Chaîne de valeur minière,YELLOW
MLI,2020,PMON,DECLINING,DETERIORATION_ALERT,Résilience monétaire et financière,YELLOW
MLI,2020,PNUM,STABLE,STABILITY_SIGNAL,Souveraineté numérique,YELLOW
MLI,2020,PRES,PROGRESSING,PROGRESSION_SIGNAL,Certification énergie-eau,YELLOW
MLI,2020,PTRA,CRITICAL,DETERIORATION_ALERT,Transport et logistique,YELLOW
MOZ,2020,PECO,STABLE,STABILITY_SIGNAL,Diversification économique,YELLOW
MOZ,2020,PENV,CRITICAL,DECLINE_SIGNAL,Résilience environnementale,YELLOW
MOZ,2020,PGEO,STABLE,STABILITY_SIGNAL,Gouvernance géopolitique et stabilité,YELLOW
MOZ,2020,PHUM,PROGRESSING,PROGRESSION_SIGNAL,Capital humain,YELLOW
MOZ,2020,PMIL,STABLE,STABILITY_SIGNAL,Résilience sécuritaire,YELLOW
MOZ,2020,PMIN,DECLINING,DECLINE_SIGNAL,Chaîne de valeur minière,YELLOW
MOZ,2020,PMON,PROGRESSING,PROGRESSION_SIGNAL,Résilience monétaire et financière,YELLOW
MOZ,2020,PNUM,STABLE,STABILITY_SIGNAL,Souveraineté numérique,YELLOW
MOZ,2020,PRES,DECLINING,DETERIORATION_ALERT,Certification énergie-eau,YELLOW
MOZ,2020,PTRA,DECLINING,DETERIORATION_ALERT,Transport et logistique,YELLOW
MRT,2020,PECO,DECLINING,DECLINE_SIGNAL,Diversification économique,YELLOW
MRT,2020,PENV,STABLE,STABILITY_SIGNAL,Résilience environnementale,YELLOW
MRT,2020,PGEO,STABLE,STABILITY_SIGNAL,Gouvernance géopolitique et stabilité,YELLOW
MRT,2020,PHUM,DECLINING,DECLINE_SIGNAL,Capital humain,YELLOW
MRT,2020,PMIL,ACCELERATING,PROGRESSION_SIGNAL,Résilience sécuritaire,YELLOW
MRT,2020,PMIN,PROGRESSING,PROGRESSION_SIGNAL,Chaîne de valeur minière,YELLOW
MRT,2020,PMON,DECLINING,DETERIORATION_ALERT,Résilience monétaire et financière,YELLOW
MRT,2020,PNUM,STABLE,STABILITY_SIGNAL,Souveraineté numérique,YELLOW
MRT,2020,PRES,CRITICAL,DETERIORATION_ALERT,Certification énergie-eau,YELLOW
MRT,2020,PTRA,CRITICAL,DETERIORATION_ALERT,Transport et logistique,YELLOW
MUS,2020,PECO,STABLE,STABILITY_SIGNAL,Diversification économique,YELLOW
MUS,2020,PENV,CRITICAL,DETERIORATION_ALERT,Résilience environnementale,YELLOW
MUS,2020,PGEO,STABLE,STABILITY_SIGNAL,Gouvernance géopolitique et stabilité,YELLOW
MUS,2020,PHUM,CRITICAL,DECLINE_SIGNAL,Capital humain,YELLOW
MUS,2020,PMIL,DECLINING,DETERIORATION_ALERT,Résilience sécuritaire,YELLOW
MUS,2020,PMIN,STABLE,STABILITY_SIGNAL,Chaîne de valeur minière,YELLOW
MUS,2020,PMON,PROGRESSING,PROGRESSION_SIGNAL,Résilience monétaire et financière,YELLOW
MUS,2020,PNUM,PROGRESSING,PROGRESSION_SIGNAL,Souveraineté numérique,YELLOW
MUS,2020,PRES,CRITICAL,DETERIORATION_ALERT,Certification énergie-eau,YELLOW
MUS,2020,PTRA,CRITICAL,DETERIORATION_ALERT,Transport et logistique,YELLOW
MWI,2020,PECO,CRITICAL,DECLINE_SIGNAL,Diversification économique,YELLOW
MWI,2020,PENV,CRITICAL,DECLINE_SIGNAL,Résilience environnementale,YELLOW
MWI,2020,PGEO,DECLINING,DECLINE_SIGNAL,Gouvernance géopolitique et stabilité,YELLOW
MWI,2020,PHUM,DECLINING,DECLINE_SIGNAL,Capital humain,YELLOW
MWI,2020,PMIL,STABLE,STABILITY_SIGNAL,Résilience sécuritaire,YELLOW
MWI,2020,PMIN,STABLE,STABILITY_SIGNAL,Chaîne de valeur minière,YELLOW
MWI,2020,PMON,DECLINING,DETERIORATION_ALERT,Résilience monétaire et financière,YELLOW
MWI,2020,PNUM,PROGRESSING,PROGRESSION_SIGNAL,Souveraineté numérique,YELLOW
MWI,2020,PRES,DECLINING,DETERIORATION_ALERT,Certification énergie-eau,YELLOW
MWI,2020,PTRA,CRITICAL,DETERIORATION_ALERT,Transport et logistique,YELLOW
NAM,2020,PECO,STABLE,STABILITY_SIGNAL,Diversification économique,YELLOW
NAM,2020,PENV,CRITICAL,DECLINE_SIGNAL,Résilience environnementale,YELLOW
NAM,2020,PGEO,STABLE,STABILITY_SIGNAL,Gouvernance géopolitique et stabilité,YELLOW
NAM,2020,PHUM,STABLE,STABILITY_SIGNAL,Capital humain,YELLOW
NAM,2020,PMIL,PROGRESSING,PROGRESSION_SIGNAL,Résilience sécuritaire,YELLOW
NAM,2020,PMIN,DECLINING,DECLINE_SIGNAL,Chaîne de valeur minière,YELLOW
NAM,2020,PMON,CRITICAL,DECLINE_SIGNAL,Résilience monétaire et financière,YELLOW
NAM,2020,PNUM,PROGRESSING,PROGRESSION_SIGNAL,Souveraineté numérique,YELLOW
NAM,2020,PRES,CRITICAL,DETERIORATION_ALERT,Certification énergie-eau,YELLOW
NAM,2020,PTRA,CRITICAL,DETERIORATION_ALERT,Transport et logistique,YELLOW
NER,2020,PECO,DECLINING,DECLINE_SIGNAL,Diversification économique,YELLOW
NER,2020,PENV,DECLINING,DETERIORATION_ALERT,Résilience environnementale,YELLOW
NER,2020,PGEO,DECLINING,DECLINE_SIGNAL,Gouvernance géopolitique et stabilité,YELLOW
NER,2020,PHUM,STABLE,STABILITY_SIGNAL,Capital humain,YELLOW
NER,2020,PMIL,DECLINING,DETERIORATION_ALERT,Résilience sécuritaire,YELLOW
NER,2020,PMIN,DECLINING,DECLINE_SIGNAL,Chaîne de valeur minière,YELLOW
NER,2020,PMON,DECLINING,DETERIORATION_ALERT,Résilience monétaire et financière,YELLOW
NER,2020,PNUM,PROGRESSING,PROGRESSION_SIGNAL,Souveraineté numérique,YELLOW
NER,2020,PRES,PROGRESSING,PROGRESSION_SIGNAL,Certification énergie-eau,YELLOW
NER,2020,PTRA,DECLINING,DETERIORATION_ALERT,Transport et logistique,YELLOW
NGA,2020,PECO,CRITICAL,DECLINE_SIGNAL,Diversification économique,YELLOW
NGA,2020,PENV,CRITICAL,DETERIORATION_ALERT,Résilience environnementale,YELLOW
NGA,2020,PGEO,DECLINING,DECLINE_SIGNAL,Gouvernance géopolitique et stabilité,YELLOW
NGA,2020,PHUM,CRITICAL,DECLINE_SIGNAL,Capital humain,YELLOW
NGA,2020,PMIL,ACCELERATING,PROGRESSION_SIGNAL,Résilience sécuritaire,YELLOW
NGA,2020,PMIN,PROGRESSING,PROGRESSION_SIGNAL,Chaîne de valeur minière,YELLOW
NGA,2020,PMON,DECLINING,DETERIORATION_ALERT,Résilience monétaire et financière,YELLOW
NGA,2020,PNUM,STABLE,STABILITY_SIGNAL,Souveraineté numérique,YELLOW
NGA,2020,PRES,DECLINING,DECLINE_SIGNAL,Certification énergie-eau,YELLOW
NGA,2020,PTRA,CRITICAL,DETERIORATION_ALERT,Transport et logistique,YELLOW
RWA,2020,PECO,PROGRESSING,PROGRESSION_SIGNAL,Diversification économique,YELLOW
RWA,2020,PENV,CRITICAL,DETERIORATION_ALERT,Résilience environnementale,YELLOW
RWA,2020,PGEO,STABLE,STABILITY_SIGNAL,Gouvernance géopolitique et stabilité,YELLOW
RWA,2020,PHUM,STABLE,STABILITY_SIGNAL,Capital humain,YELLOW
RWA,2020,PMIL,PROGRESSING,PROGRESSION_SIGNAL,Résilience sécuritaire,YELLOW
RWA,2020,PMIN,PROGRESSING,PROGRESSION_SIGNAL,Chaîne de valeur minière,YELLOW
RWA,2020,PMON,PROGRESSING,PROGRESSION_SIGNAL,Résilience monétaire et financière,YELLOW
RWA,2020,PNUM,PROGRESSING,PROGRESSION_SIGNAL,Souveraineté numérique,YELLOW
RWA,2020,PRES,CRITICAL,DETERIORATION_ALERT,Certification énergie-eau,YELLOW
RWA,2020,PTRA,CRITICAL,DETERIORATION_ALERT,Transport et logistique,YELLOW
SDN,2020,PECO,CRITICAL,DETERIORATION_ALERT,Diversification économique,YELLOW
SDN,2020,PENV,CRITICAL,DECLINE_SIGNAL,Résilience environnementale,YELLOW
SDN,2020,PGEO,STABLE,STABILITY_SIGNAL,Gouvernance géopolitique et stabilité,YELLOW
SDN,2020,PHUM,DECLINING,DECLINE_SIGNAL,Capital humain,YELLOW
SDN,2020,PMIL,STABLE,STABILITY_SIGNAL,Résilience sécuritaire,YELLOW
SDN,2020,PMIN,DECLINING,DECLINE_SIGNAL,Chaîne de valeur minière,YELLOW
SDN,2020,PMON,CRITICAL,DETERIORATION_ALERT,Résilience monétaire et financière,YELLOW
SDN,2020,PNUM,DECLINING,DETERIORATION_ALERT,Souveraineté numérique,YELLOW
SDN,2020,PRES,ACCELERATING,ACCELERATION_SIGNAL,Certification énergie-eau,YELLOW
SDN,2020,PTRA,CRITICAL,DETERIORATION_ALERT,Transport et logistique,YELLOW
SEN,2020,PECO,ACCELERATING,PROGRESSION_SIGNAL,Diversification économique,YELLOW
SEN,2020,PENV,CRITICAL,DETERIORATION_ALERT,Résilience environnementale,YELLOW
SEN,2020,PGEO,STABLE,STABILITY_SIGNAL,Gouvernance géopolitique et stabilité,YELLOW
SEN,2020,PHUM,STABLE,STABILITY_SIGNAL,Capital humain,YELLOW
SEN,2020,PMIL,PROGRESSING,PROGRESSION_SIGNAL,Résilience sécuritaire,YELLOW
SEN,2020,PMIN,ACCELERATING,ACCELERATION_SIGNAL,Chaîne de valeur minière,YELLOW
SEN,2020,PMON,DECLINING,DETERIORATION_ALERT,Résilience monétaire et financière,YELLOW
SEN,2020,PNUM,PROGRESSING,PROGRESSION_SIGNAL,Souveraineté numérique,YELLOW
SEN,2020,PRES,CRITICAL,DETERIORATION_ALERT,Certification énergie-eau,YELLOW
SEN,2020,PTRA,DECLINING,DETERIORATION_ALERT,Transport et logistique,YELLOW
SLE,2020,PECO,STABLE,STABILITY_SIGNAL,Diversification économique,YELLOW
SLE,2020,PENV,CRITICAL,DECLINE_SIGNAL,Résilience environnementale,YELLOW
SLE,2020,PGEO,STABLE,STABILITY_SIGNAL,Gouvernance géopolitique et stabilité,YELLOW
SLE,2020,PHUM,STABLE,STABILITY_SIGNAL,Capital humain,YELLOW
SLE,2020,PMIL,DECLINING,DETERIORATION_ALERT,Résilience sécuritaire,YELLOW
SLE,2020,PMIN,STABLE,STABILITY_SIGNAL,Chaîne de valeur minière,YELLOW
SLE,2020,PMON,ACCELERATING,PROGRESSION_SIGNAL,Résilience monétaire et financière,YELLOW
SLE,2020,PNUM,PROGRESSING,PROGRESSION_SIGNAL,Souveraineté numérique,YELLOW
SLE,2020,PRES,STABLE,STABILITY_SIGNAL,Certification énergie-eau,YELLOW
SLE,2020,PTRA,CRITICAL,DETERIORATION_ALERT,Transport et logistique,YELLOW
SOM,2020,PECO,PROGRESSING,PROGRESSION_SIGNAL,Diversification économique,YELLOW
SOM,2020,PENV,CRITICAL,DETERIORATION_ALERT,Résilience environnementale,YELLOW
SOM,2020,PGEO,STABLE,STABILITY_SIGNAL,Gouvernance géopolitique et stabilité,YELLOW
SOM,2020,PHUM,PROGRESSING,PROGRESSION_SIGNAL,Capital humain,YELLOW
SOM,2020,PMIL,ACCELERATING,ACCELERATION_SIGNAL,Résilience sécuritaire,YELLOW
SOM,2020,PMIN,PROGRESSING,PROGRESSION_SIGNAL,Chaîne de valeur minière,YELLOW
SOM,2020,PMON,PROGRESSING,PROGRESSION_SIGNAL,Résilience monétaire et financière,YELLOW
SOM,2020,PNUM,ACCELERATING,PROGRESSION_SIGNAL,Souveraineté numérique,YELLOW
SOM,2020,PRES,DECLINING,DETERIORATION_ALERT,Certification énergie-eau,YELLOW
SOM,2020,PTRA,DECLINING,DETERIORATION_ALERT,Transport et logistique,YELLOW
SSD,2020,PECO,ACCELERATING,PROGRESSION_SIGNAL,Diversification économique,YELLOW
SSD,2020,PENV,DECLINING,DETERIORATION_ALERT,Résilience environnementale,YELLOW
SSD,2020,PGEO,STABLE,STABILITY_SIGNAL,Gouvernance géopolitique et stabilité,YELLOW
SSD,2020,PHUM,PROGRESSING,PROGRESSION_SIGNAL,Capital humain,YELLOW
SSD,2020,PMIL,STABLE,STABILITY_SIGNAL,Résilience sécuritaire,YELLOW
SSD,2020,PMIN,STABLE,STABILITY_SIGNAL,Chaîne de valeur minière,YELLOW
SSD,2020,PMON,PROGRESSING,PROGRESSION_SIGNAL,Résilience monétaire et financière,YELLOW
SSD,2020,PNUM,PROGRESSING,PROGRESSION_SIGNAL,Souveraineté numérique,YELLOW
SSD,2020,PRES,DECLINING,DETERIORATION_ALERT,Certification énergie-eau,YELLOW
SSD,2020,PTRA,PROGRESSING,PROGRESSION_SIGNAL,Transport et logistique,YELLOW
STP,2020,PECO,CRITICAL,DETERIORATION_ALERT,Diversification économique,YELLOW
STP,2020,PENV,CRITICAL,DETERIORATION_ALERT,Résilience environnementale,YELLOW
STP,2020,PGEO,STABLE,STABILITY_SIGNAL,Gouvernance géopolitique et stabilité,YELLOW
STP,2020,PHUM,CRITICAL,DECLINE_SIGNAL,Capital humain,YELLOW
STP,2020,PMIL,DECLINING,DETERIORATION_ALERT,Résilience sécuritaire,YELLOW
STP,2020,PMIN,STABLE,STABILITY_SIGNAL,Chaîne de valeur minière,YELLOW
STP,2020,PMON,DECLINING,DETERIORATION_ALERT,Résilience monétaire et financière,YELLOW
STP,2020,PNUM,DECLINING,DETERIORATION_ALERT,Souveraineté numérique,YELLOW
STP,2020,PRES,CRITICAL,DETERIORATION_ALERT,Certification énergie-eau,YELLOW
STP,2020,PTRA,PROGRESSING,PROGRESSION_SIGNAL,Transport et logistique,YELLOW
SWZ,2020,PECO,DECLINING,DECLINE_SIGNAL,Diversification économique,YELLOW
SWZ,2020,PENV,CRITICAL,DECLINE_SIGNAL,Résilience environnementale,YELLOW
SWZ,2020,PGEO,STABLE,STABILITY_SIGNAL,Gouvernance géopolitique et stabilité,YELLOW
SWZ,2020,PHUM,DECLINING,DECLINE_SIGNAL,Capital humain,YELLOW
SWZ,2020,PMIL,CRITICAL,DETERIORATION_ALERT,Résilience sécuritaire,YELLOW
SWZ,2020,PMIN,DECLINING,DETERIORATION_ALERT,Chaîne de valeur minière,YELLOW
SWZ,2020,PMON,DECLINING,DETERIORATION_ALERT,Résilience monétaire et financière,YELLOW
SWZ,2020,PNUM,STABLE,STABILITY_SIGNAL,Souveraineté numérique,YELLOW
SWZ,2020,PRES,DECLINING,DETERIORATION_ALERT,Certification énergie-eau,YELLOW
SWZ,2020,PTRA,PROGRESSING,PROGRESSION_SIGNAL,Transport et logistique,YELLOW
SYC,2020,PECO,CRITICAL,DECLINE_SIGNAL,Diversification économique,YELLOW
SYC,2020,PENV,DECLINING,DETERIORATION_ALERT,Résilience environnementale,YELLOW
SYC,2020,PGEO,STABLE,STABILITY_SIGNAL,Gouvernance géopolitique et stabilité,YELLOW
SYC,2020,PHUM,DECLINING,DECLINE_SIGNAL,Capital humain,YELLOW
SYC,2020,PMIL,CRITICAL,DETERIORATION_ALERT,Résilience sécuritaire,YELLOW
SYC,2020,PMIN,STABLE,STABILITY_SIGNAL,Chaîne de valeur minière,YELLOW
SYC,2020,PMON,STABLE,STABILITY_SIGNAL,Résilience monétaire et financière,YELLOW
SYC,2020,PNUM,PROGRESSING,PROGRESSION_SIGNAL,Souveraineté numérique,YELLOW
SYC,2020,PRES,CRITICAL,DETERIORATION_ALERT,Certification énergie-eau,YELLOW
SYC,2020,PTRA,CRITICAL,DETERIORATION_ALERT,Transport et logistique,YELLOW
TCD,2020,PECO,DECLINING,DECLINE_SIGNAL,Diversification économique,YELLOW
TCD,2020,PENV,DECLINING,DETERIORATION_ALERT,Résilience environnementale,YELLOW
TCD,2020,PGEO,DECLINING,DETERIORATION_ALERT,Gouvernance géopolitique et stabilité,YELLOW
TCD,2020,PHUM,STABLE,STABILITY_SIGNAL,Capital humain,YELLOW
TCD,2020,PMIL,ACCELERATING,PROGRESSION_SIGNAL,Résilience sécuritaire,YELLOW
TCD,2020,PMIN,STABLE,STABILITY_SIGNAL,Chaîne de valeur minière,YELLOW
TCD,2020,PMON,CRITICAL,DETERIORATION_ALERT,Résilience monétaire et financière,YELLOW
TCD,2020,PNUM,PROGRESSING,PROGRESSION_SIGNAL,Souveraineté numérique,YELLOW
TCD,2020,PRES,DECLINING,DETERIORATION_ALERT,Certification énergie-eau,YELLOW
TCD,2020,PTRA,CRITICAL,DETERIORATION_ALERT,Transport et logistique,YELLOW
TGO,2020,PECO,DECLINING,DECLINE_SIGNAL,Diversification économique,YELLOW
TGO,2020,PENV,CRITICAL,DETERIORATION_ALERT,Résilience environnementale,YELLOW
TGO,2020,PGEO,DECLINING,DECLINE_SIGNAL,Gouvernance géopolitique et stabilité,YELLOW
TGO,2020,PHUM,STABLE,STABILITY_SIGNAL,Capital humain,YELLOW
TGO,2020,PMIL,STABLE,STABILITY_SIGNAL,Résilience sécuritaire,YELLOW
TGO,2020,PMIN,PROGRESSING,PROGRESSION_SIGNAL,Chaîne de valeur minière,YELLOW
TGO,2020,PMON,DECLINING,DETERIORATION_ALERT,Résilience monétaire et financière,YELLOW
TGO,2020,PNUM,PROGRESSING,PROGRESSION_SIGNAL,Souveraineté numérique,YELLOW
TGO,2020,PRES,CRITICAL,DETERIORATION_ALERT,Certification énergie-eau,YELLOW
TGO,2020,PTRA,DECLINING,DETERIORATION_ALERT,Transport et logistique,YELLOW
TUN,2020,PECO,CRITICAL,DETERIORATION_ALERT,Diversification économique,YELLOW
TUN,2020,PENV,CRITICAL,DETERIORATION_ALERT,Résilience environnementale,YELLOW
TUN,2020,PGEO,STABLE,STABILITY_SIGNAL,Gouvernance géopolitique et stabilité,YELLOW
TUN,2020,PHUM,CRITICAL,DECLINE_SIGNAL,Capital humain,YELLOW
TUN,2020,PMIL,ACCELERATING,PROGRESSION_SIGNAL,Résilience sécuritaire,YELLOW
TUN,2020,PMIN,DECLINING,DECLINE_SIGNAL,Chaîne de valeur minière,YELLOW
TUN,2020,PMON,STABLE,STABILITY_SIGNAL,Résilience monétaire et financière,YELLOW
TUN,2020,PNUM,PROGRESSING,PROGRESSION_SIGNAL,Souveraineté numérique,YELLOW
TUN,2020,PRES,CRITICAL,DETERIORATION_ALERT,Certification énergie-eau,YELLOW
TUN,2020,PTRA,CRITICAL,DETERIORATION_ALERT,Transport et logistique,YELLOW
TZA,2020,PECO,PROGRESSING,PROGRESSION_SIGNAL,Diversification économique,YELLOW
TZA,2020,PENV,CRITICAL,DETERIORATION_ALERT,Résilience environnementale,YELLOW
TZA,2020,PGEO,DECLINING,DECLINE_SIGNAL,Gouvernance géopolitique et stabilité,YELLOW
TZA,2020,PHUM,STABLE,STABILITY_SIGNAL,Capital humain,YELLOW
TZA,2020,PMIL,STABLE,STABILITY_SIGNAL,Résilience sécuritaire,YELLOW
TZA,2020,PMIN,PROGRESSING,PROGRESSION_SIGNAL,Chaîne de valeur minière,YELLOW
TZA,2020,PMON,ACCELERATING,ACCELERATION_SIGNAL,Résilience monétaire et financière,YELLOW
TZA,2020,PNUM,ACCELERATING,PROGRESSION_SIGNAL,Souveraineté numérique,YELLOW
TZA,2020,PRES,STABLE,STABILITY_SIGNAL,Certification énergie-eau,YELLOW
TZA,2020,PTRA,CRITICAL,DETERIORATION_ALERT,Transport et logistique,YELLOW
UGA,2020,PECO,ACCELERATING,ACCELERATION_SIGNAL,Diversification économique,YELLOW
UGA,2020,PENV,DECLINING,DECLINE_SIGNAL,Résilience environnementale,YELLOW
UGA,2020,PGEO,STABLE,STABILITY_SIGNAL,Gouvernance géopolitique et stabilité,YELLOW
UGA,2020,PHUM,STABLE,STABILITY_SIGNAL,Capital humain,YELLOW
UGA,2020,PMIL,ACCELERATING,PROGRESSION_SIGNAL,Résilience sécuritaire,YELLOW
UGA,2020,PMIN,PROGRESSING,PROGRESSION_SIGNAL,Chaîne de valeur minière,YELLOW
UGA,2020,PMON,STABLE,STABILITY_SIGNAL,Résilience monétaire et financière,YELLOW
UGA,2020,PNUM,STABLE,STABILITY_SIGNAL,Souveraineté numérique,YELLOW
UGA,2020,PRES,DECLINING,DECLINE_SIGNAL,Certification énergie-eau,YELLOW
UGA,2020,PTRA,CRITICAL,DETERIORATION_ALERT,Transport et logistique,YELLOW
ZAF,2020,PECO,DECLINING,DETERIORATION_ALERT,Diversification économique,YELLOW
ZAF,2020,PENV,CRITICAL,DETERIORATION_ALERT,Résilience environnementale,YELLOW
ZAF,2020,PGEO,DECLINING,DECLINE_SIGNAL,Gouvernance géopolitique et stabilité,YELLOW
ZAF,2020,PHUM,CRITICAL,DECLINE_SIGNAL,Capital humain,YELLOW
ZAF,2020,PMIL,PROGRESSING,PROGRESSION_SIGNAL,Résilience sécuritaire,YELLOW
ZAF,2020,PMIN,PROGRESSING,PROGRESSION_SIGNAL,Chaîne de valeur minière,YELLOW
ZAF,2020,PMON,STABLE,STABILITY_SIGNAL,Résilience monétaire et financière,YELLOW
ZAF,2020,PNUM,PROGRESSING,PROGRESSION_SIGNAL,Souveraineté numérique,YELLOW
ZAF,2020,PRES,CRITICAL,DETERIORATION_ALERT,Certification énergie-eau,YELLOW
ZAF,2020,PTRA,DECLINING,DETERIORATION_ALERT,Transport et logistique,YELLOW
ZMB,2020,PECO,STABLE,STABILITY_SIGNAL,Diversification économique,YELLOW
ZMB,2020,PENV,DECLINING,DECLINE_SIGNAL,Résilience environnementale,YELLOW
ZMB,2020,PGEO,DECLINING,DECLINE_SIGNAL,Gouvernance géopolitique et stabilité,YELLOW
ZMB,2020,PHUM,STABLE,STABILITY_SIGNAL,Capital humain,YELLOW
ZMB,2020,PMIL,CRITICAL,DETERIORATION_ALERT,Résilience sécuritaire,YELLOW
ZMB,2020,PMIN,STABLE,STABILITY_SIGNAL,Chaîne de valeur minière,YELLOW
ZMB,2020,PMON,STABLE,STABILITY_SIGNAL,Résilience monétaire et financière,YELLOW
ZMB,2020,PNUM,PROGRESSING,PROGRESSION_SIGNAL,Souveraineté numérique,YELLOW
ZMB,2020,PRES,PROGRESSING,PROGRESSION_SIGNAL,Certification énergie-eau,YELLOW
ZMB,2020,PTRA,DECLINING,DETERIORATION_ALERT,Transport et logistique,YELLOW
ZWE,2020,PECO,CRITICAL,DECLINE_SIGNAL,Diversification économique,YELLOW
ZWE,2020,PENV,CRITICAL,DETERIORATION_ALERT,Résilience environnementale,YELLOW
ZWE,2020,PGEO,STABLE,STABILITY_SIGNAL,Gouvernance géopolitique et stabilité,YELLOW
ZWE,2020,PHUM,DECLINING,DECLINE_SIGNAL,Capital humain,YELLOW
ZWE,2020,PMIL,ACCELERATING,PROGRESSION_SIGNAL,Résilience sécuritaire,YELLOW
ZWE,2020,PMIN,ACCELERATING,ACCELERATION_SIGNAL,Chaîne de valeur minière,YELLOW
ZWE,2020,PMON,DECLINING,DETERIORATION_ALERT,Résilience monétaire et financière,YELLOW
ZWE,2020,PNUM,STABLE,STABILITY_SIGNAL,Souveraineté numérique,YELLOW
ZWE,2020,PRES,PROGRESSING,PROGRESSION_SIGNAL,Certification énergie-eau,YELLOW
ZWE,2020,PTRA,CRITICAL,DETERIORATION_ALERT,Transport et logistique,YELLOW
